schema_version,simulator_version,scenario,seed,time_ns,component,event,flow_id,sequence,bytes,value
1,0.1.0,wr-digitalocean-like-west-origin-carousel-u70-j1-k8192-c2-s15,15,8970563230,carousel_sender,carousel_liveness_last_ack_progress,1,0,409,8970563230
1,0.1.0,wr-digitalocean-like-west-origin-carousel-u70-j1-k8192-c2-s15,15,8970563230,carousel_sender,carousel_liveness_last_ack_seen,1,0,409,8970563230
1,0.1.0,wr-digitalocean-like-west-origin-carousel-u70-j1-k8192-c2-s15,15,8970563230,wr_s0_source,block_ack_received,105001,0,36,409
1,0.1.0,wr-digitalocean-like-west-origin-carousel-u70-j1-k8192-c2-s15,15,8970563230,wr_s0_source,carousel_ack_join_progress,105001,0,409,409
1,0.1.0,wr-digitalocean-like-west-origin-carousel-u70-j1-k8192-c2-s15,15,8979259069,carousel_sender,carousel_liveness_last_ack_progress,2,1,482,2080017209
1,0.1.0,wr-digitalocean-like-west-origin-carousel-u70-j1-k8192-c2-s15,15,8979259069,carousel_sender,carousel_liveness_last_ack_seen,2,1,482,8979259069
1,0.1.0,wr-digitalocean-like-west-origin-carousel-u70-j1-k8192-c2-s15,15,8979259069,wr_s0_source,block_ack_received,105003,1,36,482
1,0.1.0,wr-digitalocean-like-west-origin-carousel-u70-j1-k8192-c2-s15,15,8979259069,wr_s0_source,carousel_ack_join_noop,105003,1,482,482
1,0.1.0,wr-digitalocean-like-west-origin-carousel-u70-j1-k8192-c2-s15,15,8983581479,carousel_sender,carousel_liveness_last_ack_progress,1,0,409,8970563230
1,0.1.0,wr-digitalocean-like-west-origin-carousel-u70-j1-k8192-c2-s15,15,8983581479,carousel_sender,carousel_liveness_last_ack_seen,1,0,409,8983581479
1,0.1.0,wr-digitalocean-like-west-origin-carousel-u70-j1-k8192-c2-s15,15,8983581479,wr_s0_source,block_ack_received,105001,0,36,409
1,0.1.0,wr-digitalocean-like-west-origin-carousel-u70-j1-k8192-c2-s15,15,8983581479,wr_s0_source,carousel_ack_join_noop,105001,0,409,409
1,0.1.0,wr-digitalocean-like-west-origin-carousel-u70-j1-k8192-c2-s15,15,8988826559,carousel_sender,carousel_liveness_last_ack_progress,1,0,409,8970563230
1,0.1.0,wr-digitalocean-like-west-origin-carousel-u70-j1-k8192-c2-s15,15,8988826559,carousel_sender,carousel_liveness_last_ack_seen,1,0,409,8988826559
1,0.1.0,wr-digitalocean-like-west-origin-carousel-u70-j1-k8192-c2-s15,15,8988826559,wr_s0_source,block_ack_received,105001,0,36,409
1,0.1.0,wr-digitalocean-like-west-origin-carousel-u70-j1-k8192-c2-s15,15,8988826559,wr_s0_source,carousel_ack_join_noop,105001,0,409,409
1,0.1.0,wr-digitalocean-like-west-origin-carousel-u70-j1-k8192-c2-s15,15,9085067520,carousel_sender,carousel_liveness_last_ack_progress,3,1,482,2785541257
1,0.1.0,wr-digitalocean-like-west-origin-carousel-u70-j1-k8192-c2-s15,15,9085067520,carousel_sender,carousel_liveness_last_ack_seen,3,1,482,9085067520
1,0.1.0,wr-digitalocean-like-west-origin-carousel-u70-j1-k8192-c2-s15,15,9085067520,wr_s0_source,block_ack_received,105005,2,36,482
1,0.1.0,wr-digitalocean-like-west-origin-carousel-u70-j1-k8192-c2-s15,15,9085067520,wr_s0_source,carousel_ack_join_noop,105005,2,482,482
1,0.1.0,wr-digitalocean-like-west-origin-carousel-u70-j1-k8192-c2-s15,15,9238900001,wr_s0_source,ack_probe_submitted,105000,0,32,28
1,0.1.0,wr-digitalocean-like-west-origin-carousel-u70-j1-k8192-c2-s15,15,9259700000,wr_s0_receiver1,block_ack_submitted,105001,0,36,409
1,0.1.0,wr-digitalocean-like-west-origin-carousel-u70-j1-k8192-c2-s15,15,9270468611,wr_s0_receiver1,ack_probe_runtime_dispatch,0,0,32,0
1,0.1.0,wr-digitalocean-like-west-origin-carousel-u70-j1-k8192-c2-s15,15,9270468611,wr_s0_receiver1,block_ack_submitted,105001,0,36,409
1,0.1.0,wr-digitalocean-like-west-origin-carousel-u70-j1-k8192-c2-s15,15,9279794867,carousel_sender,carousel_liveness_last_ack_progress,2,1,482,2080017209
1,0.1.0,wr-digitalocean-like-west-origin-carousel-u70-j1-k8192-c2-s15,15,9279794867,carousel_sender,carousel_liveness_last_ack_seen,2,1,482,9279794867
1,0.1.0,wr-digitalocean-like-west-origin-carousel-u70-j1-k8192-c2-s15,15,9279794867,wr_s0_source,block_ack_received,105003,1,36,482
1,0.1.0,wr-digitalocean-like-west-origin-carousel-u70-j1-k8192-c2-s15,15,9279794867,wr_s0_source,carousel_ack_join_noop,105003,1,482,482
1,0.1.0,wr-digitalocean-like-west-origin-carousel-u70-j1-k8192-c2-s15,15,9288887633,carousel_sender,carousel_liveness_last_ack_progress,1,0,409,8970563230
1,0.1.0,wr-digitalocean-like-west-origin-carousel-u70-j1-k8192-c2-s15,15,9288887633,carousel_sender,carousel_liveness_last_ack_seen,1,0,409,9288887633
1,0.1.0,wr-digitalocean-like-west-origin-carousel-u70-j1-k8192-c2-s15,15,9288887633,wr_s0_source,block_ack_received,105001,0,36,409
1,0.1.0,wr-digitalocean-like-west-origin-carousel-u70-j1-k8192-c2-s15,15,9288887633,wr_s0_source,carousel_ack_join_noop,105001,0,409,409
1,0.1.0,wr-digitalocean-like-west-origin-carousel-u70-j1-k8192-c2-s15,15,9299394315,carousel_sender,carousel_liveness_last_ack_progress,1,0,409,8970563230
1,0.1.0,wr-digitalocean-like-west-origin-carousel-u70-j1-k8192-c2-s15,15,9299394315,carousel_sender,carousel_liveness_last_ack_seen,1,0,409,9299394315
1,0.1.0,wr-digitalocean-like-west-origin-carousel-u70-j1-k8192-c2-s15,15,9299394315,wr_s0_source,block_ack_received,105001,0,36,409
1,0.1.0,wr-digitalocean-like-west-origin-carousel-u70-j1-k8192-c2-s15,15,9299394315,wr_s0_source,carousel_ack_join_noop,105001,0,409,409
1,0.1.0,wr-digitalocean-like-west-origin-carousel-u70-j1-k8192-c2-s15,15,9383665490,carousel_sender,carousel_liveness_last_ack_progress,3,1,482,2785541257
1,0.1.0,wr-digitalocean-like-west-origin-carousel-u70-j1-k8192-c2-s15,15,9383665490,carousel_sender,carousel_liveness_last_ack_seen,3,1,482,9383665490
1,0.1.0,wr-digitalocean-like-west-origin-carousel-u70-j1-k8192-c2-s15,15,9383665490,wr_s0_source,block_ack_received,105005,2,36,482
1,0.1.0,wr-digitalocean-like-west-origin-carousel-u70-j1-k8192-c2-s15,15,9383665490,wr_s0_source,carousel_ack_join_noop,105005,2,482,482
1,0.1.0,wr-digitalocean-like-west-origin-carousel-u70-j1-k8192-c2-s15,15,9549400001,wr_s0_source,ack_probe_submitted,105000,0,32,28
1,0.1.0,wr-digitalocean-like-west-origin-carousel-u70-j1-k8192-c2-s15,15,9559700000,wr_s0_receiver1,block_ack_submitted,105001,0,36,409
1,0.1.0,wr-digitalocean-like-west-origin-carousel-u70-j1-k8192-c2-s15,15,9579413907,carousel_sender,carousel_liveness_last_ack_progress,2,1,482,2080017209
1,0.1.0,wr-digitalocean-like-west-origin-carousel-u70-j1-k8192-c2-s15,15,9579413907,carousel_sender,carousel_liveness_last_ack_seen,2,1,482,9579413907
1,0.1.0,wr-digitalocean-like-west-origin-carousel-u70-j1-k8192-c2-s15,15,9579413907,wr_s0_source,block_ack_received,105003,1,36,482
1,0.1.0,wr-digitalocean-like-west-origin-carousel-u70-j1-k8192-c2-s15,15,9579413907,wr_s0_source,carousel_ack_join_noop,105003,1,482,482
1,0.1.0,wr-digitalocean-like-west-origin-carousel-u70-j1-k8192-c2-s15,15,9579458050,wr_s0_receiver1,ack_probe_runtime_dispatch,0,0,32,0
1,0.1.0,wr-digitalocean-like-west-origin-carousel-u70-j1-k8192-c2-s15,15,9579458050,wr_s0_receiver1,block_ack_submitted,105001,0,36,409
1,0.1.0,wr-digitalocean-like-west-origin-carousel-u70-j1-k8192-c2-s15,15,9587745817,carousel_sender,carousel_liveness_last_ack_progress,1,0,409,8970563230
1,0.1.0,wr-digitalocean-like-west-origin-carousel-u70-j1-k8192-c2-s15,15,9587745817,carousel_sender,carousel_liveness_last_ack_seen,1,0,409,9587745817
1,0.1.0,wr-digitalocean-like-west-origin-carousel-u70-j1-k8192-c2-s15,15,9587745817,wr_s0_source,block_ack_received,105001,0,36,409
1,0.1.0,wr-digitalocean-like-west-origin-carousel-u70-j1-k8192-c2-s15,15,9587745817,wr_s0_source,carousel_ack_join_noop,105001,0,409,409
1,0.1.0,wr-digitalocean-like-west-origin-carousel-u70-j1-k8192-c2-s15,15,9607493636,carousel_sender,carousel_liveness_last_ack_progress,1,0,409,8970563230
1,0.1.0,wr-digitalocean-like-west-origin-carousel-u70-j1-k8192-c2-s15,15,9607493636,carousel_sender,carousel_liveness_last_ack_seen,1,0,409,9607493636
1,0.1.0,wr-digitalocean-like-west-origin-carousel-u70-j1-k8192-c2-s15,15,9607493636,wr_s0_source,block_ack_received,105001,0,36,409
1,0.1.0,wr-digitalocean-like-west-origin-carousel-u70-j1-k8192-c2-s15,15,9607493636,wr_s0_source,carousel_ack_join_noop,105001,0,409,409
1,0.1.0,wr-digitalocean-like-west-origin-carousel-u70-j1-k8192-c2-s15,15,9686386603,carousel_sender,carousel_liveness_last_ack_progress,3,1,482,2785541257
1,0.1.0,wr-digitalocean-like-west-origin-carousel-u70-j1-k8192-c2-s15,15,9686386603,carousel_sender,carousel_liveness_last_ack_seen,3,1,482,9686386603
1,0.1.0,wr-digitalocean-like-west-origin-carousel-u70-j1-k8192-c2-s15,15,9686386603,wr_s0_source,block_ack_received,105005,2,36,482
1,0.1.0,wr-digitalocean-like-west-origin-carousel-u70-j1-k8192-c2-s15,15,9686386603,wr_s0_source,carousel_ack_join_noop,105005,2,482,482
1,0.1.0,wr-digitalocean-like-west-origin-carousel-u70-j1-k8192-c2-s15,15,9857500001,wr_s0_source,ack_probe_submitted,105000,0,32,28
1,0.1.0,wr-digitalocean-like-west-origin-carousel-u70-j1-k8192-c2-s15,15,9859700000,wr_s0_receiver1,block_ack_submitted,105001,0,36,409
1,0.1.0,wr-digitalocean-like-west-origin-carousel-u70-j1-k8192-c2-s15,15,9881525414,carousel_sender,carousel_liveness_last_ack_progress,2,1,482,2080017209
1,0.1.0,wr-digitalocean-like-west-origin-carousel-u70-j1-k8192-c2-s15,15,9881525414,carousel_sender,carousel_liveness_last_ack_seen,2,1,482,9881525414
1,0.1.0,wr-digitalocean-like-west-origin-carousel-u70-j1-k8192-c2-s15,15,9881525414,wr_s0_source,block_ack_received,105003,1,36,482
1,0.1.0,wr-digitalocean-like-west-origin-carousel-u70-j1-k8192-c2-s15,15,9881525414,wr_s0_source,carousel_ack_join_noop,105003,1,482,482
1,0.1.0,wr-digitalocean-like-west-origin-carousel-u70-j1-k8192-c2-s15,15,9887644630,wr_s0_receiver1,ack_probe_runtime_dispatch,0,0,32,0
1,0.1.0,wr-digitalocean-like-west-origin-carousel-u70-j1-k8192-c2-s15,15,9887644630,wr_s0_receiver1,block_ack_submitted,105001,0,36,409
1,0.1.0,wr-digitalocean-like-west-origin-carousel-u70-j1-k8192-c2-s15,15,9888899789,carousel_sender,carousel_liveness_last_ack_progress,1,0,409,8970563230
1,0.1.0,wr-digitalocean-like-west-origin-carousel-u70-j1-k8192-c2-s15,15,9888899789,carousel_sender,carousel_liveness_last_ack_seen,1,0,409,9888899789
1,0.1.0,wr-digitalocean-like-west-origin-carousel-u70-j1-k8192-c2-s15,15,9888899789,wr_s0_source,block_ack_received,105001,0,36,409
1,0.1.0,wr-digitalocean-like-west-origin-carousel-u70-j1-k8192-c2-s15,15,9888899789,wr_s0_source,carousel_ack_join_noop,105001,0,409,409
1,0.1.0,wr-digitalocean-like-west-origin-carousel-u70-j1-k8192-c2-s15,15,9919312191,carousel_sender,carousel_liveness_last_ack_progress,1,0,409,8970563230
1,0.1.0,wr-digitalocean-like-west-origin-carousel-u70-j1-k8192-c2-s15,15,9919312191,carousel_sender,carousel_liveness_last_ack_seen,1,0,409,9919312191
1,0.1.0,wr-digitalocean-like-west-origin-carousel-u70-j1-k8192-c2-s15,15,9919312191,wr_s0_source,block_ack_received,105001,0,36,409
1,0.1.0,wr-digitalocean-like-west-origin-carousel-u70-j1-k8192-c2-s15,15,9919312191,wr_s0_source,carousel_ack_join_noop,105001,0,409,409
1,0.1.0,wr-digitalocean-like-west-origin-carousel-u70-j1-k8192-c2-s15,15,9986707011,carousel_sender,carousel_liveness_last_ack_progress,3,1,482,2785541257
1,0.1.0,wr-digitalocean-like-west-origin-carousel-u70-j1-k8192-c2-s15,15,9986707011,carousel_sender,carousel_liveness_last_ack_seen,3,1,482,9986707011
1,0.1.0,wr-digitalocean-like-west-origin-carousel-u70-j1-k8192-c2-s15,15,9986707011,wr_s0_source,block_ack_received,105005,2,36,482
1,0.1.0,wr-digitalocean-like-west-origin-carousel-u70-j1-k8192-c2-s15,15,9986707011,wr_s0_source,carousel_ack_join_noop,105005,2,482,482
1,0.1.0,wr-digitalocean-like-west-origin-carousel-u70-j1-k8192-c2-s15,15,10159700000,wr_s0_receiver1,block_ack_submitted,105001,0,36,409
1,0.1.0,wr-digitalocean-like-west-origin-carousel-u70-j1-k8192-c2-s15,15,10169400001,wr_s0_source,ack_probe_submitted,105000,0,32,28
1,0.1.0,wr-digitalocean-like-west-origin-carousel-u70-j1-k8192-c2-s15,15,10182148164,carousel_sender,carousel_liveness_last_ack_progress,2,1,482,2080017209
1,0.1.0,wr-digitalocean-like-west-origin-carousel-u70-j1-k8192-c2-s15,15,10182148164,carousel_sender,carousel_liveness_last_ack_seen,2,1,482,10182148164
1,0.1.0,wr-digitalocean-like-west-origin-carousel-u70-j1-k8192-c2-s15,15,10182148164,wr_s0_source,block_ack_received,105003,1,36,482
1,0.1.0,wr-digitalocean-like-west-origin-carousel-u70-j1-k8192-c2-s15,15,10182148164,wr_s0_source,carousel_ack_join_noop,105003,1,482,482
1,0.1.0,wr-digitalocean-like-west-origin-carousel-u70-j1-k8192-c2-s15,15,10189269264,carousel_sender,carousel_liveness_last_ack_progress,1,0,409,8970563230
1,0.1.0,wr-digitalocean-like-west-origin-carousel-u70-j1-k8192-c2-s15,15,10189269264,carousel_sender,carousel_liveness_last_ack_seen,1,0,409,10189269264
1,0.1.0,wr-digitalocean-like-west-origin-carousel-u70-j1-k8192-c2-s15,15,10189269264,wr_s0_source,block_ack_received,105001,0,36,409
1,0.1.0,wr-digitalocean-like-west-origin-carousel-u70-j1-k8192-c2-s15,15,10189269264,wr_s0_source,carousel_ack_join_noop,105001,0,409,409
1,0.1.0,wr-digitalocean-like-west-origin-carousel-u70-j1-k8192-c2-s15,15,10201899943,wr_s0_receiver1,ack_probe_runtime_dispatch,0,0,32,0
1,0.1.0,wr-digitalocean-like-west-origin-carousel-u70-j1-k8192-c2-s15,15,10201899943,wr_s0_receiver1,block_ack_submitted,105001,0,36,409
1,0.1.0,wr-digitalocean-like-west-origin-carousel-u70-j1-k8192-c2-s15,15,10233962444,carousel_sender,carousel_liveness_last_ack_progress,1,0,409,8970563230
1,0.1.0,wr-digitalocean-like-west-origin-carousel-u70-j1-k8192-c2-s15,15,10233962444,carousel_sender,carousel_liveness_last_ack_seen,1,0,409,10233962444
1,0.1.0,wr-digitalocean-like-west-origin-carousel-u70-j1-k8192-c2-s15,15,10233962444,wr_s0_source,block_ack_received,105001,0,36,409
1,0.1.0,wr-digitalocean-like-west-origin-carousel-u70-j1-k8192-c2-s15,15,10233962444,wr_s0_source,carousel_ack_join_noop,105001,0,409,409
1,0.1.0,wr-digitalocean-like-west-origin-carousel-u70-j1-k8192-c2-s15,15,10287297514,carousel_sender,carousel_liveness_last_ack_progress,3,1,482,2785541257
1,0.1.0,wr-digitalocean-like-west-origin-carousel-u70-j1-k8192-c2-s15,15,10287297514,carousel_sender,carousel_liveness_last_ack_seen,3,1,482,10287297514
1,0.1.0,wr-digitalocean-like-west-origin-carousel-u70-j1-k8192-c2-s15,15,10287297514,wr_s0_source,block_ack_received,105005,2,36,482
1,0.1.0,wr-digitalocean-like-west-origin-carousel-u70-j1-k8192-c2-s15,15,10287297514,wr_s0_source,carousel_ack_join_noop,105005,2,482,482
1,0.1.0,wr-digitalocean-like-west-origin-carousel-u70-j1-k8192-c2-s15,15,10459700000,wr_s0_receiver1,block_ack_submitted,105001,0,36,409
1,0.1.0,wr-digitalocean-like-west-origin-carousel-u70-j1-k8192-c2-s15,15,10480091166,carousel_sender,carousel_liveness_last_ack_progress,2,1,482,2080017209
1,0.1.0,wr-digitalocean-like-west-origin-carousel-u70-j1-k8192-c2-s15,15,10480091166,carousel_sender,carousel_liveness_last_ack_seen,2,1,482,10480091166
1,0.1.0,wr-digitalocean-like-west-origin-carousel-u70-j1-k8192-c2-s15,15,10480091166,wr_s0_source,block_ack_received,105003,1,36,482
1,0.1.0,wr-digitalocean-like-west-origin-carousel-u70-j1-k8192-c2-s15,15,10480091166,wr_s0_source,carousel_ack_join_noop,105003,1,482,482
1,0.1.0,wr-digitalocean-like-west-origin-carousel-u70-j1-k8192-c2-s15,15,10484000001,wr_s0_source,ack_probe_submitted,105000,0,32,28
1,0.1.0,wr-digitalocean-like-west-origin-carousel-u70-j1-k8192-c2-s15,15,10489047218,carousel_sender,carousel_liveness_last_ack_progress,1,0,409,8970563230
1,0.1.0,wr-digitalocean-like-west-origin-carousel-u70-j1-k8192-c2-s15,15,10489047218,carousel_sender,carousel_liveness_last_ack_seen,1,0,409,10489047218
1,0.1.0,wr-digitalocean-like-west-origin-carousel-u70-j1-k8192-c2-s15,15,10489047218,wr_s0_source,block_ack_received,105001,0,36,409
1,0.1.0,wr-digitalocean-like-west-origin-carousel-u70-j1-k8192-c2-s15,15,10489047218,wr_s0_source,carousel_ack_join_noop,105001,0,409,409
1,0.1.0,wr-digitalocean-like-west-origin-carousel-u70-j1-k8192-c2-s15,15,10517124285,wr_s0_receiver1,ack_probe_runtime_dispatch,0,0,32,0
1,0.1.0,wr-digitalocean-like-west-origin-carousel-u70-j1-k8192-c2-s15,15,10517124285,wr_s0_receiver1,block_ack_submitted,105001,0,36,409
1,0.1.0,wr-digitalocean-like-west-origin-carousel-u70-j1-k8192-c2-s15,15,10546310239,carousel_sender,carousel_liveness_last_ack_progress,1,0,409,8970563230
1,0.1.0,wr-digitalocean-like-west-origin-carousel-u70-j1-k8192-c2-s15,15,10546310239,carousel_sender,carousel_liveness_last_ack_seen,1,0,409,10546310239
1,0.1.0,wr-digitalocean-like-west-origin-carousel-u70-j1-k8192-c2-s15,15,10546310239,wr_s0_source,block_ack_received,105001,0,36,409
1,0.1.0,wr-digitalocean-like-west-origin-carousel-u70-j1-k8192-c2-s15,15,10546310239,wr_s0_source,carousel_ack_join_noop,105001,0,409,409
1,0.1.0,wr-digitalocean-like-west-origin-carousel-u70-j1-k8192-c2-s15,15,10587752218,carousel_sender,carousel_liveness_last_ack_progress,3,1,482,2785541257
1,0.1.0,wr-digitalocean-like-west-origin-carousel-u70-j1-k8192-c2-s15,15,10587752218,carousel_sender,carousel_liveness_last_ack_seen,3,1,482,10587752218
1,0.1.0,wr-digitalocean-like-west-origin-carousel-u70-j1-k8192-c2-s15,15,10587752218,wr_s0_source,block_ack_received,105005,2,36,482
1,0.1.0,wr-digitalocean-like-west-origin-carousel-u70-j1-k8192-c2-s15,15,10587752218,wr_s0_source,carousel_ack_join_noop,105005,2,482,482
1,0.1.0,wr-digitalocean-like-west-origin-carousel-u70-j1-k8192-c2-s15,15,10759700000,wr_s0_receiver1,block_ack_submitted,105001,0,36,409
1,0.1.0,wr-digitalocean-like-west-origin-carousel-u70-j1-k8192-c2-s15,15,10779035448,carousel_sender,carousel_liveness_last_ack_progress,2,1,482,2080017209
1,0.1.0,wr-digitalocean-like-west-origin-carousel-u70-j1-k8192-c2-s15,15,10779035448,carousel_sender,carousel_liveness_last_ack_seen,2,1,482,10779035448
1,0.1.0,wr-digitalocean-like-west-origin-carousel-u70-j1-k8192-c2-s15,15,10779035448,wr_s0_source,block_ack_received,105003,1,36,482
1,0.1.0,wr-digitalocean-like-west-origin-carousel-u70-j1-k8192-c2-s15,15,10779035448,wr_s0_source,carousel_ack_join_noop,105003,1,482,482
1,0.1.0,wr-digitalocean-like-west-origin-carousel-u70-j1-k8192-c2-s15,15,10789176275,carousel_sender,carousel_liveness_last_ack_progress,1,0,409,8970563230
1,0.1.0,wr-digitalocean-like-west-origin-carousel-u70-j1-k8192-c2-s15,15,10789176275,carousel_sender,carousel_liveness_last_ack_seen,1,0,409,10789176275
1,0.1.0,wr-digitalocean-like-west-origin-carousel-u70-j1-k8192-c2-s15,15,10789176275,wr_s0_source,block_ack_received,105001,0,36,409
1,0.1.0,wr-digitalocean-like-west-origin-carousel-u70-j1-k8192-c2-s15,15,10789176275,wr_s0_source,carousel_ack_join_noop,105001,0,409,409
1,0.1.0,wr-digitalocean-like-west-origin-carousel-u70-j1-k8192-c2-s15,15,10883160306,carousel_sender,carousel_liveness_last_ack_progress,3,1,482,2785541257
1,0.1.0,wr-digitalocean-like-west-origin-carousel-u70-j1-k8192-c2-s15,15,10883160306,carousel_sender,carousel_liveness_last_ack_seen,3,1,482,10883160306
1,0.1.0,wr-digitalocean-like-west-origin-carousel-u70-j1-k8192-c2-s15,15,10883160306,wr_s0_source,block_ack_received,105005,2,36,482
1,0.1.0,wr-digitalocean-like-west-origin-carousel-u70-j1-k8192-c2-s15,15,10883160306,wr_s0_source,carousel_ack_join_noop,105005,2,482,482
1,0.1.0,wr-digitalocean-like-west-origin-carousel-u70-j1-k8192-c2-s15,15,11039200001,wr_s0_source,ack_probe_submitted,105000,0,32,28
1,0.1.0,wr-digitalocean-like-west-origin-carousel-u70-j1-k8192-c2-s15,15,11059700000,wr_s0_receiver1,block_ack_submitted,105001,0,36,409
1,0.1.0,wr-digitalocean-like-west-origin-carousel-u70-j1-k8192-c2-s15,15,11069348497,wr_s0_receiver1,ack_probe_runtime_dispatch,0,0,32,0
1,0.1.0,wr-digitalocean-like-west-origin-carousel-u70-j1-k8192-c2-s15,15,11069348497,wr_s0_receiver1,block_ack_submitted,105001,0,36,409
1,0.1.0,wr-digitalocean-like-west-origin-carousel-u70-j1-k8192-c2-s15,15,11079251602,carousel_sender,carousel_liveness_last_ack_progress,2,1,482,2080017209
1,0.1.0,wr-digitalocean-like-west-origin-carousel-u70-j1-k8192-c2-s15,15,11079251602,carousel_sender,carousel_liveness_last_ack_seen,2,1,482,11079251602
1,0.1.0,wr-digitalocean-like-west-origin-carousel-u70-j1-k8192-c2-s15,15,11079251602,wr_s0_source,block_ack_received,105003,1,36,482
1,0.1.0,wr-digitalocean-like-west-origin-carousel-u70-j1-k8192-c2-s15,15,11079251602,wr_s0_source,carousel_ack_join_noop,105003,1,482,482
1,0.1.0,wr-digitalocean-like-west-origin-carousel-u70-j1-k8192-c2-s15,15,11087073944,carousel_sender,carousel_liveness_last_ack_progress,1,0,409,8970563230
1,0.1.0,wr-digitalocean-like-west-origin-carousel-u70-j1-k8192-c2-s15,15,11087073944,carousel_sender,carousel_liveness_last_ack_seen,1,0,409,11087073944
1,0.1.0,wr-digitalocean-like-west-origin-carousel-u70-j1-k8192-c2-s15,15,11087073944,wr_s0_source,block_ack_received,105001,0,36,409
1,0.1.0,wr-digitalocean-like-west-origin-carousel-u70-j1-k8192-c2-s15,15,11087073944,wr_s0_source,carousel_ack_join_noop,105001,0,409,409
1,0.1.0,wr-digitalocean-like-west-origin-carousel-u70-j1-k8192-c2-s15,15,11096722441,carousel_sender,carousel_liveness_last_ack_progress,1,0,409,8970563230
1,0.1.0,wr-digitalocean-like-west-origin-carousel-u70-j1-k8192-c2-s15,15,11096722441,carousel_sender,carousel_liveness_last_ack_seen,1,0,409,11096722441
1,0.1.0,wr-digitalocean-like-west-origin-carousel-u70-j1-k8192-c2-s15,15,11096722441,wr_s0_source,block_ack_received,105001,0,36,409
1,0.1.0,wr-digitalocean-like-west-origin-carousel-u70-j1-k8192-c2-s15,15,11096722441,wr_s0_source,carousel_ack_join_noop,105001,0,409,409
1,0.1.0,wr-digitalocean-like-west-origin-carousel-u70-j1-k8192-c2-s15,15,11185660069,carousel_sender,carousel_liveness_last_ack_progress,3,1,482,2785541257
1,0.1.0,wr-digitalocean-like-west-origin-carousel-u70-j1-k8192-c2-s15,15,11185660069,carousel_sender,carousel_liveness_last_ack_seen,3,1,482,11185660069
1,0.1.0,wr-digitalocean-like-west-origin-carousel-u70-j1-k8192-c2-s15,15,11185660069,wr_s0_source,block_ack_received,105005,2,36,482
1,0.1.0,wr-digitalocean-like-west-origin-carousel-u70-j1-k8192-c2-s15,15,11185660069,wr_s0_source,carousel_ack_join_noop,105005,2,482,482
1,0.1.0,wr-digitalocean-like-west-origin-carousel-u70-j1-k8192-c2-s15,15,11346800001,wr_s0_source,ack_probe_submitted,105000,0,32,28
1,0.1.0,wr-digitalocean-like-west-origin-carousel-u70-j1-k8192-c2-s15,15,11359700000,wr_s0_receiver1,block_ack_submitted,105001,0,36,409
1,0.1.0,wr-digitalocean-like-west-origin-carousel-u70-j1-k8192-c2-s15,15,11378078135,wr_s0_receiver1,ack_probe_runtime_dispatch,0,0,32,0
1,0.1.0,wr-digitalocean-like-west-origin-carousel-u70-j1-k8192-c2-s15,15,11378078135,wr_s0_receiver1,block_ack_submitted,105001,0,36,409
1,0.1.0,wr-digitalocean-like-west-origin-carousel-u70-j1-k8192-c2-s15,15,11380955534,carousel_sender,carousel_liveness_last_ack_progress,2,1,482,2080017209
1,0.1.0,wr-digitalocean-like-west-origin-carousel-u70-j1-k8192-c2-s15,15,11380955534,carousel_sender,carousel_liveness_last_ack_seen,2,1,482,11380955534
1,0.1.0,wr-digitalocean-like-west-origin-carousel-u70-j1-k8192-c2-s15,15,11380955534,wr_s0_source,block_ack_received,105003,1,36,482
1,0.1.0,wr-digitalocean-like-west-origin-carousel-u70-j1-k8192-c2-s15,15,11380955534,wr_s0_source,carousel_ack_join_noop,105003,1,482,482
1,0.1.0,wr-digitalocean-like-west-origin-carousel-u70-j1-k8192-c2-s15,15,11388349224,carousel_sender,carousel_liveness_last_ack_progress,1,0,409,8970563230
1,0.1.0,wr-digitalocean-like-west-origin-carousel-u70-j1-k8192-c2-s15,15,11388349224,carousel_sender,carousel_liveness_last_ack_seen,1,0,409,11388349224
1,0.1.0,wr-digitalocean-like-west-origin-carousel-u70-j1-k8192-c2-s15,15,11388349224,wr_s0_source,block_ack_received,105001,0,36,409
1,0.1.0,wr-digitalocean-like-west-origin-carousel-u70-j1-k8192-c2-s15,15,11388349224,wr_s0_source,carousel_ack_join_noop,105001,0,409,409
1,0.1.0,wr-digitalocean-like-west-origin-carousel-u70-j1-k8192-c2-s15,15,11412698373,carousel_sender,carousel_liveness_last_ack_progress,1,0,409,8970563230
1,0.1.0,wr-digitalocean-like-west-origin-carousel-u70-j1-k8192-c2-s15,15,11412698373,carousel_sender,carousel_liveness_last_ack_seen,1,0,409,11412698373
1,0.1.0,wr-digitalocean-like-west-origin-carousel-u70-j1-k8192-c2-s15,15,11412698373,wr_s0_source,block_ack_received,105001,0,36,409
1,0.1.0,wr-digitalocean-like-west-origin-carousel-u70-j1-k8192-c2-s15,15,11412698373,wr_s0_source,carousel_ack_join_noop,105001,0,409,409
1,0.1.0,wr-digitalocean-like-west-origin-carousel-u70-j1-k8192-c2-s15,15,11487226004,carousel_sender,carousel_liveness_last_ack_progress,3,1,482,2785541257
1,0.1.0,wr-digitalocean-like-west-origin-carousel-u70-j1-k8192-c2-s15,15,11487226004,carousel_sender,carousel_liveness_last_ack_seen,3,1,482,11487226004
1,0.1.0,wr-digitalocean-like-west-origin-carousel-u70-j1-k8192-c2-s15,15,11487226004,wr_s0_source,block_ack_received,105005,2,36,482
1,0.1.0,wr-digitalocean-like-west-origin-carousel-u70-j1-k8192-c2-s15,15,11487226004,wr_s0_source,carousel_ack_join_noop,105005,2,482,482
1,0.1.0,wr-digitalocean-like-west-origin-carousel-u70-j1-k8192-c2-s15,15,11659700000,wr_s0_receiver1,block_ack_submitted,105001,0,36,409
1,0.1.0,wr-digitalocean-like-west-origin-carousel-u70-j1-k8192-c2-s15,15,11662700001,wr_s0_source,ack_probe_submitted,105000,0,32,28
1,0.1.0,wr-digitalocean-like-west-origin-carousel-u70-j1-k8192-c2-s15,15,11682172736,carousel_sender,carousel_liveness_last_ack_progress,2,1,482,2080017209
1,0.1.0,wr-digitalocean-like-west-origin-carousel-u70-j1-k8192-c2-s15,15,11682172736,carousel_sender,carousel_liveness_last_ack_seen,2,1,482,11682172736
1,0.1.0,wr-digitalocean-like-west-origin-carousel-u70-j1-k8192-c2-s15,15,11682172736,wr_s0_source,block_ack_received,105003,1,36,482
1,0.1.0,wr-digitalocean-like-west-origin-carousel-u70-j1-k8192-c2-s15,15,11682172736,wr_s0_source,carousel_ack_join_noop,105003,1,482,482
1,0.1.0,wr-digitalocean-like-west-origin-carousel-u70-j1-k8192-c2-s15,15,11688055228,carousel_sender,carousel_liveness_last_ack_progress,1,0,409,8970563230
1,0.1.0,wr-digitalocean-like-west-origin-carousel-u70-j1-k8192-c2-s15,15,11688055228,carousel_sender,carousel_liveness_last_ack_seen,1,0,409,11688055228
1,0.1.0,wr-digitalocean-like-west-origin-carousel-u70-j1-k8192-c2-s15,15,11688055228,wr_s0_source,block_ack_received,105001,0,36,409
1,0.1.0,wr-digitalocean-like-west-origin-carousel-u70-j1-k8192-c2-s15,15,11688055228,wr_s0_source,carousel_ack_join_noop,105001,0,409,409
1,0.1.0,wr-digitalocean-like-west-origin-carousel-u70-j1-k8192-c2-s15,15,11699963537,wr_s0_receiver1,ack_probe_runtime_dispatch,0,0,32,0
1,0.1.0,wr-digitalocean-like-west-origin-carousel-u70-j1-k8192-c2-s15,15,11699963537,wr_s0_receiver1,block_ack_submitted,105001,0,36,409
1,0.1.0,wr-digitalocean-like-west-origin-carousel-u70-j1-k8192-c2-s15,15,11728005961,carousel_sender,carousel_liveness_last_ack_progress,1,0,409,8970563230
1,0.1.0,wr-digitalocean-like-west-origin-carousel-u70-j1-k8192-c2-s15,15,11728005961,carousel_sender,carousel_liveness_last_ack_seen,1,0,409,11728005961
1,0.1.0,wr-digitalocean-like-west-origin-carousel-u70-j1-k8192-c2-s15,15,11728005961,wr_s0_source,block_ack_received,105001,0,36,409
1,0.1.0,wr-digitalocean-like-west-origin-carousel-u70-j1-k8192-c2-s15,15,11728005961,wr_s0_source,carousel_ack_join_noop,105001,0,409,409
1,0.1.0,wr-digitalocean-like-west-origin-carousel-u70-j1-k8192-c2-s15,15,11784577298,carousel_sender,carousel_liveness_last_ack_progress,3,1,482,2785541257
1,0.1.0,wr-digitalocean-like-west-origin-carousel-u70-j1-k8192-c2-s15,15,11784577298,carousel_sender,carousel_liveness_last_ack_seen,3,1,482,11784577298
1,0.1.0,wr-digitalocean-like-west-origin-carousel-u70-j1-k8192-c2-s15,15,11784577298,wr_s0_source,block_ack_received,105005,2,36,482
1,0.1.0,wr-digitalocean-like-west-origin-carousel-u70-j1-k8192-c2-s15,15,11784577298,wr_s0_source,carousel_ack_join_noop,105005,2,482,482
1,0.1.0,wr-digitalocean-like-west-origin-carousel-u70-j1-k8192-c2-s15,15,11959700000,wr_s0_receiver1,block_ack_submitted,105001,0,36,409
1,0.1.0,wr-digitalocean-like-west-origin-carousel-u70-j1-k8192-c2-s15,15,11978100001,wr_s0_source,ack_probe_submitted,105000,0,32,28
1,0.1.0,wr-digitalocean-like-west-origin-carousel-u70-j1-k8192-c2-s15,15,11979684546,carousel_sender,carousel_liveness_last_ack_progress,2,1,482,2080017209
1,0.1.0,wr-digitalocean-like-west-origin-carousel-u70-j1-k8192-c2-s15,15,11979684546,carousel_sender,carousel_liveness_last_ack_seen,2,1,482,11979684546
1,0.1.0,wr-digitalocean-like-west-origin-carousel-u70-j1-k8192-c2-s15,15,11979684546,wr_s0_source,block_ack_received,105003,1,36,482
1,0.1.0,wr-digitalocean-like-west-origin-carousel-u70-j1-k8192-c2-s15,15,11979684546,wr_s0_source,carousel_ack_join_noop,105003,1,482,482
1,0.1.0,wr-digitalocean-like-west-origin-carousel-u70-j1-k8192-c2-s15,15,11987751289,carousel_sender,carousel_liveness_last_ack_progress,1,0,409,8970563230
1,0.1.0,wr-digitalocean-like-west-origin-carousel-u70-j1-k8192-c2-s15,15,11987751289,carousel_sender,carousel_liveness_last_ack_seen,1,0,409,11987751289
1,0.1.0,wr-digitalocean-like-west-origin-carousel-u70-j1-k8192-c2-s15,15,11987751289,wr_s0_source,block_ack_received,105001,0,36,409
1,0.1.0,wr-digitalocean-like-west-origin-carousel-u70-j1-k8192-c2-s15,15,11987751289,wr_s0_source,carousel_ack_join_noop,105001,0,409,409
1,0.1.0,wr-digitalocean-like-west-origin-carousel-u70-j1-k8192-c2-s15,15,12008395790,wr_s0_receiver1,ack_probe_runtime_dispatch,0,0,32,0
1,0.1.0,wr-digitalocean-like-west-origin-carousel-u70-j1-k8192-c2-s15,15,12008395790,wr_s0_receiver1,block_ack_submitted,105001,0,36,409
1,0.1.0,wr-digitalocean-like-west-origin-carousel-u70-j1-k8192-c2-s15,15,12039166672,carousel_sender,carousel_liveness_last_ack_progress,1,0,409,8970563230
1,0.1.0,wr-digitalocean-like-west-origin-carousel-u70-j1-k8192-c2-s15,15,12039166672,carousel_sender,carousel_liveness_last_ack_seen,1,0,409,12039166672
1,0.1.0,wr-digitalocean-like-west-origin-carousel-u70-j1-k8192-c2-s15,15,12039166672,wr_s0_source,block_ack_received,105001,0,36,409
1,0.1.0,wr-digitalocean-like-west-origin-carousel-u70-j1-k8192-c2-s15,15,12039166672,wr_s0_source,carousel_ack_join_noop,105001,0,409,409
1,0.1.0,wr-digitalocean-like-west-origin-carousel-u70-j1-k8192-c2-s15,15,12085878174,carousel_sender,carousel_liveness_last_ack_progress,3,1,482,2785541257
1,0.1.0,wr-digitalocean-like-west-origin-carousel-u70-j1-k8192-c2-s15,15,12085878174,carousel_sender,carousel_liveness_last_ack_seen,3,1,482,12085878174
1,0.1.0,wr-digitalocean-like-west-origin-carousel-u70-j1-k8192-c2-s15,15,12085878174,wr_s0_source,block_ack_received,105005,2,36,482
1,0.1.0,wr-digitalocean-like-west-origin-carousel-u70-j1-k8192-c2-s15,15,12085878174,wr_s0_source,carousel_ack_join_noop,105005,2,482,482
1,0.1.0,wr-digitalocean-like-west-origin-carousel-u70-j1-k8192-c2-s15,15,12259700000,wr_s0_receiver1,block_ack_submitted,105001,0,36,409
1,0.1.0,wr-digitalocean-like-west-origin-carousel-u70-j1-k8192-c2-s15,15,12278821192,carousel_sender,carousel_liveness_last_ack_progress,2,1,482,2080017209
1,0.1.0,wr-digitalocean-like-west-origin-carousel-u70-j1-k8192-c2-s15,15,12278821192,carousel_sender,carousel_liveness_last_ack_seen,2,1,482,12278821192
1,0.1.0,wr-digitalocean-like-west-origin-carousel-u70-j1-k8192-c2-s15,15,12278821192,wr_s0_source,block_ack_received,105003,1,36,482
1,0.1.0,wr-digitalocean-like-west-origin-carousel-u70-j1-k8192-c2-s15,15,12278821192,wr_s0_source,carousel_ack_join_noop,105003,1,482,482
1,0.1.0,wr-digitalocean-like-west-origin-carousel-u70-j1-k8192-c2-s15,15,12289200001,wr_s0_source,ack_probe_submitted,105000,0,32,28
1,0.1.0,wr-digitalocean-like-west-origin-carousel-u70-j1-k8192-c2-s15,15,12289286579,carousel_sender,carousel_liveness_last_ack_progress,1,0,409,8970563230
1,0.1.0,wr-digitalocean-like-west-origin-carousel-u70-j1-k8192-c2-s15,15,12289286579,carousel_sender,carousel_liveness_last_ack_seen,1,0,409,12289286579
1,0.1.0,wr-digitalocean-like-west-origin-carousel-u70-j1-k8192-c2-s15,15,12289286579,wr_s0_source,block_ack_received,105001,0,36,409
1,0.1.0,wr-digitalocean-like-west-origin-carousel-u70-j1-k8192-c2-s15,15,12289286579,wr_s0_source,carousel_ack_join_noop,105001,0,409,409
1,0.1.0,wr-digitalocean-like-west-origin-carousel-u70-j1-k8192-c2-s15,15,12324712590,wr_s0_receiver1,ack_probe_runtime_dispatch,0,0,32,0
1,0.1.0,wr-digitalocean-like-west-origin-carousel-u70-j1-k8192-c2-s15,15,12324712590,wr_s0_receiver1,block_ack_submitted,105001,0,36,409
1,0.1.0,wr-digitalocean-like-west-origin-carousel-u70-j1-k8192-c2-s15,15,12357535782,carousel_sender,carousel_liveness_last_ack_progress,1,0,409,8970563230
1,0.1.0,wr-digitalocean-like-west-origin-carousel-u70-j1-k8192-c2-s15,15,12357535782,carousel_sender,carousel_liveness_last_ack_seen,1,0,409,12357535782
1,0.1.0,wr-digitalocean-like-west-origin-carousel-u70-j1-k8192-c2-s15,15,12357535782,wr_s0_source,block_ack_received,105001,0,36,409
1,0.1.0,wr-digitalocean-like-west-origin-carousel-u70-j1-k8192-c2-s15,15,12357535782,wr_s0_source,carousel_ack_join_noop,105001,0,409,409
1,0.1.0,wr-digitalocean-like-west-origin-carousel-u70-j1-k8192-c2-s15,15,12386258293,carousel_sender,carousel_liveness_last_ack_progress,3,1,482,2785541257
1,0.1.0,wr-digitalocean-like-west-origin-carousel-u70-j1-k8192-c2-s15,15,12386258293,carousel_sender,carousel_liveness_last_ack_seen,3,1,482,12386258293
1,0.1.0,wr-digitalocean-like-west-origin-carousel-u70-j1-k8192-c2-s15,15,12386258293,wr_s0_source,block_ack_received,105005,2,36,482
1,0.1.0,wr-digitalocean-like-west-origin-carousel-u70-j1-k8192-c2-s15,15,12386258293,wr_s0_source,carousel_ack_join_noop,105005,2,482,482
1,0.1.0,wr-digitalocean-like-west-origin-carousel-u70-j1-k8192-c2-s15,15,12559700000,wr_s0_receiver1,block_ack_submitted,105001,0,36,409
1,0.1.0,wr-digitalocean-like-west-origin-carousel-u70-j1-k8192-c2-s15,15,12580528996,carousel_sender,carousel_liveness_last_ack_progress,2,1,482,2080017209
1,0.1.0,wr-digitalocean-like-west-origin-carousel-u70-j1-k8192-c2-s15,15,12580528996,carousel_sender,carousel_liveness_last_ack_seen,2,1,482,12580528996
1,0.1.0,wr-digitalocean-like-west-origin-carousel-u70-j1-k8192-c2-s15,15,12580528996,wr_s0_source,block_ack_received,105003,1,36,482
1,0.1.0,wr-digitalocean-like-west-origin-carousel-u70-j1-k8192-c2-s15,15,12580528996,wr_s0_source,carousel_ack_join_noop,105003,1,482,482
1,0.1.0,wr-digitalocean-like-west-origin-carousel-u70-j1-k8192-c2-s15,15,12588873436,carousel_sender,carousel_liveness_last_ack_progress,1,0,409,8970563230
1,0.1.0,wr-digitalocean-like-west-origin-carousel-u70-j1-k8192-c2-s15,15,12588873436,carousel_sender,carousel_liveness_last_ack_seen,1,0,409,12588873436
1,0.1.0,wr-digitalocean-like-west-origin-carousel-u70-j1-k8192-c2-s15,15,12588873436,wr_s0_source,block_ack_received,105001,0,36,409
1,0.1.0,wr-digitalocean-like-west-origin-carousel-u70-j1-k8192-c2-s15,15,12588873436,wr_s0_source,carousel_ack_join_noop,105001,0,409,409
1,0.1.0,wr-digitalocean-like-west-origin-carousel-u70-j1-k8192-c2-s15,15,12685389548,carousel_sender,carousel_liveness_last_ack_progress,3,1,482,2785541257
1,0.1.0,wr-digitalocean-like-west-origin-carousel-u70-j1-k8192-c2-s15,15,12685389548,carousel_sender,carousel_liveness_last_ack_seen,3,1,482,12685389548
1,0.1.0,wr-digitalocean-like-west-origin-carousel-u70-j1-k8192-c2-s15,15,12685389548,wr_s0_source,block_ack_received,105005,2,36,482
1,0.1.0,wr-digitalocean-like-west-origin-carousel-u70-j1-k8192-c2-s15,15,12685389548,wr_s0_source,carousel_ack_join_noop,105005,2,482,482
1,0.1.0,wr-digitalocean-like-west-origin-carousel-u70-j1-k8192-c2-s15,15,12838900001,wr_s0_source,ack_probe_submitted,105000,0,32,28
1,0.1.0,wr-digitalocean-like-west-origin-carousel-u70-j1-k8192-c2-s15,15,12859700000,wr_s0_receiver1,block_ack_submitted,105001,0,36,409
1,0.1.0,wr-digitalocean-like-west-origin-carousel-u70-j1-k8192-c2-s15,15,12868817988,wr_s0_receiver1,ack_probe_runtime_dispatch,0,0,32,0
1,0.1.0,wr-digitalocean-like-west-origin-carousel-u70-j1-k8192-c2-s15,15,12868817988,wr_s0_receiver1,block_ack_submitted,105001,0,36,409
1,0.1.0,wr-digitalocean-like-west-origin-carousel-u70-j1-k8192-c2-s15,15,12882759279,carousel_sender,carousel_liveness_last_ack_progress,2,1,482,2080017209
1,0.1.0,wr-digitalocean-like-west-origin-carousel-u70-j1-k8192-c2-s15,15,12882759279,carousel_sender,carousel_liveness_last_ack_seen,2,1,482,12882759279
1,0.1.0,wr-digitalocean-like-west-origin-carousel-u70-j1-k8192-c2-s15,15,12882759279,wr_s0_source,block_ack_received,105003,1,36,482
1,0.1.0,wr-digitalocean-like-west-origin-carousel-u70-j1-k8192-c2-s15,15,12882759279,wr_s0_source,carousel_ack_join_noop,105003,1,482,482
1,0.1.0,wr-digitalocean-like-west-origin-carousel-u70-j1-k8192-c2-s15,15,12890043188,carousel_sender,carousel_liveness_last_ack_progress,1,0,409,8970563230
1,0.1.0,wr-digitalocean-like-west-origin-carousel-u70-j1-k8192-c2-s15,15,12890043188,carousel_sender,carousel_liveness_last_ack_seen,1,0,409,12890043188
1,0.1.0,wr-digitalocean-like-west-origin-carousel-u70-j1-k8192-c2-s15,15,12890043188,wr_s0_source,block_ack_received,105001,0,36,409
1,0.1.0,wr-digitalocean-like-west-origin-carousel-u70-j1-k8192-c2-s15,15,12890043188,wr_s0_source,carousel_ack_join_noop,105001,0,409,409
1,0.1.0,wr-digitalocean-like-west-origin-carousel-u70-j1-k8192-c2-s15,15,12898411887,carousel_sender,carousel_liveness_last_ack_progress,1,0,409,8970563230
1,0.1.0,wr-digitalocean-like-west-origin-carousel-u70-j1-k8192-c2-s15,15,12898411887,carousel_sender,carousel_liveness_last_ack_seen,1,0,409,12898411887
1,0.1.0,wr-digitalocean-like-west-origin-carousel-u70-j1-k8192-c2-s15,15,12898411887,wr_s0_source,block_ack_received,105001,0,36,409
1,0.1.0,wr-digitalocean-like-west-origin-carousel-u70-j1-k8192-c2-s15,15,12898411887,wr_s0_source,carousel_ack_join_noop,105001,0,409,409
1,0.1.0,wr-digitalocean-like-west-origin-carousel-u70-j1-k8192-c2-s15,15,12986652614,carousel_sender,carousel_liveness_last_ack_progress,3,1,482,2785541257
1,0.1.0,wr-digitalocean-like-west-origin-carousel-u70-j1-k8192-c2-s15,15,12986652614,carousel_sender,carousel_liveness_last_ack_seen,3,1,482,12986652614
1,0.1.0,wr-digitalocean-like-west-origin-carousel-u70-j1-k8192-c2-s15,15,12986652614,wr_s0_source,block_ack_received,105005,2,36,482
1,0.1.0,wr-digitalocean-like-west-origin-carousel-u70-j1-k8192-c2-s15,15,12986652614,wr_s0_source,carousel_ack_join_noop,105005,2,482,482
1,0.1.0,wr-digitalocean-like-west-origin-carousel-u70-j1-k8192-c2-s15,15,13148500001,wr_s0_source,ack_probe_submitted,105000,0,32,28
1,0.1.0,wr-digitalocean-like-west-origin-carousel-u70-j1-k8192-c2-s15,15,13159700000,wr_s0_receiver1,block_ack_submitted,105001,0,36,409
1,0.1.0,wr-digitalocean-like-west-origin-carousel-u70-j1-k8192-c2-s15,15,13179469754,carousel_sender,carousel_liveness_last_ack_progress,2,1,482,2080017209
1,0.1.0,wr-digitalocean-like-west-origin-carousel-u70-j1-k8192-c2-s15,15,13179469754,carousel_sender,carousel_liveness_last_ack_seen,2,1,482,13179469754
1,0.1.0,wr-digitalocean-like-west-origin-carousel-u70-j1-k8192-c2-s15,15,13179469754,wr_s0_source,block_ack_received,105003,1,36,482
1,0.1.0,wr-digitalocean-like-west-origin-carousel-u70-j1-k8192-c2-s15,15,13179469754,wr_s0_source,carousel_ack_join_noop,105003,1,482,482
1,0.1.0,wr-digitalocean-like-west-origin-carousel-u70-j1-k8192-c2-s15,15,13180151090,wr_s0_receiver1,ack_probe_runtime_dispatch,0,0,32,0
1,0.1.0,wr-digitalocean-like-west-origin-carousel-u70-j1-k8192-c2-s15,15,13180151090,wr_s0_receiver1,block_ack_submitted,105001,0,36,409
1,0.1.0,wr-digitalocean-like-west-origin-carousel-u70-j1-k8192-c2-s15,15,13190455176,carousel_sender,carousel_liveness_last_ack_progress,1,0,409,8970563230
1,0.1.0,wr-digitalocean-like-west-origin-carousel-u70-j1-k8192-c2-s15,15,13190455176,carousel_sender,carousel_liveness_last_ack_seen,1,0,409,13190455176
1,0.1.0,wr-digitalocean-like-west-origin-carousel-u70-j1-k8192-c2-s15,15,13190455176,wr_s0_source,block_ack_received,105001,0,36,409
1,0.1.0,wr-digitalocean-like-west-origin-carousel-u70-j1-k8192-c2-s15,15,13190455176,wr_s0_source,carousel_ack_join_noop,105001,0,409,409
1,0.1.0,wr-digitalocean-like-west-origin-carousel-u70-j1-k8192-c2-s15,15,13209325859,carousel_sender,carousel_liveness_last_ack_progress,1,0,409,8970563230
1,0.1.0,wr-digitalocean-like-west-origin-carousel-u70-j1-k8192-c2-s15,15,13209325859,carousel_sender,carousel_liveness_last_ack_seen,1,0,409,13209325859
1,0.1.0,wr-digitalocean-like-west-origin-carousel-u70-j1-k8192-c2-s15,15,13209325859,wr_s0_source,block_ack_received,105001,0,36,409
1,0.1.0,wr-digitalocean-like-west-origin-carousel-u70-j1-k8192-c2-s15,15,13209325859,wr_s0_source,carousel_ack_join_noop,105001,0,409,409
1,0.1.0,wr-digitalocean-like-west-origin-carousel-u70-j1-k8192-c2-s15,15,13288623315,carousel_sender,carousel_liveness_last_ack_progress,3,1,482,2785541257
1,0.1.0,wr-digitalocean-like-west-origin-carousel-u70-j1-k8192-c2-s15,15,13288623315,carousel_sender,carousel_liveness_last_ack_seen,3,1,482,13288623315
1,0.1.0,wr-digitalocean-like-west-origin-carousel-u70-j1-k8192-c2-s15,15,13288623315,wr_s0_source,block_ack_received,105005,2,36,482
1,0.1.0,wr-digitalocean-like-west-origin-carousel-u70-j1-k8192-c2-s15,15,13288623315,wr_s0_source,carousel_ack_join_noop,105005,2,482,482
1,0.1.0,wr-digitalocean-like-west-origin-carousel-u70-j1-k8192-c2-s15,15,13459400001,wr_s0_source,ack_probe_submitted,105000,0,32,28
1,0.1.0,wr-digitalocean-like-west-origin-carousel-u70-j1-k8192-c2-s15,15,13459700000,wr_s0_receiver1,block_ack_submitted,105001,0,36,409
1,0.1.0,wr-digitalocean-like-west-origin-carousel-u70-j1-k8192-c2-s15,15,13481891139,carousel_sender,carousel_liveness_last_ack_progress,2,1,482,2080017209
1,0.1.0,wr-digitalocean-like-west-origin-carousel-u70-j1-k8192-c2-s15,15,13481891139,carousel_sender,carousel_liveness_last_ack_seen,2,1,482,13481891139
1,0.1.0,wr-digitalocean-like-west-origin-carousel-u70-j1-k8192-c2-s15,15,13481891139,wr_s0_source,block_ack_received,105003,1,36,482
1,0.1.0,wr-digitalocean-like-west-origin-carousel-u70-j1-k8192-c2-s15,15,13481891139,wr_s0_source,carousel_ack_join_noop,105003,1,482,482
1,0.1.0,wr-digitalocean-like-west-origin-carousel-u70-j1-k8192-c2-s15,15,13487772033,carousel_sender,carousel_liveness_last_ack_progress,1,0,409,8970563230
1,0.1.0,wr-digitalocean-like-west-origin-carousel-u70-j1-k8192-c2-s15,15,13487772033,carousel_sender,carousel_liveness_last_ack_seen,1,0,409,13487772033
1,0.1.0,wr-digitalocean-like-west-origin-carousel-u70-j1-k8192-c2-s15,15,13487772033,wr_s0_source,block_ack_received,105001,0,36,409
1,0.1.0,wr-digitalocean-like-west-origin-carousel-u70-j1-k8192-c2-s15,15,13487772033,wr_s0_source,carousel_ack_join_noop,105001,0,409,409
1,0.1.0,wr-digitalocean-like-west-origin-carousel-u70-j1-k8192-c2-s15,15,13490397530,wr_s0_receiver1,ack_probe_runtime_dispatch,0,0,32,0
1,0.1.0,wr-digitalocean-like-west-origin-carousel-u70-j1-k8192-c2-s15,15,13490397530,wr_s0_receiver1,block_ack_submitted,105001,0,36,409
1,0.1.0,wr-digitalocean-like-west-origin-carousel-u70-j1-k8192-c2-s15,15,13528087946,carousel_sender,carousel_liveness_last_ack_progress,1,0,409,8970563230
1,0.1.0,wr-digitalocean-like-west-origin-carousel-u70-j1-k8192-c2-s15,15,13528087946,carousel_sender,carousel_liveness_last_ack_seen,1,0,409,13528087946
1,0.1.0,wr-digitalocean-like-west-origin-carousel-u70-j1-k8192-c2-s15,15,13528087946,wr_s0_source,block_ack_received,105001,0,36,409
1,0.1.0,wr-digitalocean-like-west-origin-carousel-u70-j1-k8192-c2-s15,15,13528087946,wr_s0_source,carousel_ack_join_noop,105001,0,409,409
1,0.1.0,wr-digitalocean-like-west-origin-carousel-u70-j1-k8192-c2-s15,15,13585700449,carousel_sender,carousel_liveness_last_ack_progress,3,1,482,2785541257
1,0.1.0,wr-digitalocean-like-west-origin-carousel-u70-j1-k8192-c2-s15,15,13585700449,carousel_sender,carousel_liveness_last_ack_seen,3,1,482,13585700449
1,0.1.0,wr-digitalocean-like-west-origin-carousel-u70-j1-k8192-c2-s15,15,13585700449,wr_s0_source,block_ack_received,105005,2,36,482
1,0.1.0,wr-digitalocean-like-west-origin-carousel-u70-j1-k8192-c2-s15,15,13585700449,wr_s0_source,carousel_ack_join_noop,105005,2,482,482
1,0.1.0,wr-digitalocean-like-west-origin-carousel-u70-j1-k8192-c2-s15,15,13759700000,wr_s0_receiver1,block_ack_submitted,105001,0,36,409
1,0.1.0,wr-digitalocean-like-west-origin-carousel-u70-j1-k8192-c2-s15,15,13778100001,wr_s0_source,ack_probe_submitted,105000,0,32,28
1,0.1.0,wr-digitalocean-like-west-origin-carousel-u70-j1-k8192-c2-s15,15,13778795080,carousel_sender,carousel_liveness_last_ack_progress,2,1,482,2080017209
1,0.1.0,wr-digitalocean-like-west-origin-carousel-u70-j1-k8192-c2-s15,15,13778795080,carousel_sender,carousel_liveness_last_ack_seen,2,1,482,13778795080
1,0.1.0,wr-digitalocean-like-west-origin-carousel-u70-j1-k8192-c2-s15,15,13778795080,wr_s0_source,block_ack_received,105003,1,36,482
1,0.1.0,wr-digitalocean-like-west-origin-carousel-u70-j1-k8192-c2-s15,15,13778795080,wr_s0_source,carousel_ack_join_noop,105003,1,482,482
1,0.1.0,wr-digitalocean-like-west-origin-carousel-u70-j1-k8192-c2-s15,15,13789104051,carousel_sender,carousel_liveness_last_ack_progress,1,0,409,8970563230
1,0.1.0,wr-digitalocean-like-west-origin-carousel-u70-j1-k8192-c2-s15,15,13789104051,carousel_sender,carousel_liveness_last_ack_seen,1,0,409,13789104051
1,0.1.0,wr-digitalocean-like-west-origin-carousel-u70-j1-k8192-c2-s15,15,13789104051,wr_s0_source,block_ack_received,105001,0,36,409
1,0.1.0,wr-digitalocean-like-west-origin-carousel-u70-j1-k8192-c2-s15,15,13789104051,wr_s0_source,carousel_ack_join_noop,105001,0,409,409
1,0.1.0,wr-digitalocean-like-west-origin-carousel-u70-j1-k8192-c2-s15,15,13809474680,wr_s0_receiver1,ack_probe_runtime_dispatch,0,0,32,0
1,0.1.0,wr-digitalocean-like-west-origin-carousel-u70-j1-k8192-c2-s15,15,13809474680,wr_s0_receiver1,block_ack_submitted,105001,0,36,409
1,0.1.0,wr-digitalocean-like-west-origin-carousel-u70-j1-k8192-c2-s15,15,13838045845,carousel_sender,carousel_liveness_last_ack_progress,1,0,409,8970563230
1,0.1.0,wr-digitalocean-like-west-origin-carousel-u70-j1-k8192-c2-s15,15,13838045845,carousel_sender,carousel_liveness_last_ack_seen,1,0,409,13838045845
1,0.1.0,wr-digitalocean-like-west-origin-carousel-u70-j1-k8192-c2-s15,15,13838045845,wr_s0_source,block_ack_received,105001,0,36,409
1,0.1.0,wr-digitalocean-like-west-origin-carousel-u70-j1-k8192-c2-s15,15,13838045845,wr_s0_source,carousel_ack_join_noop,105001,0,409,409
1,0.1.0,wr-digitalocean-like-west-origin-carousel-u70-j1-k8192-c2-s15,15,13887396099,carousel_sender,carousel_liveness_last_ack_progress,3,1,482,2785541257
1,0.1.0,wr-digitalocean-like-west-origin-carousel-u70-j1-k8192-c2-s15,15,13887396099,carousel_sender,carousel_liveness_last_ack_seen,3,1,482,13887396099
1,0.1.0,wr-digitalocean-like-west-origin-carousel-u70-j1-k8192-c2-s15,15,13887396099,wr_s0_source,block_ack_received,105005,2,36,482
1,0.1.0,wr-digitalocean-like-west-origin-carousel-u70-j1-k8192-c2-s15,15,13887396099,wr_s0_source,carousel_ack_join_noop,105005,2,482,482
1,0.1.0,wr-digitalocean-like-west-origin-carousel-u70-j1-k8192-c2-s15,15,14059700000,wr_s0_receiver1,block_ack_submitted,105001,0,36,409
1,0.1.0,wr-digitalocean-like-west-origin-carousel-u70-j1-k8192-c2-s15,15,14080152570,carousel_sender,carousel_liveness_last_ack_progress,2,1,482,2080017209
1,0.1.0,wr-digitalocean-like-west-origin-carousel-u70-j1-k8192-c2-s15,15,14080152570,carousel_sender,carousel_liveness_last_ack_seen,2,1,482,14080152570
1,0.1.0,wr-digitalocean-like-west-origin-carousel-u70-j1-k8192-c2-s15,15,14080152570,wr_s0_source,block_ack_received,105003,1,36,482
1,0.1.0,wr-digitalocean-like-west-origin-carousel-u70-j1-k8192-c2-s15,15,14080152570,wr_s0_source,carousel_ack_join_noop,105003,1,482,482
1,0.1.0,wr-digitalocean-like-west-origin-carousel-u70-j1-k8192-c2-s15,15,14088100001,wr_s0_source,ack_probe_submitted,105000,0,32,28
1,0.1.0,wr-digitalocean-like-west-origin-carousel-u70-j1-k8192-c2-s15,15,14089333770,carousel_sender,carousel_liveness_last_ack_progress,1,0,409,8970563230
1,0.1.0,wr-digitalocean-like-west-origin-carousel-u70-j1-k8192-c2-s15,15,14089333770,carousel_sender,carousel_liveness_last_ack_seen,1,0,409,14089333770
1,0.1.0,wr-digitalocean-like-west-origin-carousel-u70-j1-k8192-c2-s15,15,14089333770,wr_s0_source,block_ack_received,105001,0,36,409
1,0.1.0,wr-digitalocean-like-west-origin-carousel-u70-j1-k8192-c2-s15,15,14089333770,wr_s0_source,carousel_ack_join_noop,105001,0,409,409
1,0.1.0,wr-digitalocean-like-west-origin-carousel-u70-j1-k8192-c2-s15,15,14123532213,wr_s0_receiver1,ack_probe_runtime_dispatch,0,0,32,0
1,0.1.0,wr-digitalocean-like-west-origin-carousel-u70-j1-k8192-c2-s15,15,14123532213,wr_s0_receiver1,block_ack_submitted,105001,0,36,409
1,0.1.0,wr-digitalocean-like-west-origin-carousel-u70-j1-k8192-c2-s15,15,14150949789,carousel_sender,carousel_liveness_last_ack_progress,1,0,409,8970563230
1,0.1.0,wr-digitalocean-like-west-origin-carousel-u70-j1-k8192-c2-s15,15,14150949789,carousel_sender,carousel_liveness_last_ack_seen,1,0,409,14150949789
1,0.1.0,wr-digitalocean-like-west-origin-carousel-u70-j1-k8192-c2-s15,15,14150949789,wr_s0_source,block_ack_received,105001,0,36,409
1,0.1.0,wr-digitalocean-like-west-origin-carousel-u70-j1-k8192-c2-s15,15,14150949789,wr_s0_source,carousel_ack_join_noop,105001,0,409,409
1,0.1.0,wr-digitalocean-like-west-origin-carousel-u70-j1-k8192-c2-s15,15,14184757665,carousel_sender,carousel_liveness_last_ack_progress,3,1,482,2785541257
1,0.1.0,wr-digitalocean-like-west-origin-carousel-u70-j1-k8192-c2-s15,15,14184757665,carousel_sender,carousel_liveness_last_ack_seen,3,1,482,14184757665
1,0.1.0,wr-digitalocean-like-west-origin-carousel-u70-j1-k8192-c2-s15,15,14184757665,wr_s0_source,block_ack_received,105005,2,36,482
1,0.1.0,wr-digitalocean-like-west-origin-carousel-u70-j1-k8192-c2-s15,15,14184757665,wr_s0_source,carousel_ack_join_noop,105005,2,482,482
1,0.1.0,wr-digitalocean-like-west-origin-carousel-u70-j1-k8192-c2-s15,15,14359700000,wr_s0_receiver1,block_ack_submitted,105001,0,36,409
1,0.1.0,wr-digitalocean-like-west-origin-carousel-u70-j1-k8192-c2-s15,15,14380620920,carousel_sender,carousel_liveness_last_ack_progress,2,1,482,2080017209
1,0.1.0,wr-digitalocean-like-west-origin-carousel-u70-j1-k8192-c2-s15,15,14380620920,carousel_sender,carousel_liveness_last_ack_seen,2,1,482,14380620920
1,0.1.0,wr-digitalocean-like-west-origin-carousel-u70-j1-k8192-c2-s15,15,14380620920,wr_s0_source,block_ack_received,105003,1,36,482
1,0.1.0,wr-digitalocean-like-west-origin-carousel-u70-j1-k8192-c2-s15,15,14380620920,wr_s0_source,carousel_ack_join_noop,105003,1,482,482
1,0.1.0,wr-digitalocean-like-west-origin-carousel-u70-j1-k8192-c2-s15,15,14387652960,carousel_sender,carousel_liveness_last_ack_progress,1,0,409,8970563230
1,0.1.0,wr-digitalocean-like-west-origin-carousel-u70-j1-k8192-c2-s15,15,14387652960,carousel_sender,carousel_liveness_last_ack_seen,1,0,409,14387652960
1,0.1.0,wr-digitalocean-like-west-origin-carousel-u70-j1-k8192-c2-s15,15,14387652960,wr_s0_source,block_ack_received,105001,0,36,409
1,0.1.0,wr-digitalocean-like-west-origin-carousel-u70-j1-k8192-c2-s15,15,14387652960,wr_s0_source,carousel_ack_join_noop,105001,0,409,409
1,0.1.0,wr-digitalocean-like-west-origin-carousel-u70-j1-k8192-c2-s15,15,14486145856,carousel_sender,carousel_liveness_last_ack_progress,3,1,482,2785541257
1,0.1.0,wr-digitalocean-like-west-origin-carousel-u70-j1-k8192-c2-s15,15,14486145856,carousel_sender,carousel_liveness_last_ack_seen,3,1,482,14486145856
1,0.1.0,wr-digitalocean-like-west-origin-carousel-u70-j1-k8192-c2-s15,15,14486145856,wr_s0_source,block_ack_received,105005,2,36,482
1,0.1.0,wr-digitalocean-like-west-origin-carousel-u70-j1-k8192-c2-s15,15,14486145856,wr_s0_source,carousel_ack_join_noop,105005,2,482,482
1,0.1.0,wr-digitalocean-like-west-origin-carousel-u70-j1-k8192-c2-s15,15,14637700001,wr_s0_source,ack_probe_submitted,105000,0,32,28
1,0.1.0,wr-digitalocean-like-west-origin-carousel-u70-j1-k8192-c2-s15,15,14659700000,wr_s0_receiver1,block_ack_submitted,105001,0,36,409
1,0.1.0,wr-digitalocean-like-west-origin-carousel-u70-j1-k8192-c2-s15,15,14668228395,wr_s0_receiver1,ack_probe_runtime_dispatch,0,0,32,0
1,0.1.0,wr-digitalocean-like-west-origin-carousel-u70-j1-k8192-c2-s15,15,14668228395,wr_s0_receiver1,block_ack_submitted,105001,0,36,409
1,0.1.0,wr-digitalocean-like-west-origin-carousel-u70-j1-k8192-c2-s15,15,14682267191,carousel_sender,carousel_liveness_last_ack_progress,2,1,482,2080017209
1,0.1.0,wr-digitalocean-like-west-origin-carousel-u70-j1-k8192-c2-s15,15,14682267191,carousel_sender,carousel_liveness_last_ack_seen,2,1,482,14682267191
1,0.1.0,wr-digitalocean-like-west-origin-carousel-u70-j1-k8192-c2-s15,15,14682267191,wr_s0_source,block_ack_received,105003,1,36,482
1,0.1.0,wr-digitalocean-like-west-origin-carousel-u70-j1-k8192-c2-s15,15,14682267191,wr_s0_source,carousel_ack_join_noop,105003,1,482,482
1,0.1.0,wr-digitalocean-like-west-origin-carousel-u70-j1-k8192-c2-s15,15,14688611468,carousel_sender,carousel_liveness_last_ack_progress,1,0,409,8970563230
1,0.1.0,wr-digitalocean-like-west-origin-carousel-u70-j1-k8192-c2-s15,15,14688611468,carousel_sender,carousel_liveness_last_ack_seen,1,0,409,14688611468
1,0.1.0,wr-digitalocean-like-west-origin-carousel-u70-j1-k8192-c2-s15,15,14688611468,wr_s0_source,block_ack_received,105001,0,36,409
1,0.1.0,wr-digitalocean-like-west-origin-carousel-u70-j1-k8192-c2-s15,15,14688611468,wr_s0_source,carousel_ack_join_noop,105001,0,409,409
1,0.1.0,wr-digitalocean-like-west-origin-carousel-u70-j1-k8192-c2-s15,15,14697139863,carousel_sender,carousel_liveness_last_ack_progress,1,0,409,8970563230
1,0.1.0,wr-digitalocean-like-west-origin-carousel-u70-j1-k8192-c2-s15,15,14697139863,carousel_sender,carousel_liveness_last_ack_seen,1,0,409,14697139863
1,0.1.0,wr-digitalocean-like-west-origin-carousel-u70-j1-k8192-c2-s15,15,14697139863,wr_s0_source,block_ack_received,105001,0,36,409
1,0.1.0,wr-digitalocean-like-west-origin-carousel-u70-j1-k8192-c2-s15,15,14697139863,wr_s0_source,carousel_ack_join_noop,105001,0,409,409
1,0.1.0,wr-digitalocean-like-west-origin-carousel-u70-j1-k8192-c2-s15,15,14783528129,carousel_sender,carousel_liveness_last_ack_progress,3,1,482,2785541257
1,0.1.0,wr-digitalocean-like-west-origin-carousel-u70-j1-k8192-c2-s15,15,14783528129,carousel_sender,carousel_liveness_last_ack_seen,3,1,482,14783528129
1,0.1.0,wr-digitalocean-like-west-origin-carousel-u70-j1-k8192-c2-s15,15,14783528129,wr_s0_source,block_ack_received,105005,2,36,482
1,0.1.0,wr-digitalocean-like-west-origin-carousel-u70-j1-k8192-c2-s15,15,14783528129,wr_s0_source,carousel_ack_join_noop,105005,2,482,482
1,0.1.0,wr-digitalocean-like-west-origin-carousel-u70-j1-k8192-c2-s15,15,14947200001,wr_s0_source,ack_probe_submitted,105000,0,32,28
1,0.1.0,wr-digitalocean-like-west-origin-carousel-u70-j1-k8192-c2-s15,15,14959700000,wr_s0_receiver1,block_ack_submitted,105001,0,36,409
1,0.1.0,wr-digitalocean-like-west-origin-carousel-u70-j1-k8192-c2-s15,15,14977182401,wr_s0_receiver1,ack_probe_runtime_dispatch,0,0,32,0
1,0.1.0,wr-digitalocean-like-west-origin-carousel-u70-j1-k8192-c2-s15,15,14977182401,wr_s0_receiver1,block_ack_submitted,105001,0,36,409
1,0.1.0,wr-digitalocean-like-west-origin-carousel-u70-j1-k8192-c2-s15,15,14981540141,carousel_sender,carousel_liveness_last_ack_progress,2,1,482,2080017209
1,0.1.0,wr-digitalocean-like-west-origin-carousel-u70-j1-k8192-c2-s15,15,14981540141,carousel_sender,carousel_liveness_last_ack_seen,2,1,482,14981540141
1,0.1.0,wr-digitalocean-like-west-origin-carousel-u70-j1-k8192-c2-s15,15,14981540141,wr_s0_source,block_ack_received,105003,1,36,482
1,0.1.0,wr-digitalocean-like-west-origin-carousel-u70-j1-k8192-c2-s15,15,14981540141,wr_s0_source,carousel_ack_join_noop,105003,1,482,482
1,0.1.0,wr-digitalocean-like-west-origin-carousel-u70-j1-k8192-c2-s15,15,14988850554,carousel_sender,carousel_liveness_last_ack_progress,1,0,409,8970563230
1,0.1.0,wr-digitalocean-like-west-origin-carousel-u70-j1-k8192-c2-s15,15,14988850554,carousel_sender,carousel_liveness_last_ack_seen,1,0,409,14988850554
1,0.1.0,wr-digitalocean-like-west-origin-carousel-u70-j1-k8192-c2-s15,15,14988850554,wr_s0_source,block_ack_received,105001,0,36,409
1,0.1.0,wr-digitalocean-like-west-origin-carousel-u70-j1-k8192-c2-s15,15,14988850554,wr_s0_source,carousel_ack_join_noop,105001,0,409,409
1,0.1.0,wr-digitalocean-like-west-origin-carousel-u70-j1-k8192-c2-s15,15,15006486089,carousel_sender,carousel_liveness_last_ack_progress,1,0,409,8970563230
1,0.1.0,wr-digitalocean-like-west-origin-carousel-u70-j1-k8192-c2-s15,15,15006486089,carousel_sender,carousel_liveness_last_ack_seen,1,0,409,15006486089
1,0.1.0,wr-digitalocean-like-west-origin-carousel-u70-j1-k8192-c2-s15,15,15006486089,wr_s0_source,block_ack_received,105001,0,36,409
1,0.1.0,wr-digitalocean-like-west-origin-carousel-u70-j1-k8192-c2-s15,15,15006486089,wr_s0_source,carousel_ack_join_noop,105001,0,409,409
1,0.1.0,wr-digitalocean-like-west-origin-carousel-u70-j1-k8192-c2-s15,15,15082599969,carousel_sender,carousel_liveness_last_ack_progress,3,1,482,2785541257
1,0.1.0,wr-digitalocean-like-west-origin-carousel-u70-j1-k8192-c2-s15,15,15082599969,carousel_sender,carousel_liveness_last_ack_seen,3,1,482,15082599969
1,0.1.0,wr-digitalocean-like-west-origin-carousel-u70-j1-k8192-c2-s15,15,15082599969,wr_s0_source,block_ack_received,105005,2,36,482
1,0.1.0,wr-digitalocean-like-west-origin-carousel-u70-j1-k8192-c2-s15,15,15082599969,wr_s0_source,carousel_ack_join_noop,105005,2,482,482
1,0.1.0,wr-digitalocean-like-west-origin-carousel-u70-j1-k8192-c2-s15,15,15256500001,wr_s0_source,ack_probe_submitted,105000,0,32,28
1,0.1.0,wr-digitalocean-like-west-origin-carousel-u70-j1-k8192-c2-s15,15,15259700000,wr_s0_receiver1,block_ack_submitted,105001,0,36,409
1,0.1.0,wr-digitalocean-like-west-origin-carousel-u70-j1-k8192-c2-s15,15,15280085071,carousel_sender,carousel_liveness_last_ack_progress,2,1,482,2080017209
1,0.1.0,wr-digitalocean-like-west-origin-carousel-u70-j1-k8192-c2-s15,15,15280085071,carousel_sender,carousel_liveness_last_ack_seen,2,1,482,15280085071
1,0.1.0,wr-digitalocean-like-west-origin-carousel-u70-j1-k8192-c2-s15,15,15280085071,wr_s0_source,block_ack_received,105003,1,36,482
1,0.1.0,wr-digitalocean-like-west-origin-carousel-u70-j1-k8192-c2-s15,15,15280085071,wr_s0_source,carousel_ack_join_noop,105003,1,482,482
1,0.1.0,wr-digitalocean-like-west-origin-carousel-u70-j1-k8192-c2-s15,15,15287423231,wr_s0_receiver1,ack_probe_runtime_dispatch,0,0,32,0
1,0.1.0,wr-digitalocean-like-west-origin-carousel-u70-j1-k8192-c2-s15,15,15287423231,wr_s0_receiver1,block_ack_submitted,105001,0,36,409
1,0.1.0,wr-digitalocean-like-west-origin-carousel-u70-j1-k8192-c2-s15,15,15287481784,carousel_sender,carousel_liveness_last_ack_progress,1,0,409,8970563230
1,0.1.0,wr-digitalocean-like-west-origin-carousel-u70-j1-k8192-c2-s15,15,15287481784,carousel_sender,carousel_liveness_last_ack_seen,1,0,409,15287481784
1,0.1.0,wr-digitalocean-like-west-origin-carousel-u70-j1-k8192-c2-s15,15,15287481784,wr_s0_source,block_ack_received,105001,0,36,409
1,0.1.0,wr-digitalocean-like-west-origin-carousel-u70-j1-k8192-c2-s15,15,15287481784,wr_s0_source,carousel_ack_join_noop,105001,0,409,409
1,0.1.0,wr-digitalocean-like-west-origin-carousel-u70-j1-k8192-c2-s15,15,15315115639,carousel_sender,carousel_liveness_last_ack_progress,1,0,409,8970563230
1,0.1.0,wr-digitalocean-like-west-origin-carousel-u70-j1-k8192-c2-s15,15,15315115639,carousel_sender,carousel_liveness_last_ack_seen,1,0,409,15315115639
1,0.1.0,wr-digitalocean-like-west-origin-carousel-u70-j1-k8192-c2-s15,15,15315115639,wr_s0_source,block_ack_received,105001,0,36,409
1,0.1.0,wr-digitalocean-like-west-origin-carousel-u70-j1-k8192-c2-s15,15,15315115639,wr_s0_source,carousel_ack_join_noop,105001,0,409,409
1,0.1.0,wr-digitalocean-like-west-origin-carousel-u70-j1-k8192-c2-s15,15,15383402255,carousel_sender,carousel_liveness_last_ack_progress,3,1,482,2785541257
1,0.1.0,wr-digitalocean-like-west-origin-carousel-u70-j1-k8192-c2-s15,15,15383402255,carousel_sender,carousel_liveness_last_ack_seen,3,1,482,15383402255
1,0.1.0,wr-digitalocean-like-west-origin-carousel-u70-j1-k8192-c2-s15,15,15383402255,wr_s0_source,block_ack_received,105005,2,36,482
1,0.1.0,wr-digitalocean-like-west-origin-carousel-u70-j1-k8192-c2-s15,15,15383402255,wr_s0_source,carousel_ack_join_noop,105005,2,482,482
1,0.1.0,wr-digitalocean-like-west-origin-carousel-u70-j1-k8192-c2-s15,15,15559700000,wr_s0_receiver1,block_ack_submitted,105001,0,36,409
1,0.1.0,wr-digitalocean-like-west-origin-carousel-u70-j1-k8192-c2-s15,15,15565200001,wr_s0_source,ack_probe_submitted,105000,0,32,28
1,0.1.0,wr-digitalocean-like-west-origin-carousel-u70-j1-k8192-c2-s15,15,15580437238,carousel_sender,carousel_liveness_last_ack_progress,2,1,482,2080017209
1,0.1.0,wr-digitalocean-like-west-origin-carousel-u70-j1-k8192-c2-s15,15,15580437238,carousel_sender,carousel_liveness_last_ack_seen,2,1,482,15580437238
1,0.1.0,wr-digitalocean-like-west-origin-carousel-u70-j1-k8192-c2-s15,15,15580437238,wr_s0_source,block_ack_received,105003,1,36,482
1,0.1.0,wr-digitalocean-like-west-origin-carousel-u70-j1-k8192-c2-s15,15,15580437238,wr_s0_source,carousel_ack_join_noop,105003,1,482,482
1,0.1.0,wr-digitalocean-like-west-origin-carousel-u70-j1-k8192-c2-s15,15,15588193421,carousel_sender,carousel_liveness_last_ack_progress,1,0,409,8970563230
1,0.1.0,wr-digitalocean-like-west-origin-carousel-u70-j1-k8192-c2-s15,15,15588193421,carousel_sender,carousel_liveness_last_ack_seen,1,0,409,15588193421
1,0.1.0,wr-digitalocean-like-west-origin-carousel-u70-j1-k8192-c2-s15,15,15588193421,wr_s0_source,block_ack_received,105001,0,36,409
1,0.1.0,wr-digitalocean-like-west-origin-carousel-u70-j1-k8192-c2-s15,15,15588193421,wr_s0_source,carousel_ack_join_noop,105001,0,409,409
1,0.1.0,wr-digitalocean-like-west-origin-carousel-u70-j1-k8192-c2-s15,15,15594754514,wr_s0_receiver1,ack_probe_runtime_dispatch,0,0,32,0
1,0.1.0,wr-digitalocean-like-west-origin-carousel-u70-j1-k8192-c2-s15,15,15594754514,wr_s0_receiver1,block_ack_submitted,105001,0,36,409
1,0.1.0,wr-digitalocean-like-west-origin-carousel-u70-j1-k8192-c2-s15,15,15627659165,carousel_sender,carousel_liveness_last_ack_progress,1,0,409,8970563230
1,0.1.0,wr-digitalocean-like-west-origin-carousel-u70-j1-k8192-c2-s15,15,15627659165,carousel_sender,carousel_liveness_last_ack_seen,1,0,409,15627659165
1,0.1.0,wr-digitalocean-like-west-origin-carousel-u70-j1-k8192-c2-s15,15,15627659165,wr_s0_source,block_ack_received,105001,0,36,409
1,0.1.0,wr-digitalocean-like-west-origin-carousel-u70-j1-k8192-c2-s15,15,15627659165,wr_s0_source,carousel_ack_join_noop,105001,0,409,409
1,0.1.0,wr-digitalocean-like-west-origin-carousel-u70-j1-k8192-c2-s15,15,15686772961,carousel_sender,carousel_liveness_last_ack_progress,3,1,482,2785541257
1,0.1.0,wr-digitalocean-like-west-origin-carousel-u70-j1-k8192-c2-s15,15,15686772961,carousel_sender,carousel_liveness_last_ack_seen,3,1,482,15686772961
1,0.1.0,wr-digitalocean-like-west-origin-carousel-u70-j1-k8192-c2-s15,15,15686772961,wr_s0_source,block_ack_received,105005,2,36,482
1,0.1.0,wr-digitalocean-like-west-origin-carousel-u70-j1-k8192-c2-s15,15,15686772961,wr_s0_source,carousel_ack_join_noop,105005,2,482,482
1,0.1.0,wr-digitalocean-like-west-origin-carousel-u70-j1-k8192-c2-s15,15,15859700000,wr_s0_receiver1,block_ack_submitted,105001,0,36,409
1,0.1.0,wr-digitalocean-like-west-origin-carousel-u70-j1-k8192-c2-s15,15,15877700001,wr_s0_source,ack_probe_submitted,105000,0,32,28
1,0.1.0,wr-digitalocean-like-west-origin-carousel-u70-j1-k8192-c2-s15,15,15881855956,carousel_sender,carousel_liveness_last_ack_progress,2,1,482,2080017209
1,0.1.0,wr-digitalocean-like-west-origin-carousel-u70-j1-k8192-c2-s15,15,15881855956,carousel_sender,carousel_liveness_last_ack_seen,2,1,482,15881855956
1,0.1.0,wr-digitalocean-like-west-origin-carousel-u70-j1-k8192-c2-s15,15,15881855956,wr_s0_source,block_ack_received,105003,1,36,482
1,0.1.0,wr-digitalocean-like-west-origin-carousel-u70-j1-k8192-c2-s15,15,15881855956,wr_s0_source,carousel_ack_join_noop,105003,1,482,482
1,0.1.0,wr-digitalocean-like-west-origin-carousel-u70-j1-k8192-c2-s15,15,15888283961,carousel_sender,carousel_liveness_last_ack_progress,1,0,409,8970563230
1,0.1.0,wr-digitalocean-like-west-origin-carousel-u70-j1-k8192-c2-s15,15,15888283961,carousel_sender,carousel_liveness_last_ack_seen,1,0,409,15888283961
1,0.1.0,wr-digitalocean-like-west-origin-carousel-u70-j1-k8192-c2-s15,15,15888283961,wr_s0_source,block_ack_received,105001,0,36,409
1,0.1.0,wr-digitalocean-like-west-origin-carousel-u70-j1-k8192-c2-s15,15,15888283961,wr_s0_source,carousel_ack_join_noop,105001,0,409,409
1,0.1.0,wr-digitalocean-like-west-origin-carousel-u70-j1-k8192-c2-s15,15,15909031174,wr_s0_receiver1,ack_probe_runtime_dispatch,0,0,32,0
1,0.1.0,wr-digitalocean-like-west-origin-carousel-u70-j1-k8192-c2-s15,15,15909031174,wr_s0_receiver1,block_ack_submitted,105001,0,36,409
1,0.1.0,wr-digitalocean-like-west-origin-carousel-u70-j1-k8192-c2-s15,15,15938067521,carousel_sender,carousel_liveness_last_ack_progress,1,0,409,8970563230
1,0.1.0,wr-digitalocean-like-west-origin-carousel-u70-j1-k8192-c2-s15,15,15938067521,carousel_sender,carousel_liveness_last_ack_seen,1,0,409,15938067521
1,0.1.0,wr-digitalocean-like-west-origin-carousel-u70-j1-k8192-c2-s15,15,15938067521,wr_s0_source,block_ack_received,105001,0,36,409
1,0.1.0,wr-digitalocean-like-west-origin-carousel-u70-j1-k8192-c2-s15,15,15938067521,wr_s0_source,carousel_ack_join_noop,105001,0,409,409
1,0.1.0,wr-digitalocean-like-west-origin-carousel-u70-j1-k8192-c2-s15,15,15986697993,carousel_sender,carousel_liveness_last_ack_progress,3,1,482,2785541257
1,0.1.0,wr-digitalocean-like-west-origin-carousel-u70-j1-k8192-c2-s15,15,15986697993,carousel_sender,carousel_liveness_last_ack_seen,3,1,482,15986697993
1,0.1.0,wr-digitalocean-like-west-origin-carousel-u70-j1-k8192-c2-s15,15,15986697993,wr_s0_source,block_ack_received,105005,2,36,482
1,0.1.0,wr-digitalocean-like-west-origin-carousel-u70-j1-k8192-c2-s15,15,15986697993,wr_s0_source,carousel_ack_join_noop,105005,2,482,482
1,0.1.0,wr-digitalocean-like-west-origin-carousel-u70-j1-k8192-c2-s15,15,16159700000,wr_s0_receiver1,block_ack_submitted,105001,0,36,409
1,0.1.0,wr-digitalocean-like-west-origin-carousel-u70-j1-k8192-c2-s15,15,16182844916,carousel_sender,carousel_liveness_last_ack_progress,2,1,482,2080017209
1,0.1.0,wr-digitalocean-like-west-origin-carousel-u70-j1-k8192-c2-s15,15,16182844916,carousel_sender,carousel_liveness_last_ack_seen,2,1,482,16182844916
1,0.1.0,wr-digitalocean-like-west-origin-carousel-u70-j1-k8192-c2-s15,15,16182844916,wr_s0_source,block_ack_received,105003,1,36,482
1,0.1.0,wr-digitalocean-like-west-origin-carousel-u70-j1-k8192-c2-s15,15,16182844916,wr_s0_source,carousel_ack_join_noop,105003,1,482,482
1,0.1.0,wr-digitalocean-like-west-origin-carousel-u70-j1-k8192-c2-s15,15,16188100001,wr_s0_source,ack_probe_submitted,105000,0,32,28
1,0.1.0,wr-digitalocean-like-west-origin-carousel-u70-j1-k8192-c2-s15,15,16189843196,carousel_sender,carousel_liveness_last_ack_progress,1,0,409,8970563230
1,0.1.0,wr-digitalocean-like-west-origin-carousel-u70-j1-k8192-c2-s15,15,16189843196,carousel_sender,carousel_liveness_last_ack_seen,1,0,409,16189843196
1,0.1.0,wr-digitalocean-like-west-origin-carousel-u70-j1-k8192-c2-s15,15,16189843196,wr_s0_source,block_ack_received,105001,0,36,409
1,0.1.0,wr-digitalocean-like-west-origin-carousel-u70-j1-k8192-c2-s15,15,16189843196,wr_s0_source,carousel_ack_join_noop,105001,0,409,409
1,0.1.0,wr-digitalocean-like-west-origin-carousel-u70-j1-k8192-c2-s15,15,16217914256,wr_s0_receiver1,ack_probe_runtime_dispatch,0,0,32,0
1,0.1.0,wr-digitalocean-like-west-origin-carousel-u70-j1-k8192-c2-s15,15,16217914256,wr_s0_receiver1,block_ack_submitted,105001,0,36,409
1,0.1.0,wr-digitalocean-like-west-origin-carousel-u70-j1-k8192-c2-s15,15,16246394070,carousel_sender,carousel_liveness_last_ack_progress,1,0,409,8970563230
1,0.1.0,wr-digitalocean-like-west-origin-carousel-u70-j1-k8192-c2-s15,15,16246394070,carousel_sender,carousel_liveness_last_ack_seen,1,0,409,16246394070
1,0.1.0,wr-digitalocean-like-west-origin-carousel-u70-j1-k8192-c2-s15,15,16246394070,wr_s0_source,block_ack_received,105001,0,36,409
1,0.1.0,wr-digitalocean-like-west-origin-carousel-u70-j1-k8192-c2-s15,15,16246394070,wr_s0_source,carousel_ack_join_noop,105001,0,409,409
1,0.1.0,wr-digitalocean-like-west-origin-carousel-u70-j1-k8192-c2-s15,15,16287465147,carousel_sender,carousel_liveness_last_ack_progress,3,1,482,2785541257
1,0.1.0,wr-digitalocean-like-west-origin-carousel-u70-j1-k8192-c2-s15,15,16287465147,carousel_sender,carousel_liveness_last_ack_seen,3,1,482,16287465147
1,0.1.0,wr-digitalocean-like-west-origin-carousel-u70-j1-k8192-c2-s15,15,16287465147,wr_s0_source,block_ack_received,105005,2,36,482
1,0.1.0,wr-digitalocean-like-west-origin-carousel-u70-j1-k8192-c2-s15,15,16287465147,wr_s0_source,carousel_ack_join_noop,105005,2,482,482
1,0.1.0,wr-digitalocean-like-west-origin-carousel-u70-j1-k8192-c2-s15,15,16459700000,wr_s0_receiver1,block_ack_submitted,105001,0,36,409
1,0.1.0,wr-digitalocean-like-west-origin-carousel-u70-j1-k8192-c2-s15,15,16480077557,carousel_sender,carousel_liveness_last_ack_progress,2,1,482,2080017209
1,0.1.0,wr-digitalocean-like-west-origin-carousel-u70-j1-k8192-c2-s15,15,16480077557,carousel_sender,carousel_liveness_last_ack_seen,2,1,482,16480077557
1,0.1.0,wr-digitalocean-like-west-origin-carousel-u70-j1-k8192-c2-s15,15,16480077557,wr_s0_source,block_ack_received,105003,1,36,482
1,0.1.0,wr-digitalocean-like-west-origin-carousel-u70-j1-k8192-c2-s15,15,16480077557,wr_s0_source,carousel_ack_join_noop,105003,1,482,482
1,0.1.0,wr-digitalocean-like-west-origin-carousel-u70-j1-k8192-c2-s15,15,16489121662,carousel_sender,carousel_liveness_last_ack_progress,1,0,409,8970563230
1,0.1.0,wr-digitalocean-like-west-origin-carousel-u70-j1-k8192-c2-s15,15,16489121662,carousel_sender,carousel_liveness_last_ack_seen,1,0,409,16489121662
1,0.1.0,wr-digitalocean-like-west-origin-carousel-u70-j1-k8192-c2-s15,15,16489121662,wr_s0_source,block_ack_received,105001,0,36,409
1,0.1.0,wr-digitalocean-like-west-origin-carousel-u70-j1-k8192-c2-s15,15,16489121662,wr_s0_source,carousel_ack_join_noop,105001,0,409,409
1,0.1.0,wr-digitalocean-like-west-origin-carousel-u70-j1-k8192-c2-s15,15,16586576847,carousel_sender,carousel_liveness_last_ack_progress,3,1,482,2785541257
1,0.1.0,wr-digitalocean-like-west-origin-carousel-u70-j1-k8192-c2-s15,15,16586576847,carousel_sender,carousel_liveness_last_ack_seen,3,1,482,16586576847
1,0.1.0,wr-digitalocean-like-west-origin-carousel-u70-j1-k8192-c2-s15,15,16586576847,wr_s0_source,block_ack_received,105005,2,36,482
1,0.1.0,wr-digitalocean-like-west-origin-carousel-u70-j1-k8192-c2-s15,15,16586576847,wr_s0_source,carousel_ack_join_noop,105005,2,482,482
1,0.1.0,wr-digitalocean-like-west-origin-carousel-u70-j1-k8192-c2-s15,15,16739200001,wr_s0_source,ack_probe_submitted,105000,0,32,28
1,0.1.0,wr-digitalocean-like-west-origin-carousel-u70-j1-k8192-c2-s15,15,16759700000,wr_s0_receiver1,block_ack_submitted,105001,0,36,409
1,0.1.0,wr-digitalocean-like-west-origin-carousel-u70-j1-k8192-c2-s15,15,16769532559,wr_s0_receiver1,ack_probe_runtime_dispatch,0,0,32,0
1,0.1.0,wr-digitalocean-like-west-origin-carousel-u70-j1-k8192-c2-s15,15,16769532559,wr_s0_receiver1,block_ack_submitted,105001,0,36,409
1,0.1.0,wr-digitalocean-like-west-origin-carousel-u70-j1-k8192-c2-s15,15,16779314968,carousel_sender,carousel_liveness_last_ack_progress,2,1,482,2080017209
1,0.1.0,wr-digitalocean-like-west-origin-carousel-u70-j1-k8192-c2-s15,15,16779314968,carousel_sender,carousel_liveness_last_ack_seen,2,1,482,16779314968
1,0.1.0,wr-digitalocean-like-west-origin-carousel-u70-j1-k8192-c2-s15,15,16779314968,wr_s0_source,block_ack_received,105003,1,36,482
1,0.1.0,wr-digitalocean-like-west-origin-carousel-u70-j1-k8192-c2-s15,15,16779314968,wr_s0_source,carousel_ack_join_noop,105003,1,482,482
1,0.1.0,wr-digitalocean-like-west-origin-carousel-u70-j1-k8192-c2-s15,15,16788440982,carousel_sender,carousel_liveness_last_ack_progress,1,0,409,8970563230
1,0.1.0,wr-digitalocean-like-west-origin-carousel-u70-j1-k8192-c2-s15,15,16788440982,carousel_sender,carousel_liveness_last_ack_seen,1,0,409,16788440982
1,0.1.0,wr-digitalocean-like-west-origin-carousel-u70-j1-k8192-c2-s15,15,16788440982,wr_s0_source,block_ack_received,105001,0,36,409
1,0.1.0,wr-digitalocean-like-west-origin-carousel-u70-j1-k8192-c2-s15,15,16788440982,wr_s0_source,carousel_ack_join_noop,105001,0,409,409
1,0.1.0,wr-digitalocean-like-west-origin-carousel-u70-j1-k8192-c2-s15,15,16798273541,carousel_sender,carousel_liveness_last_ack_progress,1,0,409,8970563230
1,0.1.0,wr-digitalocean-like-west-origin-carousel-u70-j1-k8192-c2-s15,15,16798273541,carousel_sender,carousel_liveness_last_ack_seen,1,0,409,16798273541
1,0.1.0,wr-digitalocean-like-west-origin-carousel-u70-j1-k8192-c2-s15,15,16798273541,wr_s0_source,block_ack_received,105001,0,36,409
1,0.1.0,wr-digitalocean-like-west-origin-carousel-u70-j1-k8192-c2-s15,15,16798273541,wr_s0_source,carousel_ack_join_noop,105001,0,409,409
1,0.1.0,wr-digitalocean-like-west-origin-carousel-u70-j1-k8192-c2-s15,15,16886124784,carousel_sender,carousel_liveness_last_ack_progress,3,1,482,2785541257
1,0.1.0,wr-digitalocean-like-west-origin-carousel-u70-j1-k8192-c2-s15,15,16886124784,carousel_sender,carousel_liveness_last_ack_seen,3,1,482,16886124784
1,0.1.0,wr-digitalocean-like-west-origin-carousel-u70-j1-k8192-c2-s15,15,16886124784,wr_s0_source,block_ack_received,105005,2,36,482
1,0.1.0,wr-digitalocean-like-west-origin-carousel-u70-j1-k8192-c2-s15,15,16886124784,wr_s0_source,carousel_ack_join_noop,105005,2,482,482
1,0.1.0,wr-digitalocean-like-west-origin-carousel-u70-j1-k8192-c2-s15,15,17048300001,wr_s0_source,ack_probe_submitted,105000,0,32,28
1,0.1.0,wr-digitalocean-like-west-origin-carousel-u70-j1-k8192-c2-s15,15,17059700000,wr_s0_receiver1,block_ack_submitted,105001,0,36,409
1,0.1.0,wr-digitalocean-like-west-origin-carousel-u70-j1-k8192-c2-s15,15,17079036474,wr_s0_receiver1,ack_probe_runtime_dispatch,0,0,32,0
1,0.1.0,wr-digitalocean-like-west-origin-carousel-u70-j1-k8192-c2-s15,15,17079036474,wr_s0_receiver1,block_ack_submitted,105001,0,36,409
1,0.1.0,wr-digitalocean-like-west-origin-carousel-u70-j1-k8192-c2-s15,15,17082043271,carousel_sender,carousel_liveness_last_ack_progress,2,1,482,2080017209
1,0.1.0,wr-digitalocean-like-west-origin-carousel-u70-j1-k8192-c2-s15,15,17082043271,carousel_sender,carousel_liveness_last_ack_seen,2,1,482,17082043271
1,0.1.0,wr-digitalocean-like-west-origin-carousel-u70-j1-k8192-c2-s15,15,17082043271,wr_s0_source,block_ack_received,105003,1,36,482
1,0.1.0,wr-digitalocean-like-west-origin-carousel-u70-j1-k8192-c2-s15,15,17082043271,wr_s0_source,carousel_ack_join_noop,105003,1,482,482
1,0.1.0,wr-digitalocean-like-west-origin-carousel-u70-j1-k8192-c2-s15,15,17087257090,carousel_sender,carousel_liveness_last_ack_progress,1,0,409,8970563230
1,0.1.0,wr-digitalocean-like-west-origin-carousel-u70-j1-k8192-c2-s15,15,17087257090,carousel_sender,carousel_liveness_last_ack_seen,1,0,409,17087257090
1,0.1.0,wr-digitalocean-like-west-origin-carousel-u70-j1-k8192-c2-s15,15,17087257090,wr_s0_source,block_ack_received,105001,0,36,409
1,0.1.0,wr-digitalocean-like-west-origin-carousel-u70-j1-k8192-c2-s15,15,17087257090,wr_s0_source,carousel_ack_join_noop,105001,0,409,409
1,0.1.0,wr-digitalocean-like-west-origin-carousel-u70-j1-k8192-c2-s15,15,17106703874,carousel_sender,carousel_liveness_last_ack_progress,1,0,409,8970563230
1,0.1.0,wr-digitalocean-like-west-origin-carousel-u70-j1-k8192-c2-s15,15,17106703874,carousel_sender,carousel_liveness_last_ack_seen,1,0,409,17106703874
1,0.1.0,wr-digitalocean-like-west-origin-carousel-u70-j1-k8192-c2-s15,15,17106703874,wr_s0_source,block_ack_received,105001,0,36,409
1,0.1.0,wr-digitalocean-like-west-origin-carousel-u70-j1-k8192-c2-s15,15,17106703874,wr_s0_source,carousel_ack_join_noop,105001,0,409,409
1,0.1.0,wr-digitalocean-like-west-origin-carousel-u70-j1-k8192-c2-s15,15,17184919505,carousel_sender,carousel_liveness_last_ack_progress,3,1,482,2785541257
1,0.1.0,wr-digitalocean-like-west-origin-carousel-u70-j1-k8192-c2-s15,15,17184919505,carousel_sender,carousel_liveness_last_ack_seen,3,1,482,17184919505
1,0.1.0,wr-digitalocean-like-west-origin-carousel-u70-j1-k8192-c2-s15,15,17184919505,wr_s0_source,block_ack_received,105005,2,36,482
1,0.1.0,wr-digitalocean-like-west-origin-carousel-u70-j1-k8192-c2-s15,15,17184919505,wr_s0_source,carousel_ack_join_noop,105005,2,482,482
1,0.1.0,wr-digitalocean-like-west-origin-carousel-u70-j1-k8192-c2-s15,15,17356800001,wr_s0_source,ack_probe_submitted,105000,0,32,28
1,0.1.0,wr-digitalocean-like-west-origin-carousel-u70-j1-k8192-c2-s15,15,17359700000,wr_s0_receiver1,block_ack_submitted,105001,0,36,409
1,0.1.0,wr-digitalocean-like-west-origin-carousel-u70-j1-k8192-c2-s15,15,17381603531,carousel_sender,carousel_liveness_last_ack_progress,2,1,482,2080017209
1,0.1.0,wr-digitalocean-like-west-origin-carousel-u70-j1-k8192-c2-s15,15,17381603531,carousel_sender,carousel_liveness_last_ack_seen,2,1,482,17381603531
1,0.1.0,wr-digitalocean-like-west-origin-carousel-u70-j1-k8192-c2-s15,15,17381603531,wr_s0_source,block_ack_received,105003,1,36,482
1,0.1.0,wr-digitalocean-like-west-origin-carousel-u70-j1-k8192-c2-s15,15,17381603531,wr_s0_source,carousel_ack_join_noop,105003,1,482,482
1,0.1.0,wr-digitalocean-like-west-origin-carousel-u70-j1-k8192-c2-s15,15,17388078836,wr_s0_receiver1,ack_probe_runtime_dispatch,0,0,32,0
1,0.1.0,wr-digitalocean-like-west-origin-carousel-u70-j1-k8192-c2-s15,15,17388078836,wr_s0_receiver1,block_ack_submitted,105001,0,36,409
1,0.1.0,wr-digitalocean-like-west-origin-carousel-u70-j1-k8192-c2-s15,15,17389006427,carousel_sender,carousel_liveness_last_ack_progress,1,0,409,8970563230
1,0.1.0,wr-digitalocean-like-west-origin-carousel-u70-j1-k8192-c2-s15,15,17389006427,carousel_sender,carousel_liveness_last_ack_seen,1,0,409,17389006427
1,0.1.0,wr-digitalocean-like-west-origin-carousel-u70-j1-k8192-c2-s15,15,17389006427,wr_s0_source,block_ack_received,105001,0,36,409
1,0.1.0,wr-digitalocean-like-west-origin-carousel-u70-j1-k8192-c2-s15,15,17389006427,wr_s0_source,carousel_ack_join_noop,105001,0,409,409
1,0.1.0,wr-digitalocean-like-west-origin-carousel-u70-j1-k8192-c2-s15,15,17418998191,carousel_sender,carousel_liveness_last_ack_progress,1,0,409,8970563230
1,0.1.0,wr-digitalocean-like-west-origin-carousel-u70-j1-k8192-c2-s15,15,17418998191,carousel_sender,carousel_liveness_last_ack_seen,1,0,409,17418998191
1,0.1.0,wr-digitalocean-like-west-origin-carousel-u70-j1-k8192-c2-s15,15,17418998191,wr_s0_source,block_ack_received,105001,0,36,409
1,0.1.0,wr-digitalocean-like-west-origin-carousel-u70-j1-k8192-c2-s15,15,17418998191,wr_s0_source,carousel_ack_join_noop,105001,0,409,409
1,0.1.0,wr-digitalocean-like-west-origin-carousel-u70-j1-k8192-c2-s15,15,17485016803,carousel_sender,carousel_liveness_last_ack_progress,3,1,482,2785541257
1,0.1.0,wr-digitalocean-like-west-origin-carousel-u70-j1-k8192-c2-s15,15,17485016803,carousel_sender,carousel_liveness_last_ack_seen,3,1,482,17485016803
1,0.1.0,wr-digitalocean-like-west-origin-carousel-u70-j1-k8192-c2-s15,15,17485016803,wr_s0_source,block_ack_received,105005,2,36,482
1,0.1.0,wr-digitalocean-like-west-origin-carousel-u70-j1-k8192-c2-s15,15,17485016803,wr_s0_source,carousel_ack_join_noop,105005,2,482,482
1,0.1.0,wr-digitalocean-like-west-origin-carousel-u70-j1-k8192-c2-s15,15,17659700000,wr_s0_receiver1,block_ack_submitted,105001,0,36,409
1,0.1.0,wr-digitalocean-like-west-origin-carousel-u70-j1-k8192-c2-s15,15,17669000001,wr_s0_source,ack_probe_submitted,105000,0,32,28
1,0.1.0,wr-digitalocean-like-west-origin-carousel-u70-j1-k8192-c2-s15,15,17680112145,carousel_sender,carousel_liveness_last_ack_progress,2,1,482,2080017209
1,0.1.0,wr-digitalocean-like-west-origin-carousel-u70-j1-k8192-c2-s15,15,17680112145,carousel_sender,carousel_liveness_last_ack_seen,2,1,482,17680112145
1,0.1.0,wr-digitalocean-like-west-origin-carousel-u70-j1-k8192-c2-s15,15,17680112145,wr_s0_source,block_ack_received,105003,1,36,482
1,0.1.0,wr-digitalocean-like-west-origin-carousel-u70-j1-k8192-c2-s15,15,17680112145,wr_s0_source,carousel_ack_join_noop,105003,1,482,482
1,0.1.0,wr-digitalocean-like-west-origin-carousel-u70-j1-k8192-c2-s15,15,17688323004,carousel_sender,carousel_liveness_last_ack_progress,1,0,409,8970563230
1,0.1.0,wr-digitalocean-like-west-origin-carousel-u70-j1-k8192-c2-s15,15,17688323004,carousel_sender,carousel_liveness_last_ack_seen,1,0,409,17688323004
1,0.1.0,wr-digitalocean-like-west-origin-carousel-u70-j1-k8192-c2-s15,15,17688323004,wr_s0_source,block_ack_received,105001,0,36,409
1,0.1.0,wr-digitalocean-like-west-origin-carousel-u70-j1-k8192-c2-s15,15,17688323004,wr_s0_source,carousel_ack_join_noop,105001,0,409,409
1,0.1.0,wr-digitalocean-like-west-origin-carousel-u70-j1-k8192-c2-s15,15,17701358989,wr_s0_receiver1,ack_probe_runtime_dispatch,0,0,32,0
1,0.1.0,wr-digitalocean-like-west-origin-carousel-u70-j1-k8192-c2-s15,15,17701358989,wr_s0_receiver1,block_ack_submitted,105001,0,36,409
1,0.1.0,wr-digitalocean-like-west-origin-carousel-u70-j1-k8192-c2-s15,15,17733508500,carousel_sender,carousel_liveness_last_ack_progress,1,0,409,8970563230
1,0.1.0,wr-digitalocean-like-west-origin-carousel-u70-j1-k8192-c2-s15,15,17733508500,carousel_sender,carousel_liveness_last_ack_seen,1,0,409,17733508500
1,0.1.0,wr-digitalocean-like-west-origin-carousel-u70-j1-k8192-c2-s15,15,17733508500,wr_s0_source,block_ack_received,105001,0,36,409
1,0.1.0,wr-digitalocean-like-west-origin-carousel-u70-j1-k8192-c2-s15,15,17733508500,wr_s0_source,carousel_ack_join_noop,105001,0,409,409
1,0.1.0,wr-digitalocean-like-west-origin-carousel-u70-j1-k8192-c2-s15,15,17786197908,carousel_sender,carousel_liveness_last_ack_progress,3,1,482,2785541257
1,0.1.0,wr-digitalocean-like-west-origin-carousel-u70-j1-k8192-c2-s15,15,17786197908,carousel_sender,carousel_liveness_last_ack_seen,3,1,482,17786197908
1,0.1.0,wr-digitalocean-like-west-origin-carousel-u70-j1-k8192-c2-s15,15,17786197908,wr_s0_source,block_ack_received,105005,2,36,482
1,0.1.0,wr-digitalocean-like-west-origin-carousel-u70-j1-k8192-c2-s15,15,17786197908,wr_s0_source,carousel_ack_join_noop,105005,2,482,482
1,0.1.0,wr-digitalocean-like-west-origin-carousel-u70-j1-k8192-c2-s15,15,17959700000,wr_s0_receiver1,block_ack_submitted,105001,0,36,409
1,0.1.0,wr-digitalocean-like-west-origin-carousel-u70-j1-k8192-c2-s15,15,17980793646,carousel_sender,carousel_liveness_last_ack_progress,2,1,482,2080017209
1,0.1.0,wr-digitalocean-like-west-origin-carousel-u70-j1-k8192-c2-s15,15,17980793646,carousel_sender,carousel_liveness_last_ack_seen,2,1,482,17980793646
1,0.1.0,wr-digitalocean-like-west-origin-carousel-u70-j1-k8192-c2-s15,15,17980793646,wr_s0_source,block_ack_received,105003,1,36,482
1,0.1.0,wr-digitalocean-like-west-origin-carousel-u70-j1-k8192-c2-s15,15,17980793646,wr_s0_source,carousel_ack_join_noop,105003,1,482,482
1,0.1.0,wr-digitalocean-like-west-origin-carousel-u70-j1-k8192-c2-s15,15,17983600001,wr_s0_source,ack_probe_submitted,105000,0,32,28
1,0.1.0,wr-digitalocean-like-west-origin-carousel-u70-j1-k8192-c2-s15,15,17987294099,carousel_sender,carousel_liveness_last_ack_progress,1,0,409,8970563230
1,0.1.0,wr-digitalocean-like-west-origin-carousel-u70-j1-k8192-c2-s15,15,17987294099,carousel_sender,carousel_liveness_last_ack_seen,1,0,409,17987294099
1,0.1.0,wr-digitalocean-like-west-origin-carousel-u70-j1-k8192-c2-s15,15,17987294099,wr_s0_source,block_ack_received,105001,0,36,409
1,0.1.0,wr-digitalocean-like-west-origin-carousel-u70-j1-k8192-c2-s15,15,17987294099,wr_s0_source,carousel_ack_join_noop,105001,0,409,409
1,0.1.0,wr-digitalocean-like-west-origin-carousel-u70-j1-k8192-c2-s15,15,18017403662,wr_s0_receiver1,ack_probe_runtime_dispatch,0,0,32,0
1,0.1.0,wr-digitalocean-like-west-origin-carousel-u70-j1-k8192-c2-s15,15,18017403662,wr_s0_receiver1,block_ack_submitted,105001,0,36,409
1,0.1.0,wr-digitalocean-like-west-origin-carousel-u70-j1-k8192-c2-s15,15,18046323586,carousel_sender,carousel_liveness_last_ack_progress,1,0,409,8970563230
1,0.1.0,wr-digitalocean-like-west-origin-carousel-u70-j1-k8192-c2-s15,15,18046323586,carousel_sender,carousel_liveness_last_ack_seen,1,0,409,18046323586
1,0.1.0,wr-digitalocean-like-west-origin-carousel-u70-j1-k8192-c2-s15,15,18046323586,wr_s0_source,block_ack_received,105001,0,36,409
1,0.1.0,wr-digitalocean-like-west-origin-carousel-u70-j1-k8192-c2-s15,15,18046323586,wr_s0_source,carousel_ack_join_noop,105001,0,409,409
1,0.1.0,wr-digitalocean-like-west-origin-carousel-u70-j1-k8192-c2-s15,15,18083447263,carousel_sender,carousel_liveness_last_ack_progress,3,1,482,2785541257
1,0.1.0,wr-digitalocean-like-west-origin-carousel-u70-j1-k8192-c2-s15,15,18083447263,carousel_sender,carousel_liveness_last_ack_seen,3,1,482,18083447263
1,0.1.0,wr-digitalocean-like-west-origin-carousel-u70-j1-k8192-c2-s15,15,18083447263,wr_s0_source,block_ack_received,105005,2,36,482
1,0.1.0,wr-digitalocean-like-west-origin-carousel-u70-j1-k8192-c2-s15,15,18083447263,wr_s0_source,carousel_ack_join_noop,105005,2,482,482
1,0.1.0,wr-digitalocean-like-west-origin-carousel-u70-j1-k8192-c2-s15,15,18259700000,wr_s0_receiver1,block_ack_submitted,105001,0,36,409
1,0.1.0,wr-digitalocean-like-west-origin-carousel-u70-j1-k8192-c2-s15,15,18280129552,carousel_sender,carousel_liveness_last_ack_progress,2,1,482,2080017209
1,0.1.0,wr-digitalocean-like-west-origin-carousel-u70-j1-k8192-c2-s15,15,18280129552,carousel_sender,carousel_liveness_last_ack_seen,2,1,482,18280129552
1,0.1.0,wr-digitalocean-like-west-origin-carousel-u70-j1-k8192-c2-s15,15,18280129552,wr_s0_source,block_ack_received,105003,1,36,482
1,0.1.0,wr-digitalocean-like-west-origin-carousel-u70-j1-k8192-c2-s15,15,18280129552,wr_s0_source,carousel_ack_join_noop,105003,1,482,482
1,0.1.0,wr-digitalocean-like-west-origin-carousel-u70-j1-k8192-c2-s15,15,18288335528,carousel_sender,carousel_liveness_last_ack_progress,1,0,409,8970563230
1,0.1.0,wr-digitalocean-like-west-origin-carousel-u70-j1-k8192-c2-s15,15,18288335528,carousel_sender,carousel_liveness_last_ack_seen,1,0,409,18288335528
1,0.1.0,wr-digitalocean-like-west-origin-carousel-u70-j1-k8192-c2-s15,15,18288335528,wr_s0_source,block_ack_received,105001,0,36,409
1,0.1.0,wr-digitalocean-like-west-origin-carousel-u70-j1-k8192-c2-s15,15,18288335528,wr_s0_source,carousel_ack_join_noop,105001,0,409,409
1,0.1.0,wr-digitalocean-like-west-origin-carousel-u70-j1-k8192-c2-s15,15,18385662292,carousel_sender,carousel_liveness_last_ack_progress,3,1,482,2785541257
1,0.1.0,wr-digitalocean-like-west-origin-carousel-u70-j1-k8192-c2-s15,15,18385662292,carousel_sender,carousel_liveness_last_ack_seen,3,1,482,18385662292
1,0.1.0,wr-digitalocean-like-west-origin-carousel-u70-j1-k8192-c2-s15,15,18385662292,wr_s0_source,block_ack_received,105005,2,36,482
1,0.1.0,wr-digitalocean-like-west-origin-carousel-u70-j1-k8192-c2-s15,15,18385662292,wr_s0_source,carousel_ack_join_noop,105005,2,482,482
1,0.1.0,wr-digitalocean-like-west-origin-carousel-u70-j1-k8192-c2-s15,15,18538400001,wr_s0_source,ack_probe_submitted,105000,0,32,28
1,0.1.0,wr-digitalocean-like-west-origin-carousel-u70-j1-k8192-c2-s15,15,18559700000,wr_s0_receiver1,block_ack_submitted,105001,0,36,409
1,0.1.0,wr-digitalocean-like-west-origin-carousel-u70-j1-k8192-c2-s15,15,18570077719,wr_s0_receiver1,ack_probe_runtime_dispatch,0,0,32,0
1,0.1.0,wr-digitalocean-like-west-origin-carousel-u70-j1-k8192-c2-s15,15,18570077719,wr_s0_receiver1,block_ack_submitted,105001,0,36,409
1,0.1.0,wr-digitalocean-like-west-origin-carousel-u70-j1-k8192-c2-s15,15,18581811954,carousel_sender,carousel_liveness_last_ack_progress,2,1,482,2080017209
1,0.1.0,wr-digitalocean-like-west-origin-carousel-u70-j1-k8192-c2-s15,15,18581811954,carousel_sender,carousel_liveness_last_ack_seen,2,1,482,18581811954
1,0.1.0,wr-digitalocean-like-west-origin-carousel-u70-j1-k8192-c2-s15,15,18581811954,wr_s0_source,block_ack_received,105003,1,36,482
1,0.1.0,wr-digitalocean-like-west-origin-carousel-u70-j1-k8192-c2-s15,15,18581811954,wr_s0_source,carousel_ack_join_noop,105003,1,482,482
1,0.1.0,wr-digitalocean-like-west-origin-carousel-u70-j1-k8192-c2-s15,15,18590194577,carousel_sender,carousel_liveness_last_ack_progress,1,0,409,8970563230
1,0.1.0,wr-digitalocean-like-west-origin-carousel-u70-j1-k8192-c2-s15,15,18590194577,carousel_sender,carousel_liveness_last_ack_seen,1,0,409,18590194577
1,0.1.0,wr-digitalocean-like-west-origin-carousel-u70-j1-k8192-c2-s15,15,18590194577,wr_s0_source,block_ack_received,105001,0,36,409
1,0.1.0,wr-digitalocean-like-west-origin-carousel-u70-j1-k8192-c2-s15,15,18590194577,wr_s0_source,carousel_ack_join_noop,105001,0,409,409
1,0.1.0,wr-digitalocean-like-west-origin-carousel-u70-j1-k8192-c2-s15,15,18598903239,carousel_sender,carousel_liveness_last_ack_progress,1,0,409,8970563230
1,0.1.0,wr-digitalocean-like-west-origin-carousel-u70-j1-k8192-c2-s15,15,18598903239,carousel_sender,carousel_liveness_last_ack_seen,1,0,409,18598903239
1,0.1.0,wr-digitalocean-like-west-origin-carousel-u70-j1-k8192-c2-s15,15,18598903239,wr_s0_source,block_ack_received,105001,0,36,409
1,0.1.0,wr-digitalocean-like-west-origin-carousel-u70-j1-k8192-c2-s15,15,18598903239,wr_s0_source,carousel_ack_join_noop,105001,0,409,409
1,0.1.0,wr-digitalocean-like-west-origin-carousel-u70-j1-k8192-c2-s15,15,18687652070,carousel_sender,carousel_liveness_last_ack_progress,3,1,482,2785541257
1,0.1.0,wr-digitalocean-like-west-origin-carousel-u70-j1-k8192-c2-s15,15,18687652070,carousel_sender,carousel_liveness_last_ack_seen,3,1,482,18687652070
1,0.1.0,wr-digitalocean-like-west-origin-carousel-u70-j1-k8192-c2-s15,15,18687652070,wr_s0_source,block_ack_received,105005,2,36,482
1,0.1.0,wr-digitalocean-like-west-origin-carousel-u70-j1-k8192-c2-s15,15,18687652070,wr_s0_source,carousel_ack_join_noop,105005,2,482,482
1,0.1.0,wr-digitalocean-like-west-origin-carousel-u70-j1-k8192-c2-s15,15,18849000001,wr_s0_source,ack_probe_submitted,105000,0,32,28
1,0.1.0,wr-digitalocean-like-west-origin-carousel-u70-j1-k8192-c2-s15,15,18859700000,wr_s0_receiver1,block_ack_submitted,105001,0,36,409
1,0.1.0,wr-digitalocean-like-west-origin-carousel-u70-j1-k8192-c2-s15,15,18879182457,carousel_sender,carousel_liveness_last_ack_progress,2,1,482,2080017209
1,0.1.0,wr-digitalocean-like-west-origin-carousel-u70-j1-k8192-c2-s15,15,18879182457,carousel_sender,carousel_liveness_last_ack_seen,2,1,482,18879182457
1,0.1.0,wr-digitalocean-like-west-origin-carousel-u70-j1-k8192-c2-s15,15,18879182457,wr_s0_source,block_ack_received,105003,1,36,482
1,0.1.0,wr-digitalocean-like-west-origin-carousel-u70-j1-k8192-c2-s15,15,18879182457,wr_s0_source,carousel_ack_join_noop,105003,1,482,482
1,0.1.0,wr-digitalocean-like-west-origin-carousel-u70-j1-k8192-c2-s15,15,18880013588,wr_s0_receiver1,ack_probe_runtime_dispatch,0,0,32,0
1,0.1.0,wr-digitalocean-like-west-origin-carousel-u70-j1-k8192-c2-s15,15,18880013588,wr_s0_receiver1,block_ack_submitted,105001,0,36,409
1,0.1.0,wr-digitalocean-like-west-origin-carousel-u70-j1-k8192-c2-s15,15,18887538371,carousel_sender,carousel_liveness_last_ack_progress,1,0,409,8970563230
1,0.1.0,wr-digitalocean-like-west-origin-carousel-u70-j1-k8192-c2-s15,15,18887538371,carousel_sender,carousel_liveness_last_ack_seen,1,0,409,18887538371
1,0.1.0,wr-digitalocean-like-west-origin-carousel-u70-j1-k8192-c2-s15,15,18887538371,wr_s0_source,block_ack_received,105001,0,36,409
1,0.1.0,wr-digitalocean-like-west-origin-carousel-u70-j1-k8192-c2-s15,15,18887538371,wr_s0_source,carousel_ack_join_noop,105001,0,409,409
1,0.1.0,wr-digitalocean-like-west-origin-carousel-u70-j1-k8192-c2-s15,15,18907550553,carousel_sender,carousel_liveness_last_ack_progress,1,0,409,8970563230
1,0.1.0,wr-digitalocean-like-west-origin-carousel-u70-j1-k8192-c2-s15,15,18907550553,carousel_sender,carousel_liveness_last_ack_seen,1,0,409,18907550553
1,0.1.0,wr-digitalocean-like-west-origin-carousel-u70-j1-k8192-c2-s15,15,18907550553,wr_s0_source,block_ack_received,105001,0,36,409
1,0.1.0,wr-digitalocean-like-west-origin-carousel-u70-j1-k8192-c2-s15,15,18907550553,wr_s0_source,carousel_ack_join_noop,105001,0,409,409
1,0.1.0,wr-digitalocean-like-west-origin-carousel-u70-j1-k8192-c2-s15,15,18986490532,carousel_sender,carousel_liveness_last_ack_progress,3,1,482,2785541257
1,0.1.0,wr-digitalocean-like-west-origin-carousel-u70-j1-k8192-c2-s15,15,18986490532,carousel_sender,carousel_liveness_last_ack_seen,3,1,482,18986490532
1,0.1.0,wr-digitalocean-like-west-origin-carousel-u70-j1-k8192-c2-s15,15,18986490532,wr_s0_source,block_ack_received,105005,2,36,482
1,0.1.0,wr-digitalocean-like-west-origin-carousel-u70-j1-k8192-c2-s15,15,18986490532,wr_s0_source,carousel_ack_join_noop,105005,2,482,482
1,0.1.0,wr-digitalocean-like-west-origin-carousel-u70-j1-k8192-c2-s15,15,19157600001,wr_s0_source,ack_probe_submitted,105000,0,32,28
1,0.1.0,wr-digitalocean-like-west-origin-carousel-u70-j1-k8192-c2-s15,15,19159700000,wr_s0_receiver1,block_ack_submitted,105001,0,36,409
1,0.1.0,wr-digitalocean-like-west-origin-carousel-u70-j1-k8192-c2-s15,15,19187958742,wr_s0_receiver1,ack_probe_runtime_dispatch,0,0,32,0
1,0.1.0,wr-digitalocean-like-west-origin-carousel-u70-j1-k8192-c2-s15,15,19187958742,wr_s0_receiver1,block_ack_submitted,105001,0,36,409
1,0.1.0,wr-digitalocean-like-west-origin-carousel-u70-j1-k8192-c2-s15,15,19188415045,carousel_sender,carousel_liveness_last_ack_progress,1,0,409,8970563230
1,0.1.0,wr-digitalocean-like-west-origin-carousel-u70-j1-k8192-c2-s15,15,19188415045,carousel_sender,carousel_liveness_last_ack_seen,1,0,409,19188415045
1,0.1.0,wr-digitalocean-like-west-origin-carousel-u70-j1-k8192-c2-s15,15,19188415045,wr_s0_source,block_ack_received,105001,0,36,409
1,0.1.0,wr-digitalocean-like-west-origin-carousel-u70-j1-k8192-c2-s15,15,19188415045,wr_s0_source,carousel_ack_join_noop,105001,0,409,409
1,0.1.0,wr-digitalocean-like-west-origin-carousel-u70-j1-k8192-c2-s15,15,19216570072,carousel_sender,carousel_liveness_last_ack_progress,1,0,409,8970563230
1,0.1.0,wr-digitalocean-like-west-origin-carousel-u70-j1-k8192-c2-s15,15,19216570072,carousel_sender,carousel_liveness_last_ack_seen,1,0,409,19216570072
1,0.1.0,wr-digitalocean-like-west-origin-carousel-u70-j1-k8192-c2-s15,15,19216570072,wr_s0_source,block_ack_received,105001,0,36,409
1,0.1.0,wr-digitalocean-like-west-origin-carousel-u70-j1-k8192-c2-s15,15,19216570072,wr_s0_source,carousel_ack_join_noop,105001,0,409,409
1,0.1.0,wr-digitalocean-like-west-origin-carousel-u70-j1-k8192-c2-s15,15,19286478370,carousel_sender,carousel_liveness_last_ack_progress,3,1,482,2785541257
1,0.1.0,wr-digitalocean-like-west-origin-carousel-u70-j1-k8192-c2-s15,15,19286478370,carousel_sender,carousel_liveness_last_ack_seen,3,1,482,19286478370
1,0.1.0,wr-digitalocean-like-west-origin-carousel-u70-j1-k8192-c2-s15,15,19286478370,wr_s0_source,block_ack_received,105005,2,36,482
1,0.1.0,wr-digitalocean-like-west-origin-carousel-u70-j1-k8192-c2-s15,15,19286478370,wr_s0_source,carousel_ack_join_noop,105005,2,482,482
1,0.1.0,wr-digitalocean-like-west-origin-carousel-u70-j1-k8192-c2-s15,15,19459700000,wr_s0_receiver1,block_ack_submitted,105001,0,36,409
1,0.1.0,wr-digitalocean-like-west-origin-carousel-u70-j1-k8192-c2-s15,15,19466600001,wr_s0_source,ack_probe_submitted,105000,0,32,28
1,0.1.0,wr-digitalocean-like-west-origin-carousel-u70-j1-k8192-c2-s15,15,19487960021,carousel_sender,carousel_liveness_last_ack_progress,1,0,409,8970563230
1,0.1.0,wr-digitalocean-like-west-origin-carousel-u70-j1-k8192-c2-s15,15,19487960021,carousel_sender,carousel_liveness_last_ack_seen,1,0,409,19487960021
1,0.1.0,wr-digitalocean-like-west-origin-carousel-u70-j1-k8192-c2-s15,15,19487960021,wr_s0_source,block_ack_received,105001,0,36,409
1,0.1.0,wr-digitalocean-like-west-origin-carousel-u70-j1-k8192-c2-s15,15,19487960021,wr_s0_source,carousel_ack_join_noop,105001,0,409,409
1,0.1.0,wr-digitalocean-like-west-origin-carousel-u70-j1-k8192-c2-s15,15,19501460660,wr_s0_receiver1,ack_probe_runtime_dispatch,0,0,32,0
1,0.1.0,wr-digitalocean-like-west-origin-carousel-u70-j1-k8192-c2-s15,15,19501460660,wr_s0_receiver1,block_ack_submitted,105001,0,36,409
1,0.1.0,wr-digitalocean-like-west-origin-carousel-u70-j1-k8192-c2-s15,15,19529143672,carousel_sender,carousel_liveness_last_ack_progress,1,0,409,8970563230
1,0.1.0,wr-digitalocean-like-west-origin-carousel-u70-j1-k8192-c2-s15,15,19529143672,carousel_sender,carousel_liveness_last_ack_seen,1,0,409,19529143672
1,0.1.0,wr-digitalocean-like-west-origin-carousel-u70-j1-k8192-c2-s15,15,19529143672,wr_s0_source,block_ack_received,105001,0,36,409
1,0.1.0,wr-digitalocean-like-west-origin-carousel-u70-j1-k8192-c2-s15,15,19529143672,wr_s0_source,carousel_ack_join_noop,105001,0,409,409
1,0.1.0,wr-digitalocean-like-west-origin-carousel-u70-j1-k8192-c2-s15,15,19586135837,carousel_sender,carousel_liveness_last_ack_progress,3,1,482,2785541257
1,0.1.0,wr-digitalocean-like-west-origin-carousel-u70-j1-k8192-c2-s15,15,19586135837,carousel_sender,carousel_liveness_last_ack_seen,3,1,482,19586135837
1,0.1.0,wr-digitalocean-like-west-origin-carousel-u70-j1-k8192-c2-s15,15,19586135837,wr_s0_source,block_ack_received,105005,2,36,482
1,0.1.0,wr-digitalocean-like-west-origin-carousel-u70-j1-k8192-c2-s15,15,19586135837,wr_s0_source,carousel_ack_join_noop,105005,2,482,482
1,0.1.0,wr-digitalocean-like-west-origin-carousel-u70-j1-k8192-c2-s15,15,19759700000,wr_s0_receiver1,block_ack_submitted,105001,0,36,409
1,0.1.0,wr-digitalocean-like-west-origin-carousel-u70-j1-k8192-c2-s15,15,19779200001,wr_s0_source,ack_probe_submitted,105000,0,32,28
1,0.1.0,wr-digitalocean-like-west-origin-carousel-u70-j1-k8192-c2-s15,15,19788625714,carousel_sender,carousel_liveness_last_ack_progress,1,0,409,8970563230
1,0.1.0,wr-digitalocean-like-west-origin-carousel-u70-j1-k8192-c2-s15,15,19788625714,carousel_sender,carousel_liveness_last_ack_seen,1,0,409,19788625714
1,0.1.0,wr-digitalocean-like-west-origin-carousel-u70-j1-k8192-c2-s15,15,19788625714,wr_s0_source,block_ack_received,105001,0,36,409
1,0.1.0,wr-digitalocean-like-west-origin-carousel-u70-j1-k8192-c2-s15,15,19788625714,wr_s0_source,carousel_ack_join_noop,105001,0,409,409
1,0.1.0,wr-digitalocean-like-west-origin-carousel-u70-j1-k8192-c2-s15,15,19810096105,wr_s0_receiver1,ack_probe_runtime_dispatch,0,0,32,0
1,0.1.0,wr-digitalocean-like-west-origin-carousel-u70-j1-k8192-c2-s15,15,19810096105,wr_s0_receiver1,block_ack_submitted,105001,0,36,409
1,0.1.0,wr-digitalocean-like-west-origin-carousel-u70-j1-k8192-c2-s15,15,19838660103,carousel_sender,carousel_liveness_last_ack_progress,1,0,409,8970563230
1,0.1.0,wr-digitalocean-like-west-origin-carousel-u70-j1-k8192-c2-s15,15,19838660103,carousel_sender,carousel_liveness_last_ack_seen,1,0,409,19838660103
1,0.1.0,wr-digitalocean-like-west-origin-carousel-u70-j1-k8192-c2-s15,15,19838660103,wr_s0_source,block_ack_received,105001,0,36,409
1,0.1.0,wr-digitalocean-like-west-origin-carousel-u70-j1-k8192-c2-s15,15,19838660103,wr_s0_source,carousel_ack_join_noop,105001,0,409,409
1,0.1.0,wr-digitalocean-like-west-origin-carousel-u70-j1-k8192-c2-s15,15,20059700000,wr_s0_receiver1,block_ack_submitted,105001,0,36,409
1,0.1.0,wr-digitalocean-like-west-origin-carousel-u70-j1-k8192-c2-s15,15,20088700001,wr_s0_source,ack_probe_submitted,105000,0,32,28
1,0.1.0,wr-digitalocean-like-west-origin-carousel-u70-j1-k8192-c2-s15,15,20089344241,carousel_sender,carousel_liveness_last_ack_progress,1,0,409,8970563230
1,0.1.0,wr-digitalocean-like-west-origin-carousel-u70-j1-k8192-c2-s15,15,20089344241,carousel_sender,carousel_liveness_last_ack_seen,1,0,409,20089344241
1,0.1.0,wr-digitalocean-like-west-origin-carousel-u70-j1-k8192-c2-s15,15,20089344241,wr_s0_source,block_ack_received,105001,0,36,409
1,0.1.0,wr-digitalocean-like-west-origin-carousel-u70-j1-k8192-c2-s15,15,20089344241,wr_s0_source,carousel_ack_join_noop,105001,0,409,409
1,0.1.0,wr-digitalocean-like-west-origin-carousel-u70-j1-k8192-c2-s15,15,20119715151,wr_s0_receiver1,ack_probe_runtime_dispatch,0,0,32,0
1,0.1.0,wr-digitalocean-like-west-origin-carousel-u70-j1-k8192-c2-s15,15,20119715151,wr_s0_receiver1,block_ack_submitted,105001,0,36,409
1,0.1.0,wr-digitalocean-like-west-origin-carousel-u70-j1-k8192-c2-s15,15,20148524401,carousel_sender,carousel_liveness_last_ack_progress,1,0,409,8970563230
1,0.1.0,wr-digitalocean-like-west-origin-carousel-u70-j1-k8192-c2-s15,15,20148524401,carousel_sender,carousel_liveness_last_ack_seen,1,0,409,20148524401
1,0.1.0,wr-digitalocean-like-west-origin-carousel-u70-j1-k8192-c2-s15,15,20148524401,wr_s0_source,block_ack_received,105001,0,36,409
1,0.1.0,wr-digitalocean-like-west-origin-carousel-u70-j1-k8192-c2-s15,15,20148524401,wr_s0_source,carousel_ack_join_noop,105001,0,409,409
1,0.1.0,wr-digitalocean-like-west-origin-carousel-u70-j1-k8192-c2-s15,15,20359700000,wr_s0_receiver1,block_ack_submitted,105001,0,36,409
1,0.1.0,wr-digitalocean-like-west-origin-carousel-u70-j1-k8192-c2-s15,15,20387651604,carousel_sender,carousel_liveness_last_ack_progress,1,0,409,8970563230
1,0.1.0,wr-digitalocean-like-west-origin-carousel-u70-j1-k8192-c2-s15,15,20387651604,carousel_sender,carousel_liveness_last_ack_seen,1,0,409,20387651604
1,0.1.0,wr-digitalocean-like-west-origin-carousel-u70-j1-k8192-c2-s15,15,20387651604,wr_s0_source,block_ack_received,105001,0,36,409
1,0.1.0,wr-digitalocean-like-west-origin-carousel-u70-j1-k8192-c2-s15,15,20387651604,wr_s0_source,carousel_ack_join_noop,105001,0,409,409
1,0.1.0,wr-digitalocean-like-west-origin-carousel-u70-j1-k8192-c2-s15,15,20637700001,wr_s0_source,ack_probe_submitted,105000,0,32,28
1,0.1.0,wr-digitalocean-like-west-origin-carousel-u70-j1-k8192-c2-s15,15,20659700000,wr_s0_receiver1,block_ack_submitted,105001,0,36,409
1,0.1.0,wr-digitalocean-like-west-origin-carousel-u70-j1-k8192-c2-s15,15,20668836301,wr_s0_receiver1,ack_probe_runtime_dispatch,0,0,32,0
1,0.1.0,wr-digitalocean-like-west-origin-carousel-u70-j1-k8192-c2-s15,15,20668836301,wr_s0_receiver1,block_ack_submitted,105001,0,36,409
1,0.1.0,wr-digitalocean-like-west-origin-carousel-u70-j1-k8192-c2-s15,15,20687550642,carousel_sender,carousel_liveness_last_ack_progress,1,0,409,8970563230
1,0.1.0,wr-digitalocean-like-west-origin-carousel-u70-j1-k8192-c2-s15,15,20687550642,carousel_sender,carousel_liveness_last_ack_seen,1,0,409,20687550642
1,0.1.0,wr-digitalocean-like-west-origin-carousel-u70-j1-k8192-c2-s15,15,20687550642,wr_s0_source,block_ack_received,105001,0,36,409
1,0.1.0,wr-digitalocean-like-west-origin-carousel-u70-j1-k8192-c2-s15,15,20687550642,wr_s0_source,carousel_ack_join_noop,105001,0,409,409
1,0.1.0,wr-digitalocean-like-west-origin-carousel-u70-j1-k8192-c2-s15,15,20696686943,carousel_sender,carousel_liveness_last_ack_progress,1,0,409,8970563230
1,0.1.0,wr-digitalocean-like-west-origin-carousel-u70-j1-k8192-c2-s15,15,20696686943,carousel_sender,carousel_liveness_last_ack_seen,1,0,409,20696686943
1,0.1.0,wr-digitalocean-like-west-origin-carousel-u70-j1-k8192-c2-s15,15,20696686943,wr_s0_source,block_ack_received,105001,0,36,409
1,0.1.0,wr-digitalocean-like-west-origin-carousel-u70-j1-k8192-c2-s15,15,20696686943,wr_s0_source,carousel_ack_join_noop,105001,0,409,409
1,0.1.0,wr-digitalocean-like-west-origin-carousel-u70-j1-k8192-c2-s15,15,20946700001,wr_s0_source,ack_probe_submitted,105000,0,32,28
1,0.1.0,wr-digitalocean-like-west-origin-carousel-u70-j1-k8192-c2-s15,15,20959700000,wr_s0_receiver1,block_ack_submitted,105001,0,36,409
1,0.1.0,wr-digitalocean-like-west-origin-carousel-u70-j1-k8192-c2-s15,15,20986467227,wr_s0_receiver1,ack_probe_runtime_dispatch,0,0,32,0
1,0.1.0,wr-digitalocean-like-west-origin-carousel-u70-j1-k8192-c2-s15,15,20986467227,wr_s0_receiver1,block_ack_submitted,105001,0,36,409
1,0.1.0,wr-digitalocean-like-west-origin-carousel-u70-j1-k8192-c2-s15,15,20987535166,carousel_sender,carousel_liveness_last_ack_progress,1,0,409,8970563230
1,0.1.0,wr-digitalocean-like-west-origin-carousel-u70-j1-k8192-c2-s15,15,20987535166,carousel_sender,carousel_liveness_last_ack_seen,1,0,409,20987535166
1,0.1.0,wr-digitalocean-like-west-origin-carousel-u70-j1-k8192-c2-s15,15,20987535166,wr_s0_source,block_ack_received,105001,0,36,409
1,0.1.0,wr-digitalocean-like-west-origin-carousel-u70-j1-k8192-c2-s15,15,20987535166,wr_s0_source,carousel_ack_join_noop,105001,0,409,409
1,0.1.0,wr-digitalocean-like-west-origin-carousel-u70-j1-k8192-c2-s15,15,21017910179,carousel_sender,carousel_liveness_last_ack_progress,1,0,409,8970563230
1,0.1.0,wr-digitalocean-like-west-origin-carousel-u70-j1-k8192-c2-s15,15,21017910179,carousel_sender,carousel_liveness_last_ack_seen,1,0,409,21017910179
1,0.1.0,wr-digitalocean-like-west-origin-carousel-u70-j1-k8192-c2-s15,15,21017910179,wr_s0_source,block_ack_received,105001,0,36,409
1,0.1.0,wr-digitalocean-like-west-origin-carousel-u70-j1-k8192-c2-s15,15,21017910179,wr_s0_source,carousel_ack_join_noop,105001,0,409,409
1,0.1.0,wr-digitalocean-like-west-origin-carousel-u70-j1-k8192-c2-s15,15,21259700000,wr_s0_receiver1,block_ack_submitted,105001,0,36,409
1,0.1.0,wr-digitalocean-like-west-origin-carousel-u70-j1-k8192-c2-s15,15,21268000001,wr_s0_source,ack_probe_submitted,105000,0,32,28
1,0.1.0,wr-digitalocean-like-west-origin-carousel-u70-j1-k8192-c2-s15,15,21288594354,carousel_sender,carousel_liveness_last_ack_progress,1,0,409,8970563230
1,0.1.0,wr-digitalocean-like-west-origin-carousel-u70-j1-k8192-c2-s15,15,21288594354,carousel_sender,carousel_liveness_last_ack_seen,1,0,409,21288594354
1,0.1.0,wr-digitalocean-like-west-origin-carousel-u70-j1-k8192-c2-s15,15,21288594354,wr_s0_source,block_ack_received,105001,0,36,409
1,0.1.0,wr-digitalocean-like-west-origin-carousel-u70-j1-k8192-c2-s15,15,21288594354,wr_s0_source,carousel_ack_join_noop,105001,0,409,409
1,0.1.0,wr-digitalocean-like-west-origin-carousel-u70-j1-k8192-c2-s15,15,21299730391,wr_s0_receiver1,ack_probe_runtime_dispatch,0,0,32,0
1,0.1.0,wr-digitalocean-like-west-origin-carousel-u70-j1-k8192-c2-s15,15,21299730391,wr_s0_receiver1,block_ack_submitted,105001,0,36,409
1,0.1.0,wr-digitalocean-like-west-origin-carousel-u70-j1-k8192-c2-s15,15,21327263956,carousel_sender,carousel_liveness_last_ack_progress,1,0,409,8970563230
1,0.1.0,wr-digitalocean-like-west-origin-carousel-u70-j1-k8192-c2-s15,15,21327263956,carousel_sender,carousel_liveness_last_ack_seen,1,0,409,21327263956
1,0.1.0,wr-digitalocean-like-west-origin-carousel-u70-j1-k8192-c2-s15,15,21327263956,wr_s0_source,block_ack_received,105001,0,36,409
1,0.1.0,wr-digitalocean-like-west-origin-carousel-u70-j1-k8192-c2-s15,15,21327263956,wr_s0_source,carousel_ack_join_noop,105001,0,409,409
1,0.1.0,wr-digitalocean-like-west-origin-carousel-u70-j1-k8192-c2-s15,15,21559700000,wr_s0_receiver1,block_ack_submitted,105001,0,36,409
1,0.1.0,wr-digitalocean-like-west-origin-carousel-u70-j1-k8192-c2-s15,15,21577300001,wr_s0_source,ack_probe_submitted,105000,0,32,28
1,0.1.0,wr-digitalocean-like-west-origin-carousel-u70-j1-k8192-c2-s15,15,21587332655,carousel_sender,carousel_liveness_last_ack_progress,1,0,409,8970563230
1,0.1.0,wr-digitalocean-like-west-origin-carousel-u70-j1-k8192-c2-s15,15,21587332655,carousel_sender,carousel_liveness_last_ack_seen,1,0,409,21587332655
1,0.1.0,wr-digitalocean-like-west-origin-carousel-u70-j1-k8192-c2-s15,15,21587332655,wr_s0_source,block_ack_received,105001,0,36,409
1,0.1.0,wr-digitalocean-like-west-origin-carousel-u70-j1-k8192-c2-s15,15,21587332655,wr_s0_source,carousel_ack_join_noop,105001,0,409,409
1,0.1.0,wr-digitalocean-like-west-origin-carousel-u70-j1-k8192-c2-s15,15,21611103585,wr_s0_receiver1,ack_probe_runtime_dispatch,0,0,32,0
1,0.1.0,wr-digitalocean-like-west-origin-carousel-u70-j1-k8192-c2-s15,15,21611103585,wr_s0_receiver1,block_ack_submitted,105001,0,36,409
1,0.1.0,wr-digitalocean-like-west-origin-carousel-u70-j1-k8192-c2-s15,15,21639996928,carousel_sender,carousel_liveness_last_ack_progress,1,0,409,8970563230
1,0.1.0,wr-digitalocean-like-west-origin-carousel-u70-j1-k8192-c2-s15,15,21639996928,carousel_sender,carousel_liveness_last_ack_seen,1,0,409,21639996928
1,0.1.0,wr-digitalocean-like-west-origin-carousel-u70-j1-k8192-c2-s15,15,21639996928,wr_s0_source,block_ack_received,105001,0,36,409
1,0.1.0,wr-digitalocean-like-west-origin-carousel-u70-j1-k8192-c2-s15,15,21639996928,wr_s0_source,carousel_ack_join_noop,105001,0,409,409
1,0.1.0,wr-digitalocean-like-west-origin-carousel-u70-j1-k8192-c2-s15,15,21859700000,wr_s0_receiver1,block_ack_submitted,105001,0,36,409
1,0.1.0,wr-digitalocean-like-west-origin-carousel-u70-j1-k8192-c2-s15,15,21887692995,carousel_sender,carousel_liveness_last_ack_progress,1,0,409,8970563230
1,0.1.0,wr-digitalocean-like-west-origin-carousel-u70-j1-k8192-c2-s15,15,21887692995,carousel_sender,carousel_liveness_last_ack_seen,1,0,409,21887692995
1,0.1.0,wr-digitalocean-like-west-origin-carousel-u70-j1-k8192-c2-s15,15,21887692995,wr_s0_source,block_ack_received,105001,0,36,409
1,0.1.0,wr-digitalocean-like-west-origin-carousel-u70-j1-k8192-c2-s15,15,21887692995,wr_s0_source,carousel_ack_join_noop,105001,0,409,409
1,0.1.0,wr-digitalocean-like-west-origin-carousel-u70-j1-k8192-c2-s15,15,22137700001,wr_s0_source,ack_probe_submitted,105000,0,32,28
1,0.1.0,wr-digitalocean-like-west-origin-carousel-u70-j1-k8192-c2-s15,15,22159700000,wr_s0_receiver1,block_ack_submitted,105001,0,36,409
1,0.1.0,wr-digitalocean-like-west-origin-carousel-u70-j1-k8192-c2-s15,15,22167114347,wr_s0_receiver1,ack_probe_runtime_dispatch,0,0,32,0
1,0.1.0,wr-digitalocean-like-west-origin-carousel-u70-j1-k8192-c2-s15,15,22167114347,wr_s0_receiver1,block_ack_submitted,105001,0,36,409
1,0.1.0,wr-digitalocean-like-west-origin-carousel-u70-j1-k8192-c2-s15,15,22187808676,carousel_sender,carousel_liveness_last_ack_progress,1,0,409,8970563230
1,0.1.0,wr-digitalocean-like-west-origin-carousel-u70-j1-k8192-c2-s15,15,22187808676,carousel_sender,carousel_liveness_last_ack_seen,1,0,409,22187808676
1,0.1.0,wr-digitalocean-like-west-origin-carousel-u70-j1-k8192-c2-s15,15,22187808676,wr_s0_source,block_ack_received,105001,0,36,409
1,0.1.0,wr-digitalocean-like-west-origin-carousel-u70-j1-k8192-c2-s15,15,22187808676,wr_s0_source,carousel_ack_join_noop,105001,0,409,409
1,0.1.0,wr-digitalocean-like-west-origin-carousel-u70-j1-k8192-c2-s15,15,22195900117,carousel_sender,carousel_liveness_last_ack_progress,1,0,409,8970563230
1,0.1.0,wr-digitalocean-like-west-origin-carousel-u70-j1-k8192-c2-s15,15,22195900117,carousel_sender,carousel_liveness_last_ack_seen,1,0,409,22195900117
1,0.1.0,wr-digitalocean-like-west-origin-carousel-u70-j1-k8192-c2-s15,15,22195900117,wr_s0_source,block_ack_received,105001,0,36,409
1,0.1.0,wr-digitalocean-like-west-origin-carousel-u70-j1-k8192-c2-s15,15,22195900117,wr_s0_source,carousel_ack_join_noop,105001,0,409,409
1,0.1.0,wr-digitalocean-like-west-origin-carousel-u70-j1-k8192-c2-s15,15,22446000001,wr_s0_source,ack_probe_submitted,105000,0,32,28
1,0.1.0,wr-digitalocean-like-west-origin-carousel-u70-j1-k8192-c2-s15,15,22459700000,wr_s0_receiver1,block_ack_submitted,105001,0,36,409
1,0.1.0,wr-digitalocean-like-west-origin-carousel-u70-j1-k8192-c2-s15,15,22477303488,wr_s0_receiver1,ack_probe_runtime_dispatch,0,0,32,0
1,0.1.0,wr-digitalocean-like-west-origin-carousel-u70-j1-k8192-c2-s15,15,22477303488,wr_s0_receiver1,block_ack_submitted,105001,0,36,409
1,0.1.0,wr-digitalocean-like-west-origin-carousel-u70-j1-k8192-c2-s15,15,22487585077,carousel_sender,carousel_liveness_last_ack_progress,1,0,409,8970563230
1,0.1.0,wr-digitalocean-like-west-origin-carousel-u70-j1-k8192-c2-s15,15,22487585077,carousel_sender,carousel_liveness_last_ack_seen,1,0,409,22487585077
1,0.1.0,wr-digitalocean-like-west-origin-carousel-u70-j1-k8192-c2-s15,15,22487585077,wr_s0_source,block_ack_received,105001,0,36,409
1,0.1.0,wr-digitalocean-like-west-origin-carousel-u70-j1-k8192-c2-s15,15,22487585077,wr_s0_source,carousel_ack_join_noop,105001,0,409,409
1,0.1.0,wr-digitalocean-like-west-origin-carousel-u70-j1-k8192-c2-s15,15,22506573515,carousel_sender,carousel_liveness_last_ack_progress,1,0,409,8970563230
1,0.1.0,wr-digitalocean-like-west-origin-carousel-u70-j1-k8192-c2-s15,15,22506573515,carousel_sender,carousel_liveness_last_ack_seen,1,0,409,22506573515
1,0.1.0,wr-digitalocean-like-west-origin-carousel-u70-j1-k8192-c2-s15,15,22506573515,wr_s0_source,block_ack_received,105001,0,36,409
1,0.1.0,wr-digitalocean-like-west-origin-carousel-u70-j1-k8192-c2-s15,15,22506573515,wr_s0_source,carousel_ack_join_noop,105001,0,409,409
1,0.1.0,wr-digitalocean-like-west-origin-carousel-u70-j1-k8192-c2-s15,15,22756600001,wr_s0_source,ack_probe_submitted,105000,0,32,28
1,0.1.0,wr-digitalocean-like-west-origin-carousel-u70-j1-k8192-c2-s15,15,22759700000,wr_s0_receiver1,block_ack_submitted,105001,0,36,409
1,0.1.0,wr-digitalocean-like-west-origin-carousel-u70-j1-k8192-c2-s15,15,22787159394,wr_s0_receiver1,ack_probe_runtime_dispatch,0,0,32,0
1,0.1.0,wr-digitalocean-like-west-origin-carousel-u70-j1-k8192-c2-s15,15,22787159394,wr_s0_receiver1,block_ack_submitted,105001,0,36,409
1,0.1.0,wr-digitalocean-like-west-origin-carousel-u70-j1-k8192-c2-s15,15,22787300741,carousel_sender,carousel_liveness_last_ack_progress,1,0,409,8970563230
1,0.1.0,wr-digitalocean-like-west-origin-carousel-u70-j1-k8192-c2-s15,15,22787300741,carousel_sender,carousel_liveness_last_ack_seen,1,0,409,22787300741
1,0.1.0,wr-digitalocean-like-west-origin-carousel-u70-j1-k8192-c2-s15,15,22787300741,wr_s0_source,block_ack_received,105001,0,36,409
1,0.1.0,wr-digitalocean-like-west-origin-carousel-u70-j1-k8192-c2-s15,15,22787300741,wr_s0_source,carousel_ack_join_noop,105001,0,409,409
1,0.1.0,wr-digitalocean-like-west-origin-carousel-u70-j1-k8192-c2-s15,15,22816750940,carousel_sender,carousel_liveness_last_ack_progress,1,0,409,8970563230
1,0.1.0,wr-digitalocean-like-west-origin-carousel-u70-j1-k8192-c2-s15,15,22816750940,carousel_sender,carousel_liveness_last_ack_seen,1,0,409,22816750940
1,0.1.0,wr-digitalocean-like-west-origin-carousel-u70-j1-k8192-c2-s15,15,22816750940,wr_s0_source,block_ack_received,105001,0,36,409
1,0.1.0,wr-digitalocean-like-west-origin-carousel-u70-j1-k8192-c2-s15,15,22816750940,wr_s0_source,carousel_ack_join_noop,105001,0,409,409
1,0.1.0,wr-digitalocean-like-west-origin-carousel-u70-j1-k8192-c2-s15,15,23059700000,wr_s0_receiver1,block_ack_submitted,105001,0,36,409
1,0.1.0,wr-digitalocean-like-west-origin-carousel-u70-j1-k8192-c2-s15,15,23066800001,wr_s0_source,ack_probe_submitted,105000,0,32,28
1,0.1.0,wr-digitalocean-like-west-origin-carousel-u70-j1-k8192-c2-s15,15,23087060083,carousel_sender,carousel_liveness_last_ack_progress,1,0,409,8970563230
1,0.1.0,wr-digitalocean-like-west-origin-carousel-u70-j1-k8192-c2-s15,15,23087060083,carousel_sender,carousel_liveness_last_ack_seen,1,0,409,23087060083
1,0.1.0,wr-digitalocean-like-west-origin-carousel-u70-j1-k8192-c2-s15,15,23087060083,wr_s0_source,block_ack_received,105001,0,36,409
1,0.1.0,wr-digitalocean-like-west-origin-carousel-u70-j1-k8192-c2-s15,15,23087060083,wr_s0_source,carousel_ack_join_noop,105001,0,409,409
1,0.1.0,wr-digitalocean-like-west-origin-carousel-u70-j1-k8192-c2-s15,15,23101799492,wr_s0_receiver1,ack_probe_runtime_dispatch,0,0,32,0
1,0.1.0,wr-digitalocean-like-west-origin-carousel-u70-j1-k8192-c2-s15,15,23101799492,wr_s0_receiver1,block_ack_submitted,105001,0,36,409
1,0.1.0,wr-digitalocean-like-west-origin-carousel-u70-j1-k8192-c2-s15,15,23137612106,carousel_sender,carousel_liveness_last_ack_progress,1,0,409,8970563230
1,0.1.0,wr-digitalocean-like-west-origin-carousel-u70-j1-k8192-c2-s15,15,23137612106,carousel_sender,carousel_liveness_last_ack_seen,1,0,409,23137612106
1,0.1.0,wr-digitalocean-like-west-origin-carousel-u70-j1-k8192-c2-s15,15,23137612106,wr_s0_source,block_ack_received,105001,0,36,409
1,0.1.0,wr-digitalocean-like-west-origin-carousel-u70-j1-k8192-c2-s15,15,23137612106,wr_s0_source,carousel_ack_join_noop,105001,0,409,409
1,0.1.0,wr-digitalocean-like-west-origin-carousel-u70-j1-k8192-c2-s15,15,23359700000,wr_s0_receiver1,block_ack_submitted,105001,0,36,409
1,0.1.0,wr-digitalocean-like-west-origin-carousel-u70-j1-k8192-c2-s15,15,23387700001,wr_s0_source,ack_probe_submitted,105000,0,32,28
1,0.1.0,wr-digitalocean-like-west-origin-carousel-u70-j1-k8192-c2-s15,15,23388649096,carousel_sender,carousel_liveness_last_ack_progress,1,0,409,8970563230
1,0.1.0,wr-digitalocean-like-west-origin-carousel-u70-j1-k8192-c2-s15,15,23388649096,carousel_sender,carousel_liveness_last_ack_seen,1,0,409,23388649096
1,0.1.0,wr-digitalocean-like-west-origin-carousel-u70-j1-k8192-c2-s15,15,23388649096,wr_s0_source,block_ack_received,105001,0,36,409
1,0.1.0,wr-digitalocean-like-west-origin-carousel-u70-j1-k8192-c2-s15,15,23388649096,wr_s0_source,carousel_ack_join_noop,105001,0,409,409
1,0.1.0,wr-digitalocean-like-west-origin-carousel-u70-j1-k8192-c2-s15,15,23418926641,wr_s0_receiver1,ack_probe_runtime_dispatch,0,0,32,0
1,0.1.0,wr-digitalocean-like-west-origin-carousel-u70-j1-k8192-c2-s15,15,23418926641,wr_s0_receiver1,block_ack_submitted,105001,0,36,409
1,0.1.0,wr-digitalocean-like-west-origin-carousel-u70-j1-k8192-c2-s15,15,23449432871,carousel_sender,carousel_liveness_last_ack_progress,1,0,409,8970563230
1,0.1.0,wr-digitalocean-like-west-origin-carousel-u70-j1-k8192-c2-s15,15,23449432871,carousel_sender,carousel_liveness_last_ack_seen,1,0,409,23449432871
1,0.1.0,wr-digitalocean-like-west-origin-carousel-u70-j1-k8192-c2-s15,15,23449432871,wr_s0_source,block_ack_received,105001,0,36,409
1,0.1.0,wr-digitalocean-like-west-origin-carousel-u70-j1-k8192-c2-s15,15,23449432871,wr_s0_source,carousel_ack_join_noop,105001,0,409,409
1,0.1.0,wr-digitalocean-like-west-origin-carousel-u70-j1-k8192-c2-s15,15,23659700000,wr_s0_receiver1,block_ack_submitted,105001,0,36,409
1,0.1.0,wr-digitalocean-like-west-origin-carousel-u70-j1-k8192-c2-s15,15,23687947474,carousel_sender,carousel_liveness_last_ack_progress,1,0,409,8970563230
1,0.1.0,wr-digitalocean-like-west-origin-carousel-u70-j1-k8192-c2-s15,15,23687947474,carousel_sender,carousel_liveness_last_ack_seen,1,0,409,23687947474
1,0.1.0,wr-digitalocean-like-west-origin-carousel-u70-j1-k8192-c2-s15,15,23687947474,wr_s0_source,block_ack_received,105001,0,36,409
1,0.1.0,wr-digitalocean-like-west-origin-carousel-u70-j1-k8192-c2-s15,15,23687947474,wr_s0_source,carousel_ack_join_noop,105001,0,409,409
1,0.1.0,wr-digitalocean-like-west-origin-carousel-u70-j1-k8192-c2-s15,15,23938000001,wr_s0_source,ack_probe_submitted,105000,0,32,28
1,0.1.0,wr-digitalocean-like-west-origin-carousel-u70-j1-k8192-c2-s15,15,23959700000,wr_s0_receiver1,block_ack_submitted,105001,0,36,409
1,0.1.0,wr-digitalocean-like-west-origin-carousel-u70-j1-k8192-c2-s15,15,23967738962,wr_s0_receiver1,ack_probe_runtime_dispatch,0,0,32,0
1,0.1.0,wr-digitalocean-like-west-origin-carousel-u70-j1-k8192-c2-s15,15,23967738962,wr_s0_receiver1,block_ack_submitted,105001,0,36,409
1,0.1.0,wr-digitalocean-like-west-origin-carousel-u70-j1-k8192-c2-s15,15,23970600001,carousel_sender,carousel_liveness_last_ack_progress,1,0,409,8970563230
1,0.1.0,wr-digitalocean-like-west-origin-carousel-u70-j1-k8192-c2-s15,15,23970600001,carousel_sender,carousel_liveness_last_ack_seen,1,0,409,23687947474
1,0.1.0,wr-digitalocean-like-west-origin-carousel-u70-j1-k8192-c2-s15,15,23970600001,carousel_sender,carousel_liveness_stall_abort,1,0,409,15000036771
