schema_version,simulator_version,evidence_class,sample_class,overlap_percent,protocol,seed,receiver,is_barrier_receiver,final_tree,final_frame_id,source_generation_ns,source_to_runtime_ns,runtime_wait_ns,decoder_queue_ns,decoder_service_ns,total_ns
1,0.1.0,model-level causal evidence; not a WAN measurement,decisive,0,carousel,0,0,false,1,257,76566409,2689992,5000,0,10000,79271401
1,0.1.0,model-level causal evidence; not a WAN measurement,decisive,0,carousel,0,1,false,1,257,76566409,3717592,5000,0,10000,80299001
1,0.1.0,model-level causal evidence; not a WAN measurement,decisive,0,carousel,0,2,true,1,257,76566409,3717592,5000,0,10000,80299001
1,0.1.0,model-level causal evidence; not a WAN measurement,decisive,0,carousel,1,0,false,0,254,76224820,2255581,5000,0,10000,78495401
1,0.1.0,model-level causal evidence; not a WAN measurement,decisive,0,carousel,1,1,false,0,254,76224820,3283181,5000,0,10000,79523001
1,0.1.0,model-level causal evidence; not a WAN measurement,decisive,0,carousel,1,2,true,0,254,76224820,3283181,5000,0,10000,79523001
1,0.1.0,model-level causal evidence; not a WAN measurement,decisive,0,carousel,2,0,false,0,257,76940022,2248400,5000,0,10000,79203422
1,0.1.0,model-level causal evidence; not a WAN measurement,decisive,0,carousel,2,1,false,0,257,76940022,3276000,5000,0,10000,80231022
1,0.1.0,model-level causal evidence; not a WAN measurement,decisive,0,carousel,2,2,true,0,257,76940022,3276000,5000,0,10000,80231022
1,0.1.0,model-level causal evidence; not a WAN measurement,decisive,0,carousel,3,0,false,0,251,77437602,2248400,5000,0,10000,79701002
1,0.1.0,model-level causal evidence; not a WAN measurement,decisive,0,carousel,3,1,false,0,251,77437602,3276000,5000,0,10000,80728602
1,0.1.0,model-level causal evidence; not a WAN measurement,decisive,0,carousel,3,2,true,0,251,77437602,3276000,5000,0,10000,80728602
1,0.1.0,model-level causal evidence; not a WAN measurement,decisive,0,carousel,4,0,false,0,257,76700007,2496394,5000,0,10000,79211401
1,0.1.0,model-level causal evidence; not a WAN measurement,decisive,0,carousel,4,1,false,0,257,76700007,3523994,5000,0,10000,80239001
1,0.1.0,model-level causal evidence; not a WAN measurement,decisive,0,carousel,4,2,true,0,257,76700007,3523994,5000,0,10000,80239001
1,0.1.0,model-level causal evidence; not a WAN measurement,decisive,0,carousel,5,0,false,0,256,78036803,2690000,5000,0,10000,80741803
1,0.1.0,model-level causal evidence; not a WAN measurement,decisive,0,carousel,5,1,false,0,256,78036803,3717600,5000,0,10000,81769403
1,0.1.0,model-level causal evidence; not a WAN measurement,decisive,0,carousel,5,2,true,0,256,78036803,3717600,5000,0,10000,81769403
1,0.1.0,model-level causal evidence; not a WAN measurement,decisive,0,carousel,6,0,false,1,249,79052804,2248400,5000,0,10000,81316204
1,0.1.0,model-level causal evidence; not a WAN measurement,decisive,0,carousel,6,1,false,1,249,79052804,3276000,5000,0,10000,82343804
1,0.1.0,model-level causal evidence; not a WAN measurement,decisive,0,carousel,6,2,true,1,249,79052804,3276000,5000,0,10000,82343804
1,0.1.0,model-level causal evidence; not a WAN measurement,decisive,0,carousel,7,0,false,1,257,76940820,2248400,5000,0,10000,79204220
1,0.1.0,model-level causal evidence; not a WAN measurement,decisive,0,carousel,7,1,false,1,257,76940820,3276000,5000,0,10000,80231820
1,0.1.0,model-level causal evidence; not a WAN measurement,decisive,0,carousel,7,2,true,1,257,76940820,3276000,5000,0,10000,80231820
1,0.1.0,model-level causal evidence; not a WAN measurement,decisive,0,carousel,8,0,false,1,257,77768803,2248400,5000,0,10000,80032203
1,0.1.0,model-level causal evidence; not a WAN measurement,decisive,0,carousel,8,1,false,1,257,77768803,3276000,5000,0,10000,81059803
1,0.1.0,model-level causal evidence; not a WAN measurement,decisive,0,carousel,8,2,true,1,257,77768803,3276000,5000,0,10000,81059803
1,0.1.0,model-level causal evidence; not a WAN measurement,decisive,0,carousel,9,0,false,1,257,77295202,2248400,5000,0,10000,79558602
1,0.1.0,model-level causal evidence; not a WAN measurement,decisive,0,carousel,9,1,false,1,257,77295202,3276000,5000,0,10000,80586202
1,0.1.0,model-level causal evidence; not a WAN measurement,decisive,0,carousel,9,2,true,1,257,77295202,3276000,5000,0,10000,80586202
1,0.1.0,model-level causal evidence; not a WAN measurement,decisive,0,carousel,10,0,false,0,257,77808002,2248400,5000,0,10000,80071402
1,0.1.0,model-level causal evidence; not a WAN measurement,decisive,0,carousel,10,1,false,0,257,77808002,3276000,5000,0,10000,81099002
1,0.1.0,model-level causal evidence; not a WAN measurement,decisive,0,carousel,10,2,true,0,257,77808002,3276000,5000,0,10000,81099002
1,0.1.0,model-level causal evidence; not a WAN measurement,decisive,0,carousel,11,0,false,1,249,78144003,2248400,5000,0,10000,80407403
1,0.1.0,model-level causal evidence; not a WAN measurement,decisive,0,carousel,11,1,false,1,249,78144003,3276000,5000,0,10000,81435003
1,0.1.0,model-level causal evidence; not a WAN measurement,decisive,0,carousel,11,2,true,1,249,78144003,3276000,5000,0,10000,81435003
1,0.1.0,model-level causal evidence; not a WAN measurement,decisive,0,carousel,12,0,false,0,257,77064013,2248400,5000,0,10000,79327413
1,0.1.0,model-level causal evidence; not a WAN measurement,decisive,0,carousel,12,1,false,0,257,77064013,3276000,5000,0,10000,80355013
1,0.1.0,model-level causal evidence; not a WAN measurement,decisive,0,carousel,12,2,true,0,257,77064013,3276000,5000,0,10000,80355013
1,0.1.0,model-level causal evidence; not a WAN measurement,decisive,0,carousel,13,0,false,1,261,77380804,2248400,5000,0,10000,79644204
1,0.1.0,model-level causal evidence; not a WAN measurement,decisive,0,carousel,13,1,false,1,261,77380804,3276000,5000,0,10000,80671804
1,0.1.0,model-level causal evidence; not a WAN measurement,decisive,0,carousel,13,2,true,1,261,77380804,3276000,5000,0,10000,80671804
1,0.1.0,model-level causal evidence; not a WAN measurement,decisive,0,carousel,14,0,false,0,257,78675202,2629999,5000,0,10000,81320201
1,0.1.0,model-level causal evidence; not a WAN measurement,decisive,0,carousel,14,1,false,0,257,78675202,3657599,5000,0,10000,82347801
1,0.1.0,model-level causal evidence; not a WAN measurement,decisive,0,carousel,14,2,true,0,257,78675202,3657599,5000,0,10000,82347801
1,0.1.0,model-level causal evidence; not a WAN measurement,decisive,0,carousel,15,0,false,1,257,78422407,2248400,5000,0,10000,80685807
1,0.1.0,model-level causal evidence; not a WAN measurement,decisive,0,carousel,15,1,false,1,257,78422407,3276000,5000,0,10000,81713407
1,0.1.0,model-level causal evidence; not a WAN measurement,decisive,0,carousel,15,2,true,1,257,78422407,3276000,5000,0,10000,81713407
1,0.1.0,model-level causal evidence; not a WAN measurement,decisive,0,carousel,16,0,false,1,256,79636003,2248400,5000,0,10000,81899403
1,0.1.0,model-level causal evidence; not a WAN measurement,decisive,0,carousel,16,1,false,1,256,79636003,3276000,5000,0,10000,82927003
1,0.1.0,model-level causal evidence; not a WAN measurement,decisive,0,carousel,16,2,true,1,256,79636003,3276000,5000,0,10000,82927003
1,0.1.0,model-level causal evidence; not a WAN measurement,decisive,0,carousel,17,0,false,0,257,76582410,2248400,5000,0,10000,78845810
1,0.1.0,model-level causal evidence; not a WAN measurement,decisive,0,carousel,17,1,false,0,257,76582410,3276000,5000,0,10000,79873410
1,0.1.0,model-level causal evidence; not a WAN measurement,decisive,0,carousel,17,2,true,0,257,76582410,3276000,5000,0,10000,79873410
1,0.1.0,model-level causal evidence; not a WAN measurement,decisive,0,carousel,18,0,false,0,257,77250407,2248400,5000,0,10000,79513807
1,0.1.0,model-level causal evidence; not a WAN measurement,decisive,0,carousel,18,1,false,0,257,77250407,3276000,5000,0,10000,80541407
1,0.1.0,model-level causal evidence; not a WAN measurement,decisive,0,carousel,18,2,true,0,257,77250407,3276000,5000,0,10000,80541407
1,0.1.0,model-level causal evidence; not a WAN measurement,decisive,0,carousel,19,0,false,0,254,76491204,2248400,5000,0,10000,78754604
1,0.1.0,model-level causal evidence; not a WAN measurement,decisive,0,carousel,19,1,false,0,254,76491204,3276000,5000,0,10000,79782204
1,0.1.0,model-level causal evidence; not a WAN measurement,decisive,0,carousel,19,2,true,0,254,76491204,3276000,5000,0,10000,79782204
1,0.1.0,model-level causal evidence; not a WAN measurement,decisive,0,carousel,20,0,false,1,257,76728005,2329998,5000,0,10000,79073003
1,0.1.0,model-level causal evidence; not a WAN measurement,decisive,0,carousel,20,1,false,1,257,76728005,3357598,5000,0,10000,80100603
1,0.1.0,model-level causal evidence; not a WAN measurement,decisive,0,carousel,20,2,true,1,257,76728005,3357598,5000,0,10000,80100603
1,0.1.0,model-level causal evidence; not a WAN measurement,decisive,0,carousel,21,0,false,0,257,77522403,2248400,5000,0,10000,79785803
1,0.1.0,model-level causal evidence; not a WAN measurement,decisive,0,carousel,21,1,false,0,257,77522403,3276000,5000,0,10000,80813403
1,0.1.0,model-level causal evidence; not a WAN measurement,decisive,0,carousel,21,2,true,0,257,77522403,3276000,5000,0,10000,80813403
1,0.1.0,model-level causal evidence; not a WAN measurement,decisive,0,carousel,22,0,false,1,257,76907202,2248400,5000,0,10000,79170602
1,0.1.0,model-level causal evidence; not a WAN measurement,decisive,0,carousel,22,1,false,1,257,76907202,3276000,5000,0,10000,80198202
1,0.1.0,model-level causal evidence; not a WAN measurement,decisive,0,carousel,22,2,true,1,257,76907202,3276000,5000,0,10000,80198202
1,0.1.0,model-level causal evidence; not a WAN measurement,decisive,0,carousel,23,0,false,1,254,77423202,2248400,5000,0,10000,79686602
1,0.1.0,model-level causal evidence; not a WAN measurement,decisive,0,carousel,23,1,false,1,254,77423202,3276000,5000,0,10000,80714202
1,0.1.0,model-level causal evidence; not a WAN measurement,decisive,0,carousel,23,2,true,1,254,77423202,3276000,5000,0,10000,80714202
1,0.1.0,model-level causal evidence; not a WAN measurement,decisive,0,carousel,24,0,false,1,253,76627202,2346799,5000,0,10000,78989001
1,0.1.0,model-level causal evidence; not a WAN measurement,decisive,0,carousel,24,1,false,1,253,76627202,3374399,5000,0,10000,80016601
1,0.1.0,model-level causal evidence; not a WAN measurement,decisive,0,carousel,24,2,true,1,253,76627202,3374399,5000,0,10000,80016601
1,0.1.0,model-level causal evidence; not a WAN measurement,decisive,0,carousel,25,0,false,1,258,76671223,2248400,5000,0,10000,78934623
1,0.1.0,model-level causal evidence; not a WAN measurement,decisive,0,carousel,25,1,false,1,258,76671223,3276000,5000,0,10000,79962223
1,0.1.0,model-level causal evidence; not a WAN measurement,decisive,0,carousel,25,2,true,1,258,76671223,3276000,5000,0,10000,79962223
1,0.1.0,model-level causal evidence; not a WAN measurement,decisive,0,carousel,26,0,false,0,255,78258407,2248400,5000,0,10000,80521807
1,0.1.0,model-level causal evidence; not a WAN measurement,decisive,0,carousel,26,1,false,0,255,78258407,3276000,5000,0,10000,81549407
1,0.1.0,model-level causal evidence; not a WAN measurement,decisive,0,carousel,26,2,true,0,255,78258407,3276000,5000,0,10000,81549407
1,0.1.0,model-level causal evidence; not a WAN measurement,decisive,0,carousel,27,0,false,0,257,77857603,2248400,5000,0,10000,80121003
1,0.1.0,model-level causal evidence; not a WAN measurement,decisive,0,carousel,27,1,false,0,257,77857603,3276000,5000,0,10000,81148603
1,0.1.0,model-level causal evidence; not a WAN measurement,decisive,0,carousel,27,2,true,0,257,77857603,3276000,5000,0,10000,81148603
1,0.1.0,model-level causal evidence; not a WAN measurement,decisive,0,carousel,28,0,false,0,257,78721603,2248400,5000,0,10000,80985003
1,0.1.0,model-level causal evidence; not a WAN measurement,decisive,0,carousel,28,1,false,0,257,78721603,3276000,5000,0,10000,82012603
1,0.1.0,model-level causal evidence; not a WAN measurement,decisive,0,carousel,28,2,true,0,257,78721603,3276000,5000,0,10000,82012603
1,0.1.0,model-level causal evidence; not a WAN measurement,decisive,0,carousel,29,0,false,0,257,78088803,2248400,5000,0,10000,80352203
1,0.1.0,model-level causal evidence; not a WAN measurement,decisive,0,carousel,29,1,false,0,257,78088803,3276000,5000,0,10000,81379803
1,0.1.0,model-level causal evidence; not a WAN measurement,decisive,0,carousel,29,2,true,0,257,78088803,3276000,5000,0,10000,81379803
1,0.1.0,model-level causal evidence; not a WAN measurement,decisive,0,carousel,30,0,false,1,257,77237604,2579601,5000,0,10000,79832205
1,0.1.0,model-level causal evidence; not a WAN measurement,decisive,0,carousel,30,1,false,1,257,77237604,3607201,5000,0,10000,80859805
1,0.1.0,model-level causal evidence; not a WAN measurement,decisive,0,carousel,30,2,true,1,257,77237604,3607201,5000,0,10000,80859805
1,0.1.0,model-level causal evidence; not a WAN measurement,decisive,0,carousel,31,0,false,1,251,77643202,2441199,5000,0,10000,80099401
1,0.1.0,model-level causal evidence; not a WAN measurement,decisive,0,carousel,31,1,false,1,251,77643202,3468799,5000,0,10000,81127001
1,0.1.0,model-level causal evidence; not a WAN measurement,decisive,0,carousel,31,2,true,1,251,77643202,3468799,5000,0,10000,81127001
1,0.1.0,model-level causal evidence; not a WAN measurement,decisive,0,carousel,32,0,false,1,253,76784806,2248400,5000,0,10000,79048206
1,0.1.0,model-level causal evidence; not a WAN measurement,decisive,0,carousel,32,1,false,1,253,76784806,3276000,5000,0,10000,80075806
1,0.1.0,model-level causal evidence; not a WAN measurement,decisive,0,carousel,32,2,true,1,253,76784806,3276000,5000,0,10000,80075806
1,0.1.0,model-level causal evidence; not a WAN measurement,decisive,0,carousel,33,0,false,0,257,77122404,2248400,5000,0,10000,79385804
1,0.1.0,model-level causal evidence; not a WAN measurement,decisive,0,carousel,33,1,false,0,257,77122404,3276000,5000,0,10000,80413404
1,0.1.0,model-level causal evidence; not a WAN measurement,decisive,0,carousel,33,2,true,0,257,77122404,3276000,5000,0,10000,80413404
1,0.1.0,model-level causal evidence; not a WAN measurement,decisive,0,carousel,34,0,false,1,256,77248002,2248400,5000,0,10000,79511402
1,0.1.0,model-level causal evidence; not a WAN measurement,decisive,0,carousel,34,1,false,1,256,77248002,3276000,5000,0,10000,80539002
1,0.1.0,model-level causal evidence; not a WAN measurement,decisive,0,carousel,34,2,true,1,256,77248002,3276000,5000,0,10000,80539002
1,0.1.0,model-level causal evidence; not a WAN measurement,decisive,0,carousel,35,0,false,0,257,76456009,2689992,5000,0,10000,79161001
1,0.1.0,model-level causal evidence; not a WAN measurement,decisive,0,carousel,35,1,false,0,257,76456009,3717592,5000,0,10000,80188601
1,0.1.0,model-level causal evidence; not a WAN measurement,decisive,0,carousel,35,2,true,0,257,76456009,3717592,5000,0,10000,80188601
1,0.1.0,model-level causal evidence; not a WAN measurement,decisive,0,carousel,36,0,false,1,255,77348802,2351603,5000,0,10000,79715405
1,0.1.0,model-level causal evidence; not a WAN measurement,decisive,0,carousel,36,1,false,1,255,77348802,3379203,5000,0,10000,80743005
1,0.1.0,model-level causal evidence; not a WAN measurement,decisive,0,carousel,36,2,true,1,255,77348802,3379203,5000,0,10000,80743005
1,0.1.0,model-level causal evidence; not a WAN measurement,decisive,0,carousel,37,0,false,0,257,76751203,2333198,5000,0,10000,79099401
1,0.1.0,model-level causal evidence; not a WAN measurement,decisive,0,carousel,37,1,false,0,257,76751203,3360798,5000,0,10000,80127001
1,0.1.0,model-level causal evidence; not a WAN measurement,decisive,0,carousel,37,2,true,0,257,76751203,3360798,5000,0,10000,80127001
1,0.1.0,model-level causal evidence; not a WAN measurement,decisive,0,carousel,38,0,false,1,257,76961615,2248400,5000,0,10000,79225015
1,0.1.0,model-level causal evidence; not a WAN measurement,decisive,0,carousel,38,1,false,1,257,76961615,3276000,5000,0,10000,80252615
1,0.1.0,model-level causal evidence; not a WAN measurement,decisive,0,carousel,38,2,true,1,257,76961615,3276000,5000,0,10000,80252615
1,0.1.0,model-level causal evidence; not a WAN measurement,decisive,0,carousel,39,0,false,1,253,77183202,2248400,5000,0,10000,79446602
1,0.1.0,model-level causal evidence; not a WAN measurement,decisive,0,carousel,39,1,false,1,253,77183202,3276000,5000,0,10000,80474202
1,0.1.0,model-level causal evidence; not a WAN measurement,decisive,0,carousel,39,2,true,1,253,77183202,3276000,5000,0,10000,80474202
1,0.1.0,model-level causal evidence; not a WAN measurement,decisive,0,carousel,40,0,false,1,251,76989604,2248400,5000,0,10000,79253004
1,0.1.0,model-level causal evidence; not a WAN measurement,decisive,0,carousel,40,1,false,1,251,76989604,3276000,5000,0,10000,80280604
1,0.1.0,model-level causal evidence; not a WAN measurement,decisive,0,carousel,40,2,true,1,251,76989604,3276000,5000,0,10000,80280604
1,0.1.0,model-level causal evidence; not a WAN measurement,decisive,0,carousel,41,0,false,1,258,76899202,2248400,5000,1999,10000,79164601
1,0.1.0,model-level causal evidence; not a WAN measurement,decisive,0,carousel,41,1,false,1,258,76899202,3276000,5000,1999,10000,80192201
1,0.1.0,model-level causal evidence; not a WAN measurement,decisive,0,carousel,41,2,true,1,258,76899202,3276000,5000,1999,10000,80192201
1,0.1.0,model-level causal evidence; not a WAN measurement,decisive,0,carousel,42,0,false,1,257,77501609,2353992,5000,0,10000,79870601
1,0.1.0,model-level causal evidence; not a WAN measurement,decisive,0,carousel,42,1,false,1,257,77501609,3381592,5000,0,10000,80898201
1,0.1.0,model-level causal evidence; not a WAN measurement,decisive,0,carousel,42,2,true,1,257,77501609,3381592,5000,0,10000,80898201
1,0.1.0,model-level causal evidence; not a WAN measurement,decisive,0,carousel,43,0,false,1,258,77044802,2690000,5000,3609,10000,79753411
1,0.1.0,model-level causal evidence; not a WAN measurement,decisive,0,carousel,43,1,false,1,258,77044802,3717600,5000,3609,10000,80781011
1,0.1.0,model-level causal evidence; not a WAN measurement,decisive,0,carousel,43,2,true,1,258,77044802,3717600,5000,3609,10000,80781011
1,0.1.0,model-level causal evidence; not a WAN measurement,decisive,0,carousel,44,0,false,1,257,76480011,2248400,5000,0,10000,78743411
1,0.1.0,model-level causal evidence; not a WAN measurement,decisive,0,carousel,44,1,false,1,257,76480011,3276000,5000,0,10000,79771011
1,0.1.0,model-level causal evidence; not a WAN measurement,decisive,0,carousel,44,2,true,1,257,76480011,3276000,5000,0,10000,79771011
1,0.1.0,model-level causal evidence; not a WAN measurement,decisive,0,carousel,45,0,false,1,249,77651202,2488399,5000,0,10000,80154601
1,0.1.0,model-level causal evidence; not a WAN measurement,decisive,0,carousel,45,1,false,1,249,77651202,3515999,5000,0,10000,81182201
1,0.1.0,model-level causal evidence; not a WAN measurement,decisive,0,carousel,45,2,true,1,249,77651202,3515999,5000,0,10000,81182201
1,0.1.0,model-level causal evidence; not a WAN measurement,decisive,0,carousel,46,0,false,0,257,75924803,2248400,5000,0,10000,78188203
1,0.1.0,model-level causal evidence; not a WAN measurement,decisive,0,carousel,46,1,false,0,257,75924803,3276000,5000,0,10000,79215803
1,0.1.0,model-level causal evidence; not a WAN measurement,decisive,0,carousel,46,2,true,0,257,75924803,3276000,5000,0,10000,79215803
1,0.1.0,model-level causal evidence; not a WAN measurement,decisive,0,carousel,47,0,false,0,257,77396807,2248400,5000,0,10000,79660207
1,0.1.0,model-level causal evidence; not a WAN measurement,decisive,0,carousel,47,1,false,0,257,77396807,3276000,5000,0,10000,80687807
1,0.1.0,model-level causal evidence; not a WAN measurement,decisive,0,carousel,47,2,true,0,257,77396807,3276000,5000,0,10000,80687807
1,0.1.0,model-level causal evidence; not a WAN measurement,decisive,0,carousel,48,0,false,1,265,78068804,2248400,5000,0,10000,80332204
1,0.1.0,model-level causal evidence; not a WAN measurement,decisive,0,carousel,48,1,false,1,265,78068804,3276000,5000,0,10000,81359804
1,0.1.0,model-level causal evidence; not a WAN measurement,decisive,0,carousel,48,2,true,1,265,78068804,3276000,5000,0,10000,81359804
1,0.1.0,model-level causal evidence; not a WAN measurement,decisive,0,carousel,49,0,false,1,257,77448804,2440397,5000,0,10000,79904201
1,0.1.0,model-level causal evidence; not a WAN measurement,decisive,0,carousel,49,1,false,1,257,77448804,3467997,5000,0,10000,80931801
1,0.1.0,model-level causal evidence; not a WAN measurement,decisive,0,carousel,49,2,true,1,257,77448804,3467997,5000,0,10000,80931801
1,0.1.0,model-level causal evidence; not a WAN measurement,decisive,0,carousel,50,0,false,0,255,78458405,2461996,5000,0,10000,80935401
1,0.1.0,model-level causal evidence; not a WAN measurement,decisive,0,carousel,50,1,false,0,255,78458405,3489596,5000,0,10000,81963001
1,0.1.0,model-level causal evidence; not a WAN measurement,decisive,0,carousel,50,2,true,0,255,78458405,3489596,5000,0,10000,81963001
1,0.1.0,model-level causal evidence; not a WAN measurement,decisive,0,carousel,51,0,false,0,249,76853602,2248400,5000,0,10000,79117002
1,0.1.0,model-level causal evidence; not a WAN measurement,decisive,0,carousel,51,1,false,0,249,76853602,3276000,5000,0,10000,80144602
1,0.1.0,model-level causal evidence; not a WAN measurement,decisive,0,carousel,51,2,true,0,249,76853602,3276000,5000,0,10000,80144602
1,0.1.0,model-level causal evidence; not a WAN measurement,decisive,0,carousel,52,0,false,0,257,75961605,2509196,5000,0,10000,78485801
1,0.1.0,model-level causal evidence; not a WAN measurement,decisive,0,carousel,52,1,false,0,257,75961605,3536796,5000,0,10000,79513401
1,0.1.0,model-level causal evidence; not a WAN measurement,decisive,0,carousel,52,2,true,0,257,75961605,3536796,5000,0,10000,79513401
1,0.1.0,model-level causal evidence; not a WAN measurement,decisive,0,carousel,53,0,false,1,250,77054402,2248400,5000,0,10000,79317802
1,0.1.0,model-level causal evidence; not a WAN measurement,decisive,0,carousel,53,1,false,1,250,77054402,3276000,5000,0,10000,80345402
1,0.1.0,model-level causal evidence; not a WAN measurement,decisive,0,carousel,53,2,true,1,250,77054402,3276000,5000,0,10000,80345402
1,0.1.0,model-level causal evidence; not a WAN measurement,decisive,0,carousel,54,0,false,0,257,77254403,2248400,5000,0,10000,79517803
1,0.1.0,model-level causal evidence; not a WAN measurement,decisive,0,carousel,54,1,false,0,257,77254403,3276000,5000,0,10000,80545403
1,0.1.0,model-level causal evidence; not a WAN measurement,decisive,0,carousel,54,2,true,0,257,77254403,3276000,5000,0,10000,80545403
1,0.1.0,model-level causal evidence; not a WAN measurement,decisive,0,carousel,55,0,false,1,257,77830405,2248400,5000,0,10000,80093805
1,0.1.0,model-level causal evidence; not a WAN measurement,decisive,0,carousel,55,1,false,1,257,77830405,3276000,5000,0,10000,81121405
1,0.1.0,model-level causal evidence; not a WAN measurement,decisive,0,carousel,55,2,true,1,257,77830405,3276000,5000,0,10000,81121405
1,0.1.0,model-level causal evidence; not a WAN measurement,decisive,0,carousel,56,0,false,0,257,76404002,2248400,5000,0,10000,78667402
1,0.1.0,model-level causal evidence; not a WAN measurement,decisive,0,carousel,56,1,false,0,257,76404002,3276000,5000,0,10000,79695002
1,0.1.0,model-level causal evidence; not a WAN measurement,decisive,0,carousel,56,2,true,0,257,76404002,3276000,5000,0,10000,79695002
1,0.1.0,model-level causal evidence; not a WAN measurement,decisive,0,carousel,57,0,false,0,257,78009602,2248400,5000,0,10000,80273002
1,0.1.0,model-level causal evidence; not a WAN measurement,decisive,0,carousel,57,1,false,0,257,78009602,3276000,5000,0,10000,81300602
1,0.1.0,model-level causal evidence; not a WAN measurement,decisive,0,carousel,57,2,true,0,257,78009602,3276000,5000,0,10000,81300602
1,0.1.0,model-level causal evidence; not a WAN measurement,decisive,0,carousel,58,0,false,1,249,78064802,2690000,5000,0,10000,80769802
1,0.1.0,model-level causal evidence; not a WAN measurement,decisive,0,carousel,58,1,false,1,249,78064802,3717600,5000,0,10000,81797402
1,0.1.0,model-level causal evidence; not a WAN measurement,decisive,0,carousel,58,2,true,1,249,78064802,3717600,5000,0,10000,81797402
1,0.1.0,model-level causal evidence; not a WAN measurement,decisive,0,carousel,59,0,false,0,257,76908802,2405999,5000,0,10000,79329801
1,0.1.0,model-level causal evidence; not a WAN measurement,decisive,0,carousel,59,1,false,0,257,76908802,3433599,5000,0,10000,80357401
1,0.1.0,model-level causal evidence; not a WAN measurement,decisive,0,carousel,59,2,true,0,257,76908802,3433599,5000,0,10000,80357401
1,0.1.0,model-level causal evidence; not a WAN measurement,decisive,0,carousel,60,0,false,1,255,77187206,2248400,5000,0,10000,79450606
1,0.1.0,model-level causal evidence; not a WAN measurement,decisive,0,carousel,60,1,false,1,255,77187206,3276000,5000,0,10000,80478206
1,0.1.0,model-level causal evidence; not a WAN measurement,decisive,0,carousel,60,2,true,1,255,77187206,3276000,5000,0,10000,80478206
1,0.1.0,model-level causal evidence; not a WAN measurement,decisive,0,carousel,61,0,false,1,257,77678402,2248400,5000,0,10000,79941802
1,0.1.0,model-level causal evidence; not a WAN measurement,decisive,0,carousel,61,1,false,1,257,77678402,3276000,5000,0,10000,80969402
1,0.1.0,model-level causal evidence; not a WAN measurement,decisive,0,carousel,61,2,true,1,257,77678402,3276000,5000,0,10000,80969402
1,0.1.0,model-level causal evidence; not a WAN measurement,decisive,0,carousel,62,0,false,1,256,76580006,2248400,9196,5000,10000,78852602
1,0.1.0,model-level causal evidence; not a WAN measurement,decisive,0,carousel,62,1,false,1,256,76580006,3276000,9196,5000,10000,79880202
1,0.1.0,model-level causal evidence; not a WAN measurement,decisive,0,carousel,62,2,true,1,256,76580006,3276000,9196,5000,10000,79880202
1,0.1.0,model-level causal evidence; not a WAN measurement,decisive,0,carousel,63,0,false,0,257,77451217,2576384,5000,0,10000,80042601
1,0.1.0,model-level causal evidence; not a WAN measurement,decisive,0,carousel,63,1,false,0,257,77451217,3603984,5000,0,10000,81070201
1,0.1.0,model-level causal evidence; not a WAN measurement,decisive,0,carousel,63,2,true,0,257,77451217,3603984,5000,0,10000,81070201
1,0.1.0,model-level causal evidence; not a WAN measurement,decisive,0,carousel,64,0,false,1,257,75623208,2248400,5000,0,10000,77886608
1,0.1.0,model-level causal evidence; not a WAN measurement,decisive,0,carousel,64,1,false,1,257,75623208,3276000,5000,0,10000,78914208
1,0.1.0,model-level causal evidence; not a WAN measurement,decisive,0,carousel,64,2,true,1,257,75623208,3276000,5000,0,10000,78914208
1,0.1.0,model-level causal evidence; not a WAN measurement,decisive,0,carousel,65,0,false,1,257,79131202,2781199,5000,0,10000,81927401
1,0.1.0,model-level causal evidence; not a WAN measurement,decisive,0,carousel,65,1,false,1,257,79131202,3808799,5000,0,10000,82955001
1,0.1.0,model-level causal evidence; not a WAN measurement,decisive,0,carousel,65,2,true,1,257,79131202,3808799,5000,0,10000,82955001
1,0.1.0,model-level causal evidence; not a WAN measurement,decisive,0,carousel,66,0,false,0,250,76168809,2690000,5000,0,10000,78873809
1,0.1.0,model-level causal evidence; not a WAN measurement,decisive,0,carousel,66,1,false,0,250,76168809,3717600,5000,0,10000,79901409
1,0.1.0,model-level causal evidence; not a WAN measurement,decisive,0,carousel,66,2,true,0,250,76168809,3717600,5000,0,10000,79901409
1,0.1.0,model-level causal evidence; not a WAN measurement,decisive,0,carousel,67,0,false,1,257,76751218,2248400,5000,0,10000,79014618
1,0.1.0,model-level causal evidence; not a WAN measurement,decisive,0,carousel,67,1,false,1,257,76751218,3276000,5000,0,10000,80042218
1,0.1.0,model-level causal evidence; not a WAN measurement,decisive,0,carousel,67,2,true,1,257,76751218,3276000,5000,0,10000,80042218
1,0.1.0,model-level causal evidence; not a WAN measurement,decisive,0,carousel,68,0,false,0,259,78144003,2248400,10000,5000,10000,80417403
1,0.1.0,model-level causal evidence; not a WAN measurement,decisive,0,carousel,68,1,false,0,259,78144003,3276000,10000,5000,10000,81445003
1,0.1.0,model-level causal evidence; not a WAN measurement,decisive,0,carousel,68,2,true,0,259,78144003,3276000,10000,5000,10000,81445003
1,0.1.0,model-level causal evidence; not a WAN measurement,decisive,0,carousel,69,0,false,1,257,76631222,2661982,5000,0,10000,79308204
1,0.1.0,model-level causal evidence; not a WAN measurement,decisive,0,carousel,69,1,false,1,257,76631222,3689582,5000,0,10000,80335804
1,0.1.0,model-level causal evidence; not a WAN measurement,decisive,0,carousel,69,2,true,1,257,76631222,3689582,5000,0,10000,80335804
1,0.1.0,model-level causal evidence; not a WAN measurement,decisive,0,carousel,70,0,false,1,257,78183202,2248400,5000,0,10000,80446602
1,0.1.0,model-level causal evidence; not a WAN measurement,decisive,0,carousel,70,1,false,1,257,78183202,3276000,5000,0,10000,81474202
1,0.1.0,model-level causal evidence; not a WAN measurement,decisive,0,carousel,70,2,true,1,257,78183202,3276000,5000,0,10000,81474202
1,0.1.0,model-level causal evidence; not a WAN measurement,decisive,0,carousel,71,0,false,0,257,76799206,2248400,5000,0,10000,79062606
1,0.1.0,model-level causal evidence; not a WAN measurement,decisive,0,carousel,71,1,false,0,257,76799206,3276000,5000,0,10000,80090206
1,0.1.0,model-level causal evidence; not a WAN measurement,decisive,0,carousel,71,2,true,0,257,76799206,3276000,5000,0,10000,80090206
1,0.1.0,model-level causal evidence; not a WAN measurement,decisive,0,carousel,72,0,false,1,259,77804014,2248400,5000,0,10000,80067414
1,0.1.0,model-level causal evidence; not a WAN measurement,decisive,0,carousel,72,1,false,1,259,77804014,3276000,5000,0,10000,81095014
1,0.1.0,model-level causal evidence; not a WAN measurement,decisive,0,carousel,72,2,true,1,259,77804014,3276000,5000,0,10000,81095014
1,0.1.0,model-level causal evidence; not a WAN measurement,decisive,0,carousel,73,0,false,0,257,77459202,2248400,5000,0,10000,79722602
1,0.1.0,model-level causal evidence; not a WAN measurement,decisive,0,carousel,73,1,false,0,257,77459202,3276000,5000,0,10000,80750202
1,0.1.0,model-level causal evidence; not a WAN measurement,decisive,0,carousel,73,2,true,0,257,77459202,3276000,5000,0,10000,80750202
1,0.1.0,model-level causal evidence; not a WAN measurement,decisive,0,carousel,74,0,false,0,257,77454411,2248400,5000,0,10000,79717811
1,0.1.0,model-level causal evidence; not a WAN measurement,decisive,0,carousel,74,1,false,0,257,77454411,3276000,5000,0,10000,80745411
1,0.1.0,model-level causal evidence; not a WAN measurement,decisive,0,carousel,74,2,true,0,257,77454411,3276000,5000,0,10000,80745411
1,0.1.0,model-level causal evidence; not a WAN measurement,decisive,0,carousel,75,0,false,0,257,78090403,2248400,5000,0,10000,80353803
1,0.1.0,model-level causal evidence; not a WAN measurement,decisive,0,carousel,75,1,false,0,257,78090403,3276000,5000,0,10000,81381403
1,0.1.0,model-level causal evidence; not a WAN measurement,decisive,0,carousel,75,2,true,0,257,78090403,3276000,5000,0,10000,81381403
1,0.1.0,model-level causal evidence; not a WAN measurement,decisive,0,carousel,76,0,false,0,257,78009602,2690000,5000,0,10000,80714602
1,0.1.0,model-level causal evidence; not a WAN measurement,decisive,0,carousel,76,1,false,0,257,78009602,3717600,5000,0,10000,81742202
1,0.1.0,model-level causal evidence; not a WAN measurement,decisive,0,carousel,76,2,true,0,257,78009602,3717600,5000,0,10000,81742202
1,0.1.0,model-level causal evidence; not a WAN measurement,decisive,0,carousel,77,0,false,0,257,77748010,2248400,5000,0,10000,80011410
1,0.1.0,model-level causal evidence; not a WAN measurement,decisive,0,carousel,77,1,false,0,257,77748010,3276000,5000,0,10000,81039010
1,0.1.0,model-level causal evidence; not a WAN measurement,decisive,0,carousel,77,2,true,0,257,77748010,3276000,5000,0,10000,81039010
1,0.1.0,model-level causal evidence; not a WAN measurement,decisive,0,carousel,78,0,false,1,257,77124021,2248400,5000,0,10000,79387421
1,0.1.0,model-level causal evidence; not a WAN measurement,decisive,0,carousel,78,1,false,1,257,77124021,3276000,5000,0,10000,80415021
1,0.1.0,model-level causal evidence; not a WAN measurement,decisive,0,carousel,78,2,true,1,257,77124021,3276000,5000,0,10000,80415021
1,0.1.0,model-level causal evidence; not a WAN measurement,decisive,0,carousel,79,0,false,1,256,77676004,2440397,5000,0,10000,80131401
1,0.1.0,model-level causal evidence; not a WAN measurement,decisive,0,carousel,79,1,false,1,256,77676004,3467997,5000,0,10000,81159001
1,0.1.0,model-level causal evidence; not a WAN measurement,decisive,0,carousel,79,2,true,1,256,77676004,3467997,5000,0,10000,81159001
1,0.1.0,model-level causal evidence; not a WAN measurement,decisive,0,carousel,80,0,false,1,257,77408002,2346799,5000,0,10000,79769801
1,0.1.0,model-level causal evidence; not a WAN measurement,decisive,0,carousel,80,1,false,1,257,77408002,3374399,5000,0,10000,80797401
1,0.1.0,model-level causal evidence; not a WAN measurement,decisive,0,carousel,80,2,true,1,257,77408002,3374399,5000,0,10000,80797401
1,0.1.0,model-level causal evidence; not a WAN measurement,decisive,0,carousel,81,0,false,0,257,78619202,2299599,5000,0,10000,80933801
1,0.1.0,model-level causal evidence; not a WAN measurement,decisive,0,carousel,81,1,false,0,257,78619202,3327199,5000,0,10000,81961401
1,0.1.0,model-level causal evidence; not a WAN measurement,decisive,0,carousel,81,2,true,0,257,78619202,3327199,5000,0,10000,81961401
1,0.1.0,model-level causal evidence; not a WAN measurement,decisive,0,carousel,82,0,false,0,249,77289605,2248400,5000,0,10000,79553005
1,0.1.0,model-level causal evidence; not a WAN measurement,decisive,0,carousel,82,1,false,0,249,77289605,3276000,5000,0,10000,80580605
1,0.1.0,model-level causal evidence; not a WAN measurement,decisive,0,carousel,82,2,true,0,249,77289605,3276000,5000,0,10000,80580605
1,0.1.0,model-level causal evidence; not a WAN measurement,decisive,0,carousel,83,0,false,1,249,77432803,2248400,5000,0,10000,79696203
1,0.1.0,model-level causal evidence; not a WAN measurement,decisive,0,carousel,83,1,false,1,249,77432803,3276000,5000,0,10000,80723803
1,0.1.0,model-level causal evidence; not a WAN measurement,decisive,0,carousel,83,2,true,1,249,77432803,3276000,5000,0,10000,80723803
1,0.1.0,model-level causal evidence; not a WAN measurement,decisive,0,carousel,84,0,false,1,257,76601604,2248400,5000,0,10000,78865004
1,0.1.0,model-level causal evidence; not a WAN measurement,decisive,0,carousel,84,1,false,1,257,76601604,3276000,5000,0,10000,79892604
1,0.1.0,model-level causal evidence; not a WAN measurement,decisive,0,carousel,84,2,true,1,257,76601604,3276000,5000,0,10000,79892604
1,0.1.0,model-level causal evidence; not a WAN measurement,decisive,0,carousel,85,0,false,0,257,76595203,2248400,5000,0,10000,78858603
1,0.1.0,model-level causal evidence; not a WAN measurement,decisive,0,carousel,85,1,false,0,257,76595203,3276000,5000,0,10000,79886203
1,0.1.0,model-level causal evidence; not a WAN measurement,decisive,0,carousel,85,2,true,0,257,76595203,3276000,5000,0,10000,79886203
1,0.1.0,model-level causal evidence; not a WAN measurement,decisive,0,carousel,86,0,false,0,257,77756002,2771599,5000,0,10000,80542601
1,0.1.0,model-level causal evidence; not a WAN measurement,decisive,0,carousel,86,1,false,0,257,77756002,3799199,5000,0,10000,81570201
1,0.1.0,model-level causal evidence; not a WAN measurement,decisive,0,carousel,86,2,true,0,257,77756002,3799199,5000,0,10000,81570201
1,0.1.0,model-level causal evidence; not a WAN measurement,decisive,0,carousel,87,0,false,0,257,77625606,2248400,5000,0,10000,79889006
1,0.1.0,model-level causal evidence; not a WAN measurement,decisive,0,carousel,87,1,false,0,257,77625606,3276000,5000,0,10000,80916606
1,0.1.0,model-level causal evidence; not a WAN measurement,decisive,0,carousel,87,2,true,0,257,77625606,3276000,5000,0,10000,80916606
1,0.1.0,model-level causal evidence; not a WAN measurement,decisive,0,carousel,88,0,false,1,257,78330404,2677198,5000,0,10000,81022602
1,0.1.0,model-level causal evidence; not a WAN measurement,decisive,0,carousel,88,1,false,1,257,78330404,3704798,5000,0,10000,82050202
1,0.1.0,model-level causal evidence; not a WAN measurement,decisive,0,carousel,88,2,true,1,257,78330404,3704798,5000,0,10000,82050202
1,0.1.0,model-level causal evidence; not a WAN measurement,decisive,0,carousel,89,0,false,0,255,76721604,2248400,5000,0,10000,78985004
1,0.1.0,model-level causal evidence; not a WAN measurement,decisive,0,carousel,89,1,false,0,255,76721604,3276000,5000,0,10000,80012604
1,0.1.0,model-level causal evidence; not a WAN measurement,decisive,0,carousel,89,2,true,0,255,76721604,3276000,5000,0,10000,80012604
1,0.1.0,model-level causal evidence; not a WAN measurement,decisive,0,carousel,90,0,false,0,249,76144003,2248400,5000,0,10000,78407403
1,0.1.0,model-level causal evidence; not a WAN measurement,decisive,0,carousel,90,1,false,0,249,76144003,3276000,5000,0,10000,79435003
1,0.1.0,model-level causal evidence; not a WAN measurement,decisive,0,carousel,90,2,true,0,249,76144003,3276000,5000,0,10000,79435003
1,0.1.0,model-level causal evidence; not a WAN measurement,decisive,0,carousel,91,0,false,1,257,78072802,2248400,5000,0,10000,80336202
1,0.1.0,model-level causal evidence; not a WAN measurement,decisive,0,carousel,91,1,false,1,257,78072802,3276000,5000,0,10000,81363802
1,0.1.0,model-level causal evidence; not a WAN measurement,decisive,0,carousel,91,2,true,1,257,78072802,3276000,5000,0,10000,81363802
1,0.1.0,model-level causal evidence; not a WAN measurement,decisive,0,carousel,92,0,false,1,257,76291204,2248400,5000,0,10000,78554604
1,0.1.0,model-level causal evidence; not a WAN measurement,decisive,0,carousel,92,1,false,1,257,76291204,3276000,5000,0,10000,79582204
1,0.1.0,model-level causal evidence; not a WAN measurement,decisive,0,carousel,92,2,true,1,257,76291204,3276000,5000,0,10000,79582204
1,0.1.0,model-level causal evidence; not a WAN measurement,decisive,0,carousel,93,0,false,0,257,77025603,2248400,5000,0,10000,79289003
1,0.1.0,model-level causal evidence; not a WAN measurement,decisive,0,carousel,93,1,false,0,257,77025603,3276000,5000,0,10000,80316603
1,0.1.0,model-level causal evidence; not a WAN measurement,decisive,0,carousel,93,2,true,0,257,77025603,3276000,5000,0,10000,80316603
1,0.1.0,model-level causal evidence; not a WAN measurement,decisive,0,carousel,94,0,false,0,253,76348802,2248400,5000,0,10000,78612202
1,0.1.0,model-level causal evidence; not a WAN measurement,decisive,0,carousel,94,1,false,0,253,76348802,3276000,5000,0,10000,79639802
1,0.1.0,model-level causal evidence; not a WAN measurement,decisive,0,carousel,94,2,true,0,253,76348802,3276000,5000,0,10000,79639802
1,0.1.0,model-level causal evidence; not a WAN measurement,decisive,0,carousel,95,0,false,1,257,75860821,2248400,5000,0,10000,78124221
1,0.1.0,model-level causal evidence; not a WAN measurement,decisive,0,carousel,95,1,false,1,257,75860821,3276000,5000,0,10000,79151821
1,0.1.0,model-level causal evidence; not a WAN measurement,decisive,0,carousel,95,2,true,1,257,75860821,3276000,5000,0,10000,79151821
1,0.1.0,model-level causal evidence; not a WAN measurement,decisive,0,carousel,96,0,false,1,257,76627202,2346799,5000,0,10000,78989001
1,0.1.0,model-level causal evidence; not a WAN measurement,decisive,0,carousel,96,1,false,1,257,76627202,3374399,5000,0,10000,80016601
1,0.1.0,model-level causal evidence; not a WAN measurement,decisive,0,carousel,96,2,true,1,257,76627202,3374399,5000,0,10000,80016601
1,0.1.0,model-level causal evidence; not a WAN measurement,decisive,0,carousel,97,0,false,0,257,76908802,2248400,5000,0,10000,79172202
1,0.1.0,model-level causal evidence; not a WAN measurement,decisive,0,carousel,97,1,false,0,257,76908802,3276000,5000,0,10000,80199802
1,0.1.0,model-level causal evidence; not a WAN measurement,decisive,0,carousel,97,2,true,0,257,76908802,3276000,5000,0,10000,80199802
1,0.1.0,model-level causal evidence; not a WAN measurement,decisive,0,carousel,98,0,false,0,257,76369611,2248400,5000,0,10000,78633011
1,0.1.0,model-level causal evidence; not a WAN measurement,decisive,0,carousel,98,1,false,0,257,76369611,3276000,5000,0,10000,79660611
1,0.1.0,model-level causal evidence; not a WAN measurement,decisive,0,carousel,98,2,true,0,257,76369611,3276000,5000,0,10000,79660611
1,0.1.0,model-level causal evidence; not a WAN measurement,decisive,0,carousel,99,0,false,1,257,77688002,2248400,5000,0,10000,79951402
1,0.1.0,model-level causal evidence; not a WAN measurement,decisive,0,carousel,99,1,false,1,257,77688002,3276000,5000,0,10000,80979002
1,0.1.0,model-level causal evidence; not a WAN measurement,decisive,0,carousel,99,2,true,1,257,77688002,3276000,5000,0,10000,80979002
1,0.1.0,model-level causal evidence; not a WAN measurement,decisive,0,carousel,100,0,false,0,259,76852002,2248400,5000,0,10000,79115402
1,0.1.0,model-level causal evidence; not a WAN measurement,decisive,0,carousel,100,1,false,0,259,76852002,3276000,5000,0,10000,80143002
1,0.1.0,model-level causal evidence; not a WAN measurement,decisive,0,carousel,100,2,true,0,259,76852002,3276000,5000,0,10000,80143002
1,0.1.0,model-level causal evidence; not a WAN measurement,decisive,0,carousel,101,0,false,1,257,77240806,2248400,5000,0,10000,79504206
1,0.1.0,model-level causal evidence; not a WAN measurement,decisive,0,carousel,101,1,false,1,257,77240806,3276000,5000,0,10000,80531806
1,0.1.0,model-level causal evidence; not a WAN measurement,decisive,0,carousel,101,2,true,1,257,77240806,3276000,5000,0,10000,80531806
1,0.1.0,model-level causal evidence; not a WAN measurement,decisive,0,carousel,102,0,false,1,252,76066402,2845999,5000,0,10000,78927401
1,0.1.0,model-level causal evidence; not a WAN measurement,decisive,0,carousel,102,1,false,1,252,76066402,3873599,5000,0,10000,79955001
1,0.1.0,model-level causal evidence; not a WAN measurement,decisive,0,carousel,102,2,true,1,252,76066402,3873599,5000,0,10000,79955001
1,0.1.0,model-level causal evidence; not a WAN measurement,decisive,0,carousel,103,0,false,1,257,78256003,2248400,5000,0,10000,80519403
1,0.1.0,model-level causal evidence; not a WAN measurement,decisive,0,carousel,103,1,false,1,257,78256003,3276000,5000,0,10000,81547003
1,0.1.0,model-level causal evidence; not a WAN measurement,decisive,0,carousel,103,2,true,1,257,78256003,3276000,5000,0,10000,81547003
1,0.1.0,model-level causal evidence; not a WAN measurement,decisive,0,carousel,104,0,false,1,250,77861603,2248400,5000,0,10000,80125003
1,0.1.0,model-level causal evidence; not a WAN measurement,decisive,0,carousel,104,1,false,1,250,77861603,3276000,5000,0,10000,81152603
1,0.1.0,model-level causal evidence; not a WAN measurement,decisive,0,carousel,104,2,true,1,250,77861603,3276000,5000,0,10000,81152603
1,0.1.0,model-level causal evidence; not a WAN measurement,decisive,0,carousel,105,0,false,1,257,77021606,2248400,5000,0,10000,79285006
1,0.1.0,model-level causal evidence; not a WAN measurement,decisive,0,carousel,105,1,false,1,257,77021606,3276000,5000,0,10000,80312606
1,0.1.0,model-level causal evidence; not a WAN measurement,decisive,0,carousel,105,2,true,1,257,77021606,3276000,5000,0,10000,80312606
1,0.1.0,model-level causal evidence; not a WAN measurement,decisive,0,carousel,106,0,false,0,255,77303202,2689999,5000,0,10000,80008201
1,0.1.0,model-level causal evidence; not a WAN measurement,decisive,0,carousel,106,1,false,0,255,77303202,3717599,5000,0,10000,81035801
1,0.1.0,model-level causal evidence; not a WAN measurement,decisive,0,carousel,106,2,true,0,255,77303202,3717599,5000,0,10000,81035801
1,0.1.0,model-level causal evidence; not a WAN measurement,decisive,0,carousel,107,0,false,0,257,78644807,2248400,5000,0,10000,80908207
1,0.1.0,model-level causal evidence; not a WAN measurement,decisive,0,carousel,107,1,false,0,257,78644807,3276000,5000,0,10000,81935807
1,0.1.0,model-level causal evidence; not a WAN measurement,decisive,0,carousel,107,2,true,0,257,78644807,3276000,5000,0,10000,81935807
1,0.1.0,model-level causal evidence; not a WAN measurement,decisive,0,carousel,108,0,false,0,257,78359206,2616395,5000,0,10000,80990601
1,0.1.0,model-level causal evidence; not a WAN measurement,decisive,0,carousel,108,1,false,0,257,78359206,3643995,5000,0,10000,82018201
1,0.1.0,model-level causal evidence; not a WAN measurement,decisive,0,carousel,108,2,true,0,257,78359206,3643995,5000,0,10000,82018201
1,0.1.0,model-level causal evidence; not a WAN measurement,decisive,0,carousel,109,0,false,1,249,77712004,2537997,5000,0,10000,80265001
1,0.1.0,model-level causal evidence; not a WAN measurement,decisive,0,carousel,109,1,false,1,249,77712004,3565597,5000,0,10000,81292601
1,0.1.0,model-level causal evidence; not a WAN measurement,decisive,0,carousel,109,2,true,1,249,77712004,3565597,5000,0,10000,81292601
1,0.1.0,model-level causal evidence; not a WAN measurement,decisive,0,carousel,110,0,false,0,259,77656804,2587597,5000,0,10000,80259401
1,0.1.0,model-level causal evidence; not a WAN measurement,decisive,0,carousel,110,1,false,0,259,77656804,3615197,5000,0,10000,81287001
1,0.1.0,model-level causal evidence; not a WAN measurement,decisive,0,carousel,110,2,true,0,259,77656804,3615197,5000,0,10000,81287001
1,0.1.0,model-level causal evidence; not a WAN measurement,decisive,0,carousel,111,0,false,1,257,78716007,2329996,5000,0,10000,81061003
1,0.1.0,model-level causal evidence; not a WAN measurement,decisive,0,carousel,111,1,false,1,257,78716007,3357596,5000,0,10000,82088603
1,0.1.0,model-level causal evidence; not a WAN measurement,decisive,0,carousel,111,2,true,1,257,78716007,3357596,5000,0,10000,82088603
1,0.1.0,model-level causal evidence; not a WAN measurement,decisive,0,carousel,112,0,false,0,257,76651202,2488399,5000,0,10000,79154601
1,0.1.0,model-level causal evidence; not a WAN measurement,decisive,0,carousel,112,1,false,0,257,76651202,3515999,5000,0,10000,80182201
1,0.1.0,model-level causal evidence; not a WAN measurement,decisive,0,carousel,112,2,true,0,257,76651202,3515999,5000,0,10000,80182201
1,0.1.0,model-level causal evidence; not a WAN measurement,decisive,0,carousel,113,0,false,0,257,78701606,2248400,5000,0,10000,80965006
1,0.1.0,model-level causal evidence; not a WAN measurement,decisive,0,carousel,113,1,false,0,257,78701606,3276000,5000,0,10000,81992606
1,0.1.0,model-level causal evidence; not a WAN measurement,decisive,0,carousel,113,2,true,0,257,78701606,3276000,5000,0,10000,81992606
1,0.1.0,model-level causal evidence; not a WAN measurement,decisive,0,carousel,114,0,false,0,257,75857606,2248400,5000,0,10000,78121006
1,0.1.0,model-level causal evidence; not a WAN measurement,decisive,0,carousel,114,1,false,0,257,75857606,3276000,5000,0,10000,79148606
1,0.1.0,model-level causal evidence; not a WAN measurement,decisive,0,carousel,114,2,true,0,257,75857606,3276000,5000,0,10000,79148606
1,0.1.0,model-level causal evidence; not a WAN measurement,decisive,0,carousel,115,0,false,0,257,77459202,2417199,5000,0,10000,79891401
1,0.1.0,model-level causal evidence; not a WAN measurement,decisive,0,carousel,115,1,false,0,257,77459202,3444799,5000,0,10000,80919001
1,0.1.0,model-level causal evidence; not a WAN measurement,decisive,0,carousel,115,2,true,0,257,77459202,3444799,5000,0,10000,80919001
1,0.1.0,model-level causal evidence; not a WAN measurement,decisive,0,carousel,116,0,false,0,257,77643202,2441199,5000,0,10000,80099401
1,0.1.0,model-level causal evidence; not a WAN measurement,decisive,0,carousel,116,1,false,0,257,77643202,3468799,5000,0,10000,81127001
1,0.1.0,model-level causal evidence; not a WAN measurement,decisive,0,carousel,116,2,true,0,257,77643202,3468799,5000,0,10000,81127001
1,0.1.0,model-level causal evidence; not a WAN measurement,decisive,0,carousel,117,0,false,1,257,77747206,2392395,5000,0,10000,80154601
1,0.1.0,model-level causal evidence; not a WAN measurement,decisive,0,carousel,117,1,false,1,257,77747206,3419995,5000,0,10000,81182201
1,0.1.0,model-level causal evidence; not a WAN measurement,decisive,0,carousel,117,2,true,1,257,77747206,3419995,5000,0,10000,81182201
1,0.1.0,model-level causal evidence; not a WAN measurement,decisive,0,carousel,118,0,false,0,255,80060804,2345997,5000,0,10000,82421801
1,0.1.0,model-level causal evidence; not a WAN measurement,decisive,0,carousel,118,1,false,0,255,80060804,3373597,5000,0,10000,83449401
1,0.1.0,model-level causal evidence; not a WAN measurement,decisive,0,carousel,118,2,true,0,255,80060804,3373597,5000,0,10000,83449401
1,0.1.0,model-level causal evidence; not a WAN measurement,decisive,0,carousel,119,0,false,1,257,76404803,2689998,5000,0,10000,79109801
1,0.1.0,model-level causal evidence; not a WAN measurement,decisive,0,carousel,119,1,false,1,257,76404803,3717598,5000,0,10000,80137401
1,0.1.0,model-level causal evidence; not a WAN measurement,decisive,0,carousel,119,2,true,1,257,76404803,3717598,5000,0,10000,80137401
1,0.1.0,model-level causal evidence; not a WAN measurement,decisive,0,carousel,120,0,false,1,257,78358402,2248400,5000,0,10000,80621802
1,0.1.0,model-level causal evidence; not a WAN measurement,decisive,0,carousel,120,1,false,1,257,78358402,3276000,5000,0,10000,81649402
1,0.1.0,model-level causal evidence; not a WAN measurement,decisive,0,carousel,120,2,true,1,257,78358402,3276000,5000,0,10000,81649402
1,0.1.0,model-level causal evidence; not a WAN measurement,decisive,0,carousel,121,0,false,1,254,75903205,2301196,5000,413,10000,78219814
1,0.1.0,model-level causal evidence; not a WAN measurement,decisive,0,carousel,121,1,false,1,254,75903205,3328796,5000,413,10000,79247414
1,0.1.0,model-level causal evidence; not a WAN measurement,decisive,0,carousel,121,2,true,1,254,75903205,3328796,5000,413,10000,79247414
1,0.1.0,model-level causal evidence; not a WAN measurement,decisive,0,carousel,122,0,false,1,257,78744802,2248400,5000,0,10000,81008202
1,0.1.0,model-level causal evidence; not a WAN measurement,decisive,0,carousel,122,1,false,1,257,78744802,3276000,5000,0,10000,82035802
1,0.1.0,model-level causal evidence; not a WAN measurement,decisive,0,carousel,122,2,true,1,257,78744802,3276000,5000,0,10000,82035802
1,0.1.0,model-level causal evidence; not a WAN measurement,decisive,0,carousel,123,0,false,0,258,76915202,2248400,5000,0,10000,79178602
1,0.1.0,model-level causal evidence; not a WAN measurement,decisive,0,carousel,123,1,false,0,258,76915202,3276000,5000,0,10000,80206202
1,0.1.0,model-level causal evidence; not a WAN measurement,decisive,0,carousel,123,2,true,0,258,76915202,3276000,5000,0,10000,80206202
1,0.1.0,model-level causal evidence; not a WAN measurement,decisive,0,carousel,124,0,false,1,257,77163204,2248400,5000,0,10000,79426604
1,0.1.0,model-level causal evidence; not a WAN measurement,decisive,0,carousel,124,1,false,1,257,77163204,3276000,5000,0,10000,80454204
1,0.1.0,model-level causal evidence; not a WAN measurement,decisive,0,carousel,124,2,true,1,257,77163204,3276000,5000,0,10000,80454204
1,0.1.0,model-level causal evidence; not a WAN measurement,decisive,0,carousel,125,0,false,1,257,78020006,2248400,5000,0,10000,80283406
1,0.1.0,model-level causal evidence; not a WAN measurement,decisive,0,carousel,125,1,false,1,257,78020006,3276000,5000,0,10000,81311006
1,0.1.0,model-level causal evidence; not a WAN measurement,decisive,0,carousel,125,2,true,1,257,78020006,3276000,5000,0,10000,81311006
1,0.1.0,model-level causal evidence; not a WAN measurement,decisive,0,carousel,126,0,false,0,257,77693614,2248400,5000,0,10000,79957014
1,0.1.0,model-level causal evidence; not a WAN measurement,decisive,0,carousel,126,1,false,0,257,77693614,3276000,5000,0,10000,80984614
1,0.1.0,model-level causal evidence; not a WAN measurement,decisive,0,carousel,126,2,true,0,257,77693614,3276000,5000,0,10000,80984614
1,0.1.0,model-level causal evidence; not a WAN measurement,decisive,0,carousel,127,0,false,1,257,77521606,2248400,5000,0,10000,79785006
1,0.1.0,model-level causal evidence; not a WAN measurement,decisive,0,carousel,127,1,false,1,257,77521606,3276000,5000,0,10000,80812606
1,0.1.0,model-level causal evidence; not a WAN measurement,decisive,0,carousel,127,2,true,1,257,77521606,3276000,5000,0,10000,80812606
1,0.1.0,model-level causal evidence; not a WAN measurement,decisive,0,per_stripe_fec,0,0,false,0,255,78852002,2248400,5000,0,10000,81115402
1,0.1.0,model-level causal evidence; not a WAN measurement,decisive,0,per_stripe_fec,0,1,false,0,255,78852002,3276000,5000,0,10000,82143002
1,0.1.0,model-level causal evidence; not a WAN measurement,decisive,0,per_stripe_fec,0,2,true,0,255,78852002,3276000,5000,0,10000,82143002
1,0.1.0,model-level causal evidence; not a WAN measurement,decisive,0,per_stripe_fec,1,0,false,0,255,77837602,2248400,5000,0,10000,80101002
1,0.1.0,model-level causal evidence; not a WAN measurement,decisive,0,per_stripe_fec,1,1,false,0,255,77837602,3276000,5000,0,10000,81128602
1,0.1.0,model-level causal evidence; not a WAN measurement,decisive,0,per_stripe_fec,1,2,true,0,255,77837602,3276000,5000,0,10000,81128602
1,0.1.0,model-level causal evidence; not a WAN measurement,decisive,0,per_stripe_fec,2,0,false,0,255,78867205,2405999,5000,0,10000,81288204
1,0.1.0,model-level causal evidence; not a WAN measurement,decisive,0,per_stripe_fec,2,1,false,0,255,78867205,3433599,5000,0,10000,82315804
1,0.1.0,model-level causal evidence; not a WAN measurement,decisive,0,per_stripe_fec,2,2,true,0,255,78867205,3433599,5000,0,10000,82315804
1,0.1.0,model-level causal evidence; not a WAN measurement,decisive,0,per_stripe_fec,3,0,false,1,255,78013605,2248400,5000,0,10000,80277005
1,0.1.0,model-level causal evidence; not a WAN measurement,decisive,0,per_stripe_fec,3,1,false,1,255,78013605,3276000,5000,0,10000,81304605
1,0.1.0,model-level causal evidence; not a WAN measurement,decisive,0,per_stripe_fec,3,2,true,1,255,78013605,3276000,5000,0,10000,81304605
1,0.1.0,model-level causal evidence; not a WAN measurement,decisive,0,per_stripe_fec,4,0,false,1,255,77226404,2518797,5000,0,10000,79760201
1,0.1.0,model-level causal evidence; not a WAN measurement,decisive,0,per_stripe_fec,4,1,false,1,255,77226404,3546397,5000,0,10000,80787801
1,0.1.0,model-level causal evidence; not a WAN measurement,decisive,0,per_stripe_fec,4,2,true,1,255,77226404,3546397,5000,0,10000,80787801
1,0.1.0,model-level causal evidence; not a WAN measurement,decisive,0,per_stripe_fec,5,0,false,1,255,76580006,2248400,5000,1196,10000,78844602
1,0.1.0,model-level causal evidence; not a WAN measurement,decisive,0,per_stripe_fec,5,1,false,1,255,76580006,3276000,5000,1196,10000,79872202
1,0.1.0,model-level causal evidence; not a WAN measurement,decisive,0,per_stripe_fec,5,2,true,1,255,76580006,3276000,5000,1196,10000,79872202
1,0.1.0,model-level causal evidence; not a WAN measurement,decisive,0,per_stripe_fec,6,0,false,1,255,79232803,2961998,5000,0,10000,82209801
1,0.1.0,model-level causal evidence; not a WAN measurement,decisive,0,per_stripe_fec,6,1,false,1,255,79232803,3989598,5000,0,10000,83237401
1,0.1.0,model-level causal evidence; not a WAN measurement,decisive,0,per_stripe_fec,6,2,true,1,255,79232803,3989598,5000,0,10000,83237401
1,0.1.0,model-level causal evidence; not a WAN measurement,decisive,0,per_stripe_fec,7,0,false,0,255,79635202,2631599,5000,0,10000,82281801
1,0.1.0,model-level causal evidence; not a WAN measurement,decisive,0,per_stripe_fec,7,1,false,0,255,79635202,3659199,5000,0,10000,83309401
1,0.1.0,model-level causal evidence; not a WAN measurement,decisive,0,per_stripe_fec,7,2,true,0,255,79635202,3659199,5000,0,10000,83309401
1,0.1.0,model-level causal evidence; not a WAN measurement,decisive,0,per_stripe_fec,8,0,false,1,255,76802406,2248400,5000,0,10000,79065806
1,0.1.0,model-level causal evidence; not a WAN measurement,decisive,0,per_stripe_fec,8,1,false,1,255,76802406,3276000,5000,0,10000,80093406
1,0.1.0,model-level causal evidence; not a WAN measurement,decisive,0,per_stripe_fec,8,2,true,1,255,76802406,3276000,5000,0,10000,80093406
1,0.1.0,model-level causal evidence; not a WAN measurement,decisive,0,per_stripe_fec,9,0,false,0,255,76669604,2248400,5000,0,10000,78933004
1,0.1.0,model-level causal evidence; not a WAN measurement,decisive,0,per_stripe_fec,9,1,false,0,255,76669604,3276000,5000,0,10000,79960604
1,0.1.0,model-level causal evidence; not a WAN measurement,decisive,0,per_stripe_fec,9,2,true,0,255,76669604,3276000,5000,0,10000,79960604
1,0.1.0,model-level causal evidence; not a WAN measurement,decisive,0,per_stripe_fec,10,0,false,1,255,79348802,2248400,5000,0,10000,81612202
1,0.1.0,model-level causal evidence; not a WAN measurement,decisive,0,per_stripe_fec,10,1,false,1,255,79348802,3276000,5000,0,10000,82639802
1,0.1.0,model-level causal evidence; not a WAN measurement,decisive,0,per_stripe_fec,10,2,true,1,255,79348802,3276000,5000,0,10000,82639802
1,0.1.0,model-level causal evidence; not a WAN measurement,decisive,0,per_stripe_fec,11,0,false,0,255,79076802,2689999,5000,0,10000,81781801
1,0.1.0,model-level causal evidence; not a WAN measurement,decisive,0,per_stripe_fec,11,1,false,0,255,79076802,3717599,5000,0,10000,82809401
1,0.1.0,model-level causal evidence; not a WAN measurement,decisive,0,per_stripe_fec,11,2,true,0,255,79076802,3717599,5000,0,10000,82809401
1,0.1.0,model-level causal evidence; not a WAN measurement,decisive,0,per_stripe_fec,12,0,false,0,255,77532807,2248400,5000,0,10000,79796207
1,0.1.0,model-level causal evidence; not a WAN measurement,decisive,0,per_stripe_fec,12,1,false,0,255,77532807,3276000,5000,0,10000,80823807
1,0.1.0,model-level causal evidence; not a WAN measurement,decisive,0,per_stripe_fec,12,2,true,0,255,77532807,3276000,5000,0,10000,80823807
1,0.1.0,model-level causal evidence; not a WAN measurement,decisive,0,per_stripe_fec,13,0,false,0,255,76145603,2831598,5000,0,10000,78992201
1,0.1.0,model-level causal evidence; not a WAN measurement,decisive,0,per_stripe_fec,13,1,false,0,255,76145603,3859198,5000,0,10000,80019801
1,0.1.0,model-level causal evidence; not a WAN measurement,decisive,0,per_stripe_fec,13,2,true,0,255,76145603,3859198,5000,0,10000,80019801
1,0.1.0,model-level causal evidence; not a WAN measurement,decisive,0,per_stripe_fec,14,0,false,1,255,78204011,2248400,5000,0,10000,80467411
1,0.1.0,model-level causal evidence; not a WAN measurement,decisive,0,per_stripe_fec,14,1,false,1,255,78204011,3276000,5000,0,10000,81495011
1,0.1.0,model-level causal evidence; not a WAN measurement,decisive,0,per_stripe_fec,14,2,true,1,255,78204011,3276000,5000,0,10000,81495011
1,0.1.0,model-level causal evidence; not a WAN measurement,decisive,0,per_stripe_fec,15,0,false,1,255,77798402,2405999,5000,0,10000,80219401
1,0.1.0,model-level causal evidence; not a WAN measurement,decisive,0,per_stripe_fec,15,1,false,1,255,77798402,3433599,5000,0,10000,81247001
1,0.1.0,model-level causal evidence; not a WAN measurement,decisive,0,per_stripe_fec,15,2,true,1,255,77798402,3433599,5000,0,10000,81247001
1,0.1.0,model-level causal evidence; not a WAN measurement,decisive,0,per_stripe_fec,16,0,false,1,255,78238402,2248400,5000,0,10000,80501802
1,0.1.0,model-level causal evidence; not a WAN measurement,decisive,0,per_stripe_fec,16,1,false,1,255,78238402,3276000,5000,0,10000,81529402
1,0.1.0,model-level causal evidence; not a WAN measurement,decisive,0,per_stripe_fec,16,2,true,1,255,78238402,3276000,5000,0,10000,81529402
1,0.1.0,model-level causal evidence; not a WAN measurement,decisive,0,per_stripe_fec,17,0,false,0,255,78199203,2271598,5000,0,10000,80485801
1,0.1.0,model-level causal evidence; not a WAN measurement,decisive,0,per_stripe_fec,17,1,false,0,255,78199203,3299198,5000,0,10000,81513401
1,0.1.0,model-level causal evidence; not a WAN measurement,decisive,0,per_stripe_fec,17,2,true,0,255,78199203,3299198,5000,0,10000,81513401
1,0.1.0,model-level causal evidence; not a WAN measurement,decisive,0,per_stripe_fec,18,0,false,0,255,77651202,2488399,5000,0,10000,80154601
1,0.1.0,model-level causal evidence; not a WAN measurement,decisive,0,per_stripe_fec,18,1,false,0,255,77651202,3515999,5000,0,10000,81182201
1,0.1.0,model-level causal evidence; not a WAN measurement,decisive,0,per_stripe_fec,18,2,true,0,255,77651202,3515999,5000,0,10000,81182201
1,0.1.0,model-level causal evidence; not a WAN measurement,decisive,0,per_stripe_fec,19,0,false,1,255,77024009,2403592,5000,0,10000,79442601
1,0.1.0,model-level causal evidence; not a WAN measurement,decisive,0,per_stripe_fec,19,1,false,1,255,77024009,3431192,5000,0,10000,80470201
1,0.1.0,model-level causal evidence; not a WAN measurement,decisive,0,per_stripe_fec,19,2,true,1,255,77024009,3431192,5000,0,10000,80470201
1,0.1.0,model-level causal evidence; not a WAN measurement,decisive,0,per_stripe_fec,20,0,false,1,255,78651202,2488399,5000,0,10000,81154601
1,0.1.0,model-level causal evidence; not a WAN measurement,decisive,0,per_stripe_fec,20,1,false,1,255,78651202,3515999,5000,0,10000,82182201
1,0.1.0,model-level causal evidence; not a WAN measurement,decisive,0,per_stripe_fec,20,2,true,1,255,78651202,3515999,5000,0,10000,82182201
1,0.1.0,model-level causal evidence; not a WAN measurement,decisive,0,per_stripe_fec,21,0,false,1,255,77713612,2248400,5000,1990,10000,79979002
1,0.1.0,model-level causal evidence; not a WAN measurement,decisive,0,per_stripe_fec,21,1,false,1,255,77713612,3276000,5000,1990,10000,81006602
1,0.1.0,model-level causal evidence; not a WAN measurement,decisive,0,per_stripe_fec,21,2,true,1,255,77713612,3276000,5000,1990,10000,81006602
1,0.1.0,model-level causal evidence; not a WAN measurement,decisive,0,per_stripe_fec,22,0,false,1,255,78407202,2248400,5000,0,10000,80670602
1,0.1.0,model-level causal evidence; not a WAN measurement,decisive,0,per_stripe_fec,22,1,false,1,255,78407202,3276000,5000,0,10000,81698202
1,0.1.0,model-level causal evidence; not a WAN measurement,decisive,0,per_stripe_fec,22,2,true,1,255,78407202,3276000,5000,0,10000,81698202
1,0.1.0,model-level causal evidence; not a WAN measurement,decisive,0,per_stripe_fec,23,0,false,0,255,77896803,2248400,5000,0,10000,80160203
1,0.1.0,model-level causal evidence; not a WAN measurement,decisive,0,per_stripe_fec,23,1,false,0,255,77896803,3276000,5000,0,10000,81187803
1,0.1.0,model-level causal evidence; not a WAN measurement,decisive,0,per_stripe_fec,23,2,true,0,255,77896803,3276000,5000,0,10000,81187803
1,0.1.0,model-level causal evidence; not a WAN measurement,decisive,0,per_stripe_fec,24,0,false,0,255,78756002,2462799,5000,0,10000,81233801
1,0.1.0,model-level causal evidence; not a WAN measurement,decisive,0,per_stripe_fec,24,1,false,0,255,78756002,3490399,5000,0,10000,82261401
1,0.1.0,model-level causal evidence; not a WAN measurement,decisive,0,per_stripe_fec,24,2,true,0,255,78756002,3490399,5000,0,10000,82261401
1,0.1.0,model-level causal evidence; not a WAN measurement,decisive,0,per_stripe_fec,25,0,false,1,255,77871203,2329998,5000,0,10000,80216201
1,0.1.0,model-level causal evidence; not a WAN measurement,decisive,0,per_stripe_fec,25,1,false,1,255,77871203,3357598,5000,0,10000,81243801
1,0.1.0,model-level causal evidence; not a WAN measurement,decisive,0,per_stripe_fec,25,2,true,1,255,77871203,3357598,5000,0,10000,81243801
1,0.1.0,model-level causal evidence; not a WAN measurement,decisive,0,per_stripe_fec,26,0,false,0,255,78504804,2248400,5000,0,10000,80768204
1,0.1.0,model-level causal evidence; not a WAN measurement,decisive,0,per_stripe_fec,26,1,false,0,255,78504804,3276000,5000,0,10000,81795804
1,0.1.0,model-level causal evidence; not a WAN measurement,decisive,0,per_stripe_fec,26,2,true,0,255,78504804,3276000,5000,0,10000,81795804
1,0.1.0,model-level causal evidence; not a WAN measurement,decisive,0,per_stripe_fec,27,0,false,1,255,78907202,2248400,5000,0,10000,81170602
1,0.1.0,model-level causal evidence; not a WAN measurement,decisive,0,per_stripe_fec,27,1,false,1,255,78907202,3276000,5000,0,10000,82198202
1,0.1.0,model-level causal evidence; not a WAN measurement,decisive,0,per_stripe_fec,27,2,true,1,255,78907202,3276000,5000,0,10000,82198202
1,0.1.0,model-level causal evidence; not a WAN measurement,decisive,0,per_stripe_fec,28,0,false,1,255,79183202,2847599,5000,0,10000,82045801
1,0.1.0,model-level causal evidence; not a WAN measurement,decisive,0,per_stripe_fec,28,1,false,1,255,79183202,3875199,5000,0,10000,83073401
1,0.1.0,model-level causal evidence; not a WAN measurement,decisive,0,per_stripe_fec,28,2,true,1,255,79183202,3875199,5000,0,10000,83073401
1,0.1.0,model-level causal evidence; not a WAN measurement,decisive,0,per_stripe_fec,29,0,false,1,255,78243210,2689991,5000,0,10000,80948201
1,0.1.0,model-level causal evidence; not a WAN measurement,decisive,0,per_stripe_fec,29,1,false,1,255,78243210,3717591,5000,0,10000,81975801
1,0.1.0,model-level causal evidence; not a WAN measurement,decisive,0,per_stripe_fec,29,2,true,1,255,78243210,3717591,5000,0,10000,81975801
1,0.1.0,model-level causal evidence; not a WAN measurement,decisive,0,per_stripe_fec,30,0,false,0,255,77659202,2535599,7603,5000,10000,80217404
1,0.1.0,model-level causal evidence; not a WAN measurement,decisive,0,per_stripe_fec,30,1,false,0,255,77659202,3563199,7603,5000,10000,81245004
1,0.1.0,model-level causal evidence; not a WAN measurement,decisive,0,per_stripe_fec,30,2,true,0,255,77659202,3563199,7603,5000,10000,81245004
1,0.1.0,model-level causal evidence; not a WAN measurement,decisive,0,per_stripe_fec,31,0,false,1,255,77740002,2441199,5000,0,10000,80196201
1,0.1.0,model-level causal evidence; not a WAN measurement,decisive,0,per_stripe_fec,31,1,false,1,255,77740002,3468799,5000,0,10000,81223801
1,0.1.0,model-level causal evidence; not a WAN measurement,decisive,0,per_stripe_fec,31,2,true,1,255,77740002,3468799,5000,0,10000,81223801
1,0.1.0,model-level causal evidence; not a WAN measurement,decisive,0,per_stripe_fec,32,0,false,1,255,77700802,2405999,5000,3601,10000,80125402
1,0.1.0,model-level causal evidence; not a WAN measurement,decisive,0,per_stripe_fec,32,1,false,1,255,77700802,3433599,5000,3601,10000,81153002
1,0.1.0,model-level causal evidence; not a WAN measurement,decisive,0,per_stripe_fec,32,2,true,1,255,77700802,3433599,5000,3601,10000,81153002
1,0.1.0,model-level causal evidence; not a WAN measurement,decisive,0,per_stripe_fec,33,0,false,0,255,77279202,2923599,5000,0,10000,80217801
1,0.1.0,model-level causal evidence; not a WAN measurement,decisive,0,per_stripe_fec,33,1,false,0,255,77279202,3951199,5000,0,10000,81245401
1,0.1.0,model-level causal evidence; not a WAN measurement,decisive,0,per_stripe_fec,33,2,true,0,255,77279202,3951199,5000,0,10000,81245401
1,0.1.0,model-level causal evidence; not a WAN measurement,decisive,0,per_stripe_fec,34,0,false,0,255,77672805,2248400,5000,0,10000,79936205
1,0.1.0,model-level causal evidence; not a WAN measurement,decisive,0,per_stripe_fec,34,1,false,0,255,77672805,3276000,5000,0,10000,80963805
1,0.1.0,model-level causal evidence; not a WAN measurement,decisive,0,per_stripe_fec,34,2,true,0,255,77672805,3276000,5000,0,10000,80963805
1,0.1.0,model-level causal evidence; not a WAN measurement,decisive,0,per_stripe_fec,35,0,false,0,255,77019202,2902799,5000,0,10000,79937001
1,0.1.0,model-level causal evidence; not a WAN measurement,decisive,0,per_stripe_fec,35,1,false,0,255,77019202,3930399,5000,0,10000,80964601
1,0.1.0,model-level causal evidence; not a WAN measurement,decisive,0,per_stripe_fec,35,2,true,0,255,77019202,3930399,5000,0,10000,80964601
1,0.1.0,model-level causal evidence; not a WAN measurement,decisive,0,per_stripe_fec,36,0,false,0,255,77146407,2248400,5000,0,10000,79409807
1,0.1.0,model-level causal evidence; not a WAN measurement,decisive,0,per_stripe_fec,36,1,false,0,255,77146407,3276000,5000,0,10000,80437407
1,0.1.0,model-level causal evidence; not a WAN measurement,decisive,0,per_stripe_fec,36,2,true,0,255,77146407,3276000,5000,0,10000,80437407
1,0.1.0,model-level causal evidence; not a WAN measurement,decisive,0,per_stripe_fec,37,0,false,1,255,78437604,2248400,5000,0,10000,80701004
1,0.1.0,model-level causal evidence; not a WAN measurement,decisive,0,per_stripe_fec,37,1,false,1,255,78437604,3276000,5000,0,10000,81728604
1,0.1.0,model-level causal evidence; not a WAN measurement,decisive,0,per_stripe_fec,37,2,true,1,255,78437604,3276000,5000,0,10000,81728604
1,0.1.0,model-level causal evidence; not a WAN measurement,decisive,0,per_stripe_fec,38,0,false,1,255,79215202,2594799,5000,0,10000,81825001
1,0.1.0,model-level causal evidence; not a WAN measurement,decisive,0,per_stripe_fec,38,1,false,1,255,79215202,3622399,5000,0,10000,82852601
1,0.1.0,model-level causal evidence; not a WAN measurement,decisive,0,per_stripe_fec,38,2,true,1,255,79215202,3622399,5000,0,10000,82852601
1,0.1.0,model-level causal evidence; not a WAN measurement,decisive,0,per_stripe_fec,39,0,false,1,255,77768804,2248400,5000,0,10000,80032204
1,0.1.0,model-level causal evidence; not a WAN measurement,decisive,0,per_stripe_fec,39,1,false,1,255,77768804,3276000,5000,0,10000,81059804
1,0.1.0,model-level causal evidence; not a WAN measurement,decisive,0,per_stripe_fec,39,2,true,1,255,77768804,3276000,5000,0,10000,81059804
1,0.1.0,model-level causal evidence; not a WAN measurement,decisive,0,per_stripe_fec,40,0,false,1,255,76919213,2505988,5000,0,10000,79440201
1,0.1.0,model-level causal evidence; not a WAN measurement,decisive,0,per_stripe_fec,40,1,false,1,255,76919213,3533588,5000,0,10000,80467801
1,0.1.0,model-level causal evidence; not a WAN measurement,decisive,0,per_stripe_fec,40,2,true,1,255,76919213,3533588,5000,0,10000,80467801
1,0.1.0,model-level causal evidence; not a WAN measurement,decisive,0,per_stripe_fec,41,0,false,1,255,79072802,2689999,5000,0,10000,81777801
1,0.1.0,model-level causal evidence; not a WAN measurement,decisive,0,per_stripe_fec,41,1,false,1,255,79072802,3717599,5000,0,10000,82805401
1,0.1.0,model-level causal evidence; not a WAN measurement,decisive,0,per_stripe_fec,41,2,true,1,255,79072802,3717599,5000,0,10000,82805401
1,0.1.0,model-level causal evidence; not a WAN measurement,decisive,0,per_stripe_fec,42,0,false,1,255,79144003,2601198,5000,0,10000,81760201
1,0.1.0,model-level causal evidence; not a WAN measurement,decisive,0,per_stripe_fec,42,1,false,1,255,79144003,3628798,5000,0,10000,82787801
1,0.1.0,model-level causal evidence; not a WAN measurement,decisive,0,per_stripe_fec,42,2,true,1,255,79144003,3628798,5000,0,10000,82787801
1,0.1.0,model-level causal evidence; not a WAN measurement,decisive,0,per_stripe_fec,43,0,false,0,255,78052804,2248400,5000,0,10000,80316204
1,0.1.0,model-level causal evidence; not a WAN measurement,decisive,0,per_stripe_fec,43,1,false,0,255,78052804,3276000,5000,0,10000,81343804
1,0.1.0,model-level causal evidence; not a WAN measurement,decisive,0,per_stripe_fec,43,2,true,0,255,78052804,3276000,5000,0,10000,81343804
1,0.1.0,model-level causal evidence; not a WAN measurement,decisive,0,per_stripe_fec,44,0,false,1,255,78714408,2248400,5000,0,10000,80977808
1,0.1.0,model-level causal evidence; not a WAN measurement,decisive,0,per_stripe_fec,44,1,false,1,255,78714408,3276000,5000,0,10000,82005408
1,0.1.0,model-level causal evidence; not a WAN measurement,decisive,0,per_stripe_fec,44,2,true,1,255,78714408,3276000,5000,0,10000,82005408
1,0.1.0,model-level causal evidence; not a WAN measurement,decisive,0,per_stripe_fec,45,0,false,0,255,77350402,2396399,6807,5000,10000,79768608
1,0.1.0,model-level causal evidence; not a WAN measurement,decisive,0,per_stripe_fec,45,1,false,0,255,77350402,3423999,6807,5000,10000,80796208
1,0.1.0,model-level causal evidence; not a WAN measurement,decisive,0,per_stripe_fec,45,2,true,0,255,77350402,3423999,6807,5000,10000,80796208
1,0.1.0,model-level causal evidence; not a WAN measurement,decisive,0,per_stripe_fec,46,0,false,1,255,77293602,2248400,5000,0,10000,79557002
1,0.1.0,model-level causal evidence; not a WAN measurement,decisive,0,per_stripe_fec,46,1,false,1,255,77293602,3276000,5000,0,10000,80584602
1,0.1.0,model-level causal evidence; not a WAN measurement,decisive,0,per_stripe_fec,46,2,true,1,255,77293602,3276000,5000,0,10000,80584602
1,0.1.0,model-level causal evidence; not a WAN measurement,decisive,0,per_stripe_fec,47,0,false,1,255,81009602,2248400,5000,0,10000,83273002
1,0.1.0,model-level causal evidence; not a WAN measurement,decisive,0,per_stripe_fec,47,1,false,1,255,81009602,3276000,5000,0,10000,84300602
1,0.1.0,model-level causal evidence; not a WAN measurement,decisive,0,per_stripe_fec,47,2,true,1,255,81009602,3276000,5000,0,10000,84300602
1,0.1.0,model-level causal evidence; not a WAN measurement,decisive,0,per_stripe_fec,48,0,false,1,255,77480011,2746790,5000,0,10000,80241801
1,0.1.0,model-level causal evidence; not a WAN measurement,decisive,0,per_stripe_fec,48,1,false,1,255,77480011,3774390,5000,0,10000,81269401
1,0.1.0,model-level causal evidence; not a WAN measurement,decisive,0,per_stripe_fec,48,2,true,1,255,77480011,3774390,5000,0,10000,81269401
1,0.1.0,model-level causal evidence; not a WAN measurement,decisive,0,per_stripe_fec,49,0,false,0,255,77752802,2248400,5000,0,10000,80016202
1,0.1.0,model-level causal evidence; not a WAN measurement,decisive,0,per_stripe_fec,49,1,false,0,255,77752802,3276000,5000,0,10000,81043802
1,0.1.0,model-level causal evidence; not a WAN measurement,decisive,0,per_stripe_fec,49,2,true,0,255,77752802,3276000,5000,0,10000,81043802
1,0.1.0,model-level causal evidence; not a WAN measurement,decisive,0,per_stripe_fec,50,0,false,0,255,78767204,2248400,5000,0,10000,81030604
1,0.1.0,model-level causal evidence; not a WAN measurement,decisive,0,per_stripe_fec,50,1,false,0,255,78767204,3276000,5000,0,10000,82058204
1,0.1.0,model-level causal evidence; not a WAN measurement,decisive,0,per_stripe_fec,50,2,true,0,255,78767204,3276000,5000,0,10000,82058204
1,0.1.0,model-level causal evidence; not a WAN measurement,decisive,0,per_stripe_fec,51,0,false,0,255,78288005,2248400,5000,0,10000,80551405
1,0.1.0,model-level causal evidence; not a WAN measurement,decisive,0,per_stripe_fec,51,1,false,0,255,78288005,3276000,5000,0,10000,81579005
1,0.1.0,model-level causal evidence; not a WAN measurement,decisive,0,per_stripe_fec,51,2,true,0,255,78288005,3276000,5000,0,10000,81579005
1,0.1.0,model-level causal evidence; not a WAN measurement,decisive,0,per_stripe_fec,52,0,false,0,255,78798402,2428399,5000,4402,10000,81246203
1,0.1.0,model-level causal evidence; not a WAN measurement,decisive,0,per_stripe_fec,52,1,false,0,255,78798402,3455999,5000,4402,10000,82273803
1,0.1.0,model-level causal evidence; not a WAN measurement,decisive,0,per_stripe_fec,52,2,true,0,255,78798402,3455999,5000,4402,10000,82273803
1,0.1.0,model-level causal evidence; not a WAN measurement,decisive,0,per_stripe_fec,53,0,false,1,255,79088803,2248400,5000,0,10000,81352203
1,0.1.0,model-level causal evidence; not a WAN measurement,decisive,0,per_stripe_fec,53,1,false,1,255,79088803,3276000,5000,0,10000,82379803
1,0.1.0,model-level causal evidence; not a WAN measurement,decisive,0,per_stripe_fec,53,2,true,1,255,79088803,3276000,5000,0,10000,82379803
1,0.1.0,model-level causal evidence; not a WAN measurement,decisive,0,per_stripe_fec,54,0,false,0,255,79128002,2248400,5000,2000,10000,81393402
1,0.1.0,model-level causal evidence; not a WAN measurement,decisive,0,per_stripe_fec,54,1,false,0,255,79128002,3276000,5000,2000,10000,82421002
1,0.1.0,model-level causal evidence; not a WAN measurement,decisive,0,per_stripe_fec,54,2,true,0,255,79128002,3276000,5000,2000,10000,82421002
1,0.1.0,model-level causal evidence; not a WAN measurement,decisive,0,per_stripe_fec,55,0,false,0,255,77398405,2248400,5000,0,10000,79661805
1,0.1.0,model-level causal evidence; not a WAN measurement,decisive,0,per_stripe_fec,55,1,false,0,255,77398405,3276000,5000,0,10000,80689405
1,0.1.0,model-level causal evidence; not a WAN measurement,decisive,0,per_stripe_fec,55,2,true,0,255,77398405,3276000,5000,0,10000,80689405
1,0.1.0,model-level causal evidence; not a WAN measurement,decisive,0,per_stripe_fec,56,0,false,1,255,77680806,2665995,5000,0,10000,80361801
1,0.1.0,model-level causal evidence; not a WAN measurement,decisive,0,per_stripe_fec,56,1,false,1,255,77680806,3693595,5000,0,10000,81389401
1,0.1.0,model-level causal evidence; not a WAN measurement,decisive,0,per_stripe_fec,56,2,true,1,255,77680806,3693595,5000,0,10000,81389401
1,0.1.0,model-level causal evidence; not a WAN measurement,decisive,0,per_stripe_fec,57,0,false,1,255,78540003,2601198,5000,0,10000,81156201
1,0.1.0,model-level causal evidence; not a WAN measurement,decisive,0,per_stripe_fec,57,1,false,1,255,78540003,3628798,5000,0,10000,82183801
1,0.1.0,model-level causal evidence; not a WAN measurement,decisive,0,per_stripe_fec,57,2,true,1,255,78540003,3628798,5000,0,10000,82183801
1,0.1.0,model-level causal evidence; not a WAN measurement,decisive,0,per_stripe_fec,58,0,false,1,255,78293602,2248400,5000,0,10000,80557002
1,0.1.0,model-level causal evidence; not a WAN measurement,decisive,0,per_stripe_fec,58,1,false,1,255,78293602,3276000,5000,0,10000,81584602
1,0.1.0,model-level causal evidence; not a WAN measurement,decisive,0,per_stripe_fec,58,2,true,1,255,78293602,3276000,5000,0,10000,81584602
1,0.1.0,model-level causal evidence; not a WAN measurement,decisive,0,per_stripe_fec,59,0,false,0,255,77956806,2413195,5000,0,10000,80385001
1,0.1.0,model-level causal evidence; not a WAN measurement,decisive,0,per_stripe_fec,59,1,false,0,255,77956806,3440795,5000,0,10000,81412601
1,0.1.0,model-level causal evidence; not a WAN measurement,decisive,0,per_stripe_fec,59,2,true,0,255,77956806,3440795,5000,0,10000,81412601
1,0.1.0,model-level causal evidence; not a WAN measurement,decisive,0,per_stripe_fec,60,0,false,1,255,78357605,2453996,5000,0,10000,80826601
1,0.1.0,model-level causal evidence; not a WAN measurement,decisive,0,per_stripe_fec,60,1,false,1,255,78357605,3481596,5000,0,10000,81854201
1,0.1.0,model-level causal evidence; not a WAN measurement,decisive,0,per_stripe_fec,60,2,true,1,255,78357605,3481596,5000,0,10000,81854201
1,0.1.0,model-level causal evidence; not a WAN measurement,decisive,0,per_stripe_fec,61,0,false,0,255,77642402,2248400,5000,0,10000,79905802
1,0.1.0,model-level causal evidence; not a WAN measurement,decisive,0,per_stripe_fec,61,1,false,0,255,77642402,3276000,5000,0,10000,80933402
1,0.1.0,model-level causal evidence; not a WAN measurement,decisive,0,per_stripe_fec,61,2,true,0,255,77642402,3276000,5000,0,10000,80933402
1,0.1.0,model-level causal evidence; not a WAN measurement,decisive,0,per_stripe_fec,62,0,false,0,255,78461605,2248400,5000,0,10000,80725005
1,0.1.0,model-level causal evidence; not a WAN measurement,decisive,0,per_stripe_fec,62,1,false,0,255,78461605,3276000,5000,0,10000,81752605
1,0.1.0,model-level causal evidence; not a WAN measurement,decisive,0,per_stripe_fec,62,2,true,0,255,78461605,3276000,5000,0,10000,81752605
1,0.1.0,model-level causal evidence; not a WAN measurement,decisive,0,per_stripe_fec,63,0,false,1,255,78256002,2453199,5000,0,10000,80724201
1,0.1.0,model-level causal evidence; not a WAN measurement,decisive,0,per_stripe_fec,63,1,false,1,255,78256002,3480799,5000,0,10000,81751801
1,0.1.0,model-level causal evidence; not a WAN measurement,decisive,0,per_stripe_fec,63,2,true,1,255,78256002,3480799,5000,0,10000,81751801
1,0.1.0,model-level causal evidence; not a WAN measurement,decisive,0,per_stripe_fec,64,0,false,1,255,77329608,2248400,5000,0,10000,79593008
1,0.1.0,model-level causal evidence; not a WAN measurement,decisive,0,per_stripe_fec,64,1,false,1,255,77329608,3276000,5000,0,10000,80620608
1,0.1.0,model-level causal evidence; not a WAN measurement,decisive,0,per_stripe_fec,64,2,true,1,255,77329608,3276000,5000,0,10000,80620608
1,0.1.0,model-level causal evidence; not a WAN measurement,decisive,0,per_stripe_fec,65,0,false,1,255,79546404,2248400,5000,0,10000,81809804
1,0.1.0,model-level causal evidence; not a WAN measurement,decisive,0,per_stripe_fec,65,1,false,1,255,79546404,3276000,5000,0,10000,82837404
1,0.1.0,model-level causal evidence; not a WAN measurement,decisive,0,per_stripe_fec,65,2,true,1,255,79546404,3276000,5000,0,10000,82837404
1,0.1.0,model-level causal evidence; not a WAN measurement,decisive,0,per_stripe_fec,66,0,false,0,255,79724803,2248400,5000,0,10000,81988203
1,0.1.0,model-level causal evidence; not a WAN measurement,decisive,0,per_stripe_fec,66,1,false,0,255,79724803,3276000,5000,0,10000,83015803
1,0.1.0,model-level causal evidence; not a WAN measurement,decisive,0,per_stripe_fec,66,2,true,0,255,79724803,3276000,5000,0,10000,83015803
1,0.1.0,model-level causal evidence; not a WAN measurement,decisive,0,per_stripe_fec,67,0,false,0,255,78551202,2478799,5000,0,10000,81045001
1,0.1.0,model-level causal evidence; not a WAN measurement,decisive,0,per_stripe_fec,67,1,false,0,255,78551202,3506399,5000,0,10000,82072601
1,0.1.0,model-level causal evidence; not a WAN measurement,decisive,0,per_stripe_fec,67,2,true,0,255,78551202,3506399,5000,0,10000,82072601
1,0.1.0,model-level causal evidence; not a WAN measurement,decisive,0,per_stripe_fec,68,0,false,0,255,78207204,2248400,5000,0,10000,80470604
1,0.1.0,model-level causal evidence; not a WAN measurement,decisive,0,per_stripe_fec,68,1,false,0,255,78207204,3276000,5000,0,10000,81498204
1,0.1.0,model-level causal evidence; not a WAN measurement,decisive,0,per_stripe_fec,68,2,true,0,255,78207204,3276000,5000,0,10000,81498204
1,0.1.0,model-level causal evidence; not a WAN measurement,decisive,0,per_stripe_fec,69,0,false,1,255,78348802,2248400,5000,0,10000,80612202
1,0.1.0,model-level causal evidence; not a WAN measurement,decisive,0,per_stripe_fec,69,1,false,1,255,78348802,3276000,5000,0,10000,81639802
1,0.1.0,model-level causal evidence; not a WAN measurement,decisive,0,per_stripe_fec,69,2,true,1,255,78348802,3276000,5000,0,10000,81639802
1,0.1.0,model-level causal evidence; not a WAN measurement,decisive,0,per_stripe_fec,70,0,false,0,255,78243202,2677199,5000,0,10000,80935401
1,0.1.0,model-level causal evidence; not a WAN measurement,decisive,0,per_stripe_fec,70,1,false,0,255,78243202,3704799,5000,0,10000,81963001
1,0.1.0,model-level causal evidence; not a WAN measurement,decisive,0,per_stripe_fec,70,2,true,0,255,78243202,3704799,5000,0,10000,81963001
1,0.1.0,model-level causal evidence; not a WAN measurement,decisive,0,per_stripe_fec,71,0,false,1,255,79106404,2248400,5000,0,10000,81369804
1,0.1.0,model-level causal evidence; not a WAN measurement,decisive,0,per_stripe_fec,71,1,false,1,255,79106404,3276000,5000,0,10000,82397404
1,0.1.0,model-level causal evidence; not a WAN measurement,decisive,0,per_stripe_fec,71,2,true,1,255,79106404,3276000,5000,0,10000,82397404
1,0.1.0,model-level causal evidence; not a WAN measurement,decisive,0,per_stripe_fec,72,0,false,1,255,78148007,2248400,5000,0,10000,80411407
1,0.1.0,model-level causal evidence; not a WAN measurement,decisive,0,per_stripe_fec,72,1,false,1,255,78148007,3276000,5000,0,10000,81439007
1,0.1.0,model-level causal evidence; not a WAN measurement,decisive,0,per_stripe_fec,72,2,true,1,255,78148007,3276000,5000,0,10000,81439007
1,0.1.0,model-level causal evidence; not a WAN measurement,decisive,0,per_stripe_fec,73,0,false,1,255,81436004,2248400,5000,0,10000,83699404
1,0.1.0,model-level causal evidence; not a WAN measurement,decisive,0,per_stripe_fec,73,1,false,1,255,81436004,3276000,5000,0,10000,84727004
1,0.1.0,model-level causal evidence; not a WAN measurement,decisive,0,per_stripe_fec,73,2,true,1,255,81436004,3276000,5000,0,10000,84727004
1,0.1.0,model-level causal evidence; not a WAN measurement,decisive,0,per_stripe_fec,74,0,false,1,255,78674405,2248400,5000,0,10000,80937805
1,0.1.0,model-level causal evidence; not a WAN measurement,decisive,0,per_stripe_fec,74,1,false,1,255,78674405,3276000,5000,0,10000,81965405
1,0.1.0,model-level causal evidence; not a WAN measurement,decisive,0,per_stripe_fec,74,2,true,1,255,78674405,3276000,5000,0,10000,81965405
1,0.1.0,model-level causal evidence; not a WAN measurement,decisive,0,per_stripe_fec,75,0,false,0,255,77634402,2248400,5000,0,10000,79897802
1,0.1.0,model-level causal evidence; not a WAN measurement,decisive,0,per_stripe_fec,75,1,false,0,255,77634402,3276000,5000,0,10000,80925402
1,0.1.0,model-level causal evidence; not a WAN measurement,decisive,0,per_stripe_fec,75,2,true,0,255,77634402,3276000,5000,0,10000,80925402
1,0.1.0,model-level causal evidence; not a WAN measurement,decisive,0,per_stripe_fec,76,0,false,0,255,78035203,2248400,5000,0,10000,80298603
1,0.1.0,model-level causal evidence; not a WAN measurement,decisive,0,per_stripe_fec,76,1,false,0,255,78035203,3276000,5000,0,10000,81326203
1,0.1.0,model-level causal evidence; not a WAN measurement,decisive,0,per_stripe_fec,76,2,true,0,255,78035203,3276000,5000,0,10000,81326203
1,0.1.0,model-level causal evidence; not a WAN measurement,decisive,0,per_stripe_fec,77,0,false,0,255,78348802,2248400,5000,0,10000,80612202
1,0.1.0,model-level causal evidence; not a WAN measurement,decisive,0,per_stripe_fec,77,1,false,0,255,78348802,3276000,5000,0,10000,81639802
1,0.1.0,model-level causal evidence; not a WAN measurement,decisive,0,per_stripe_fec,77,2,true,0,255,78348802,3276000,5000,0,10000,81639802
1,0.1.0,model-level causal evidence; not a WAN measurement,decisive,0,per_stripe_fec,78,0,false,1,255,78208804,2248400,5000,0,10000,80472204
1,0.1.0,model-level causal evidence; not a WAN measurement,decisive,0,per_stripe_fec,78,1,false,1,255,78208804,3276000,5000,0,10000,81499804
1,0.1.0,model-level causal evidence; not a WAN measurement,decisive,0,per_stripe_fec,78,2,true,1,255,78208804,3276000,5000,0,10000,81499804
1,0.1.0,model-level causal evidence; not a WAN measurement,decisive,0,per_stripe_fec,79,0,false,0,255,78248002,2569999,5000,0,10000,80833001
1,0.1.0,model-level causal evidence; not a WAN measurement,decisive,0,per_stripe_fec,79,1,false,0,255,78248002,3597599,5000,0,10000,81860601
1,0.1.0,model-level causal evidence; not a WAN measurement,decisive,0,per_stripe_fec,79,2,true,0,255,78248002,3597599,5000,0,10000,81860601
1,0.1.0,model-level causal evidence; not a WAN measurement,decisive,0,per_stripe_fec,80,0,false,0,255,77580006,2248400,5000,0,10000,79843406
1,0.1.0,model-level causal evidence; not a WAN measurement,decisive,0,per_stripe_fec,80,1,false,0,255,77580006,3276000,5000,0,10000,80871006
1,0.1.0,model-level causal evidence; not a WAN measurement,decisive,0,per_stripe_fec,80,2,true,0,255,77580006,3276000,5000,0,10000,80871006
1,0.1.0,model-level causal evidence; not a WAN measurement,decisive,0,per_stripe_fec,81,0,false,0,255,78070403,2248400,5000,0,10000,80333803
1,0.1.0,model-level causal evidence; not a WAN measurement,decisive,0,per_stripe_fec,81,1,false,0,255,78070403,3276000,5000,0,10000,81361403
1,0.1.0,model-level causal evidence; not a WAN measurement,decisive,0,per_stripe_fec,81,2,true,0,255,78070403,3276000,5000,0,10000,81361403
1,0.1.0,model-level causal evidence; not a WAN measurement,decisive,0,per_stripe_fec,82,0,false,1,255,79832004,2248400,5000,0,10000,82095404
1,0.1.0,model-level causal evidence; not a WAN measurement,decisive,0,per_stripe_fec,82,1,false,1,255,79832004,3276000,5000,0,10000,83123004
1,0.1.0,model-level causal evidence; not a WAN measurement,decisive,0,per_stripe_fec,82,2,true,1,255,79832004,3276000,5000,0,10000,83123004
1,0.1.0,model-level causal evidence; not a WAN measurement,decisive,0,per_stripe_fec,83,0,false,1,255,76914410,2677199,5000,0,10000,79606609
1,0.1.0,model-level causal evidence; not a WAN measurement,decisive,0,per_stripe_fec,83,1,false,1,255,76914410,3704799,5000,0,10000,80634209
1,0.1.0,model-level causal evidence; not a WAN measurement,decisive,0,per_stripe_fec,83,2,true,1,255,76914410,3704799,5000,0,10000,80634209
1,0.1.0,model-level causal evidence; not a WAN measurement,decisive,0,per_stripe_fec,84,0,false,0,255,77400809,2248400,5000,0,10000,79664209
1,0.1.0,model-level causal evidence; not a WAN measurement,decisive,0,per_stripe_fec,84,1,false,0,255,77400809,3276000,5000,0,10000,80691809
1,0.1.0,model-level causal evidence; not a WAN measurement,decisive,0,per_stripe_fec,84,2,true,0,255,77400809,3276000,5000,0,10000,80691809
1,0.1.0,model-level causal evidence; not a WAN measurement,decisive,0,per_stripe_fec,85,0,false,1,255,78274408,2248400,5000,0,10000,80537808
1,0.1.0,model-level causal evidence; not a WAN measurement,decisive,0,per_stripe_fec,85,1,false,1,255,78274408,3276000,5000,0,10000,81565408
1,0.1.0,model-level causal evidence; not a WAN measurement,decisive,0,per_stripe_fec,85,2,true,1,255,78274408,3276000,5000,0,10000,81565408
1,0.1.0,model-level causal evidence; not a WAN measurement,decisive,0,per_stripe_fec,86,0,false,1,255,78189602,2677199,5000,0,10000,80881801
1,0.1.0,model-level causal evidence; not a WAN measurement,decisive,0,per_stripe_fec,86,1,false,1,255,78189602,3704799,5000,0,10000,81909401
1,0.1.0,model-level causal evidence; not a WAN measurement,decisive,0,per_stripe_fec,86,2,true,1,255,78189602,3704799,5000,0,10000,81909401
1,0.1.0,model-level causal evidence; not a WAN measurement,decisive,0,per_stripe_fec,87,0,false,0,255,76924803,2601198,5000,0,10000,79541001
1,0.1.0,model-level causal evidence; not a WAN measurement,decisive,0,per_stripe_fec,87,1,false,0,255,76924803,3628798,5000,0,10000,80568601
1,0.1.0,model-level causal evidence; not a WAN measurement,decisive,0,per_stripe_fec,87,2,true,0,255,76924803,3628798,5000,0,10000,80568601
1,0.1.0,model-level causal evidence; not a WAN measurement,decisive,0,per_stripe_fec,88,0,false,1,255,77183202,2248400,5000,0,10000,79446602
1,0.1.0,model-level causal evidence; not a WAN measurement,decisive,0,per_stripe_fec,88,1,false,1,255,77183202,3276000,5000,0,10000,80474202
1,0.1.0,model-level causal evidence; not a WAN measurement,decisive,0,per_stripe_fec,88,2,true,1,255,77183202,3276000,5000,0,10000,80474202
1,0.1.0,model-level causal evidence; not a WAN measurement,decisive,0,per_stripe_fec,89,0,false,1,255,77635202,2393999,5000,0,10000,80044201
1,0.1.0,model-level causal evidence; not a WAN measurement,decisive,0,per_stripe_fec,89,1,false,1,255,77635202,3421599,5000,0,10000,81071801
1,0.1.0,model-level causal evidence; not a WAN measurement,decisive,0,per_stripe_fec,89,2,true,1,255,77635202,3421599,5000,0,10000,81071801
1,0.1.0,model-level causal evidence; not a WAN measurement,decisive,0,per_stripe_fec,90,0,false,1,255,76743202,2248400,5000,0,10000,79006602
1,0.1.0,model-level causal evidence; not a WAN measurement,decisive,0,per_stripe_fec,90,1,false,1,255,76743202,3276000,5000,0,10000,80034202
1,0.1.0,model-level causal evidence; not a WAN measurement,decisive,0,per_stripe_fec,90,2,true,1,255,76743202,3276000,5000,0,10000,80034202
1,0.1.0,model-level causal evidence; not a WAN measurement,decisive,0,per_stripe_fec,91,0,false,1,255,78768802,2500399,5000,0,10000,81284201
1,0.1.0,model-level causal evidence; not a WAN measurement,decisive,0,per_stripe_fec,91,1,false,1,255,78768802,3527999,5000,0,10000,82311801
1,0.1.0,model-level causal evidence; not a WAN measurement,decisive,0,per_stripe_fec,91,2,true,1,255,78768802,3527999,5000,0,10000,82311801
1,0.1.0,model-level causal evidence; not a WAN measurement,decisive,0,per_stripe_fec,92,0,false,1,255,77145603,2381998,5000,0,10000,79542601
1,0.1.0,model-level causal evidence; not a WAN measurement,decisive,0,per_stripe_fec,92,1,false,1,255,77145603,3409598,5000,0,10000,80570201
1,0.1.0,model-level causal evidence; not a WAN measurement,decisive,0,per_stripe_fec,92,2,true,1,255,77145603,3409598,5000,0,10000,80570201
1,0.1.0,model-level causal evidence; not a WAN measurement,decisive,0,per_stripe_fec,93,0,false,1,255,77368003,2690000,5000,0,10000,80073003
1,0.1.0,model-level causal evidence; not a WAN measurement,decisive,0,per_stripe_fec,93,1,false,1,255,77368003,3717600,5000,0,10000,81100603
1,0.1.0,model-level causal evidence; not a WAN measurement,decisive,0,per_stripe_fec,93,2,true,1,255,77368003,3717600,5000,0,10000,81100603
1,0.1.0,model-level causal evidence; not a WAN measurement,decisive,0,per_stripe_fec,94,0,false,0,255,79199203,2248400,5000,0,10000,81462603
1,0.1.0,model-level causal evidence; not a WAN measurement,decisive,0,per_stripe_fec,94,1,false,0,255,79199203,3276000,5000,0,10000,82490203
1,0.1.0,model-level causal evidence; not a WAN measurement,decisive,0,per_stripe_fec,94,2,true,0,255,79199203,3276000,5000,0,10000,82490203
1,0.1.0,model-level causal evidence; not a WAN measurement,decisive,0,per_stripe_fec,95,0,false,1,255,79175202,2689999,5000,0,10000,81880201
1,0.1.0,model-level causal evidence; not a WAN measurement,decisive,0,per_stripe_fec,95,1,false,1,255,79175202,3717599,5000,0,10000,82907801
1,0.1.0,model-level causal evidence; not a WAN measurement,decisive,0,per_stripe_fec,95,2,true,1,255,79175202,3717599,5000,0,10000,82907801
1,0.1.0,model-level causal evidence; not a WAN measurement,decisive,0,per_stripe_fec,96,0,false,0,255,79216804,2345997,5000,0,10000,81577801
1,0.1.0,model-level causal evidence; not a WAN measurement,decisive,0,per_stripe_fec,96,1,false,0,255,79216804,3373597,5000,0,10000,82605401
1,0.1.0,model-level causal evidence; not a WAN measurement,decisive,0,per_stripe_fec,96,2,true,0,255,79216804,3373597,5000,0,10000,82605401
1,0.1.0,model-level causal evidence; not a WAN measurement,decisive,0,per_stripe_fec,97,0,false,1,255,78380804,2485997,5000,0,10000,80881801
1,0.1.0,model-level causal evidence; not a WAN measurement,decisive,0,per_stripe_fec,97,1,false,1,255,78380804,3513597,5000,0,10000,81909401
1,0.1.0,model-level causal evidence; not a WAN measurement,decisive,0,per_stripe_fec,97,2,true,1,255,78380804,3513597,5000,0,10000,81909401
1,0.1.0,model-level causal evidence; not a WAN measurement,decisive,0,per_stripe_fec,98,0,false,1,255,78448005,2248400,5000,0,10000,80711405
1,0.1.0,model-level causal evidence; not a WAN measurement,decisive,0,per_stripe_fec,98,1,false,1,255,78448005,3276000,5000,0,10000,81739005
1,0.1.0,model-level causal evidence; not a WAN measurement,decisive,0,per_stripe_fec,98,2,true,1,255,78448005,3276000,5000,0,10000,81739005
1,0.1.0,model-level causal evidence; not a WAN measurement,decisive,0,per_stripe_fec,99,0,false,1,255,78072802,2248400,5000,0,10000,80336202
1,0.1.0,model-level causal evidence; not a WAN measurement,decisive,0,per_stripe_fec,99,1,false,1,255,78072802,3276000,5000,0,10000,81363802
1,0.1.0,model-level causal evidence; not a WAN measurement,decisive,0,per_stripe_fec,99,2,true,1,255,78072802,3276000,5000,0,10000,81363802
1,0.1.0,model-level causal evidence; not a WAN measurement,decisive,0,per_stripe_fec,100,0,false,0,255,78124003,2248400,5000,0,10000,80387403
1,0.1.0,model-level causal evidence; not a WAN measurement,decisive,0,per_stripe_fec,100,1,false,0,255,78124003,3276000,5000,0,10000,81415003
1,0.1.0,model-level causal evidence; not a WAN measurement,decisive,0,per_stripe_fec,100,2,true,0,255,78124003,3276000,5000,0,10000,81415003
1,0.1.0,model-level causal evidence; not a WAN measurement,decisive,0,per_stripe_fec,101,0,false,0,255,77459202,2248400,5000,0,10000,79722602
1,0.1.0,model-level causal evidence; not a WAN measurement,decisive,0,per_stripe_fec,101,1,false,0,255,77459202,3276000,5000,0,10000,80750202
1,0.1.0,model-level causal evidence; not a WAN measurement,decisive,0,per_stripe_fec,101,2,true,0,255,77459202,3276000,5000,0,10000,80750202
1,0.1.0,model-level causal evidence; not a WAN measurement,decisive,0,per_stripe_fec,102,0,false,0,255,78907202,2248400,5000,0,10000,81170602
1,0.1.0,model-level causal evidence; not a WAN measurement,decisive,0,per_stripe_fec,102,1,false,0,255,78907202,3276000,5000,0,10000,82198202
1,0.1.0,model-level causal evidence; not a WAN measurement,decisive,0,per_stripe_fec,102,2,true,0,255,78907202,3276000,5000,0,10000,82198202
1,0.1.0,model-level causal evidence; not a WAN measurement,decisive,0,per_stripe_fec,103,0,false,1,255,79088803,2248400,5000,0,10000,81352203
1,0.1.0,model-level causal evidence; not a WAN measurement,decisive,0,per_stripe_fec,103,1,false,1,255,79088803,3276000,5000,0,10000,82379803
1,0.1.0,model-level causal evidence; not a WAN measurement,decisive,0,per_stripe_fec,103,2,true,1,255,79088803,3276000,5000,0,10000,82379803
1,0.1.0,model-level causal evidence; not a WAN measurement,decisive,0,per_stripe_fec,104,0,false,1,255,78348802,2248400,5000,0,10000,80612202
1,0.1.0,model-level causal evidence; not a WAN measurement,decisive,0,per_stripe_fec,104,1,false,1,255,78348802,3276000,5000,0,10000,81639802
1,0.1.0,model-level causal evidence; not a WAN measurement,decisive,0,per_stripe_fec,104,2,true,1,255,78348802,3276000,5000,0,10000,81639802
1,0.1.0,model-level causal evidence; not a WAN measurement,decisive,0,per_stripe_fec,105,0,false,0,255,79380804,2248400,5000,0,10000,81644204
1,0.1.0,model-level causal evidence; not a WAN measurement,decisive,0,per_stripe_fec,105,1,false,0,255,79380804,3276000,5000,0,10000,82671804
1,0.1.0,model-level causal evidence; not a WAN measurement,decisive,0,per_stripe_fec,105,2,true,0,255,79380804,3276000,5000,0,10000,82671804
1,0.1.0,model-level causal evidence; not a WAN measurement,decisive,0,per_stripe_fec,106,0,false,1,255,78954402,2248400,5000,4399,10000,81222201
1,0.1.0,model-level causal evidence; not a WAN measurement,decisive,0,per_stripe_fec,106,1,false,1,255,78954402,3276000,5000,4399,10000,82249801
1,0.1.0,model-level causal evidence; not a WAN measurement,decisive,0,per_stripe_fec,106,2,true,1,255,78954402,3276000,5000,4399,10000,82249801
1,0.1.0,model-level causal evidence; not a WAN measurement,decisive,0,per_stripe_fec,107,0,false,1,255,79088803,2601198,6807,5000,10000,81711808
1,0.1.0,model-level causal evidence; not a WAN measurement,decisive,0,per_stripe_fec,107,1,false,1,255,79088803,3628798,6807,5000,10000,82739408
1,0.1.0,model-level causal evidence; not a WAN measurement,decisive,0,per_stripe_fec,107,2,true,1,255,79088803,3628798,6807,5000,10000,82739408
1,0.1.0,model-level causal evidence; not a WAN measurement,decisive,0,per_stripe_fec,108,0,false,0,255,76976002,2248400,5000,0,10000,79239402
1,0.1.0,model-level causal evidence; not a WAN measurement,decisive,0,per_stripe_fec,108,1,false,0,255,76976002,3276000,5000,0,10000,80267002
1,0.1.0,model-level causal evidence; not a WAN measurement,decisive,0,per_stripe_fec,108,2,true,0,255,76976002,3276000,5000,0,10000,80267002
1,0.1.0,model-level causal evidence; not a WAN measurement,decisive,0,per_stripe_fec,109,0,false,0,255,79020006,2248400,5000,0,10000,81283406
1,0.1.0,model-level causal evidence; not a WAN measurement,decisive,0,per_stripe_fec,109,1,false,0,255,79020006,3276000,5000,0,10000,82311006
1,0.1.0,model-level causal evidence; not a WAN measurement,decisive,0,per_stripe_fec,109,2,true,0,255,79020006,3276000,5000,0,10000,82311006
1,0.1.0,model-level causal evidence; not a WAN measurement,decisive,0,per_stripe_fec,110,0,false,0,255,77183202,2405999,5000,0,10000,79604201
1,0.1.0,model-level causal evidence; not a WAN measurement,decisive,0,per_stripe_fec,110,1,false,0,255,77183202,3433599,5000,0,10000,80631801
1,0.1.0,model-level causal evidence; not a WAN measurement,decisive,0,per_stripe_fec,110,2,true,0,255,77183202,3433599,5000,0,10000,80631801
1,0.1.0,model-level causal evidence; not a WAN measurement,decisive,0,per_stripe_fec,111,0,false,1,255,78044006,2248400,5000,0,10000,80307406
1,0.1.0,model-level causal evidence; not a WAN measurement,decisive,0,per_stripe_fec,111,1,false,1,255,78044006,3276000,5000,0,10000,81335006
1,0.1.0,model-level causal evidence; not a WAN measurement,decisive,0,per_stripe_fec,111,2,true,1,255,78044006,3276000,5000,0,10000,81335006
1,0.1.0,model-level causal evidence; not a WAN measurement,decisive,0,per_stripe_fec,112,0,false,1,255,77333602,2488399,5000,0,10000,79837001
1,0.1.0,model-level causal evidence; not a WAN measurement,decisive,0,per_stripe_fec,112,1,false,1,255,77333602,3515999,5000,0,10000,80864601
1,0.1.0,model-level causal evidence; not a WAN measurement,decisive,0,per_stripe_fec,112,2,true,1,255,77333602,3515999,5000,0,10000,80864601
1,0.1.0,model-level causal evidence; not a WAN measurement,decisive,0,per_stripe_fec,113,0,false,0,255,79348802,2248400,5000,0,10000,81612202
1,0.1.0,model-level causal evidence; not a WAN measurement,decisive,0,per_stripe_fec,113,1,false,0,255,79348802,3276000,5000,0,10000,82639802
1,0.1.0,model-level causal evidence; not a WAN measurement,decisive,0,per_stripe_fec,113,2,true,0,255,79348802,3276000,5000,0,10000,82639802
1,0.1.0,model-level causal evidence; not a WAN measurement,decisive,0,per_stripe_fec,114,0,false,1,255,78411204,2248400,5000,0,10000,80674604
1,0.1.0,model-level causal evidence; not a WAN measurement,decisive,0,per_stripe_fec,114,1,false,1,255,78411204,3276000,5000,0,10000,81702204
1,0.1.0,model-level causal evidence; not a WAN measurement,decisive,0,per_stripe_fec,114,2,true,1,255,78411204,3276000,5000,0,10000,81702204
1,0.1.0,model-level causal evidence; not a WAN measurement,decisive,0,per_stripe_fec,115,0,false,0,255,76656804,2248400,5000,0,10000,78920204
1,0.1.0,model-level causal evidence; not a WAN measurement,decisive,0,per_stripe_fec,115,1,false,0,255,76656804,3276000,5000,0,10000,79947804
1,0.1.0,model-level causal evidence; not a WAN measurement,decisive,0,per_stripe_fec,115,2,true,0,255,76656804,3276000,5000,0,10000,79947804
1,0.1.0,model-level causal evidence; not a WAN measurement,decisive,0,per_stripe_fec,116,0,false,0,255,78952804,2248400,5000,0,10000,81216204
1,0.1.0,model-level causal evidence; not a WAN measurement,decisive,0,per_stripe_fec,116,1,false,0,255,78952804,3276000,5000,0,10000,82243804
1,0.1.0,model-level causal evidence; not a WAN measurement,decisive,0,per_stripe_fec,116,2,true,0,255,78952804,3276000,5000,0,10000,82243804
1,0.1.0,model-level causal evidence; not a WAN measurement,decisive,0,per_stripe_fec,117,0,false,1,255,79298402,2677199,5000,0,10000,81990601
1,0.1.0,model-level causal evidence; not a WAN measurement,decisive,0,per_stripe_fec,117,1,false,1,255,79298402,3704799,5000,0,10000,83018201
1,0.1.0,model-level causal evidence; not a WAN measurement,decisive,0,per_stripe_fec,117,2,true,1,255,79298402,3704799,5000,0,10000,83018201
1,0.1.0,model-level causal evidence; not a WAN measurement,decisive,0,per_stripe_fec,118,0,false,1,255,78627202,2346799,5000,0,10000,80989001
1,0.1.0,model-level causal evidence; not a WAN measurement,decisive,0,per_stripe_fec,118,1,false,1,255,78627202,3374399,5000,0,10000,82016601
1,0.1.0,model-level causal evidence; not a WAN measurement,decisive,0,per_stripe_fec,118,2,true,1,255,78627202,3374399,5000,0,10000,82016601
1,0.1.0,model-level causal evidence; not a WAN measurement,decisive,0,per_stripe_fec,119,0,false,1,255,77441606,2248400,5000,0,10000,79705006
1,0.1.0,model-level causal evidence; not a WAN measurement,decisive,0,per_stripe_fec,119,1,false,1,255,77441606,3276000,5000,0,10000,80732606
1,0.1.0,model-level causal evidence; not a WAN measurement,decisive,0,per_stripe_fec,119,2,true,1,255,77441606,3276000,5000,0,10000,80732606
1,0.1.0,model-level causal evidence; not a WAN measurement,decisive,0,per_stripe_fec,120,0,false,0,255,79540003,2248400,5000,0,10000,81803403
1,0.1.0,model-level causal evidence; not a WAN measurement,decisive,0,per_stripe_fec,120,1,false,0,255,79540003,3276000,5000,0,10000,82831003
1,0.1.0,model-level causal evidence; not a WAN measurement,decisive,0,per_stripe_fec,120,2,true,0,255,79540003,3276000,5000,0,10000,82831003
1,0.1.0,model-level causal evidence; not a WAN measurement,decisive,0,per_stripe_fec,121,0,false,1,255,80060802,2248400,5000,0,10000,82324202
1,0.1.0,model-level causal evidence; not a WAN measurement,decisive,0,per_stripe_fec,121,1,false,1,255,80060802,3276000,5000,0,10000,83351802
1,0.1.0,model-level causal evidence; not a WAN measurement,decisive,0,per_stripe_fec,121,2,true,1,255,80060802,3276000,5000,0,10000,83351802
1,0.1.0,model-level causal evidence; not a WAN measurement,decisive,0,per_stripe_fec,122,0,false,1,255,77532806,2248400,5000,0,10000,79796206
1,0.1.0,model-level causal evidence; not a WAN measurement,decisive,0,per_stripe_fec,122,1,false,1,255,77532806,3276000,5000,0,10000,80823806
1,0.1.0,model-level causal evidence; not a WAN measurement,decisive,0,per_stripe_fec,122,2,true,1,255,77532806,3276000,5000,0,10000,80823806
1,0.1.0,model-level causal evidence; not a WAN measurement,decisive,0,per_stripe_fec,123,0,false,0,255,77848802,2248400,5000,0,10000,80112202
1,0.1.0,model-level causal evidence; not a WAN measurement,decisive,0,per_stripe_fec,123,1,false,0,255,77848802,3276000,5000,0,10000,81139802
1,0.1.0,model-level causal evidence; not a WAN measurement,decisive,0,per_stripe_fec,123,2,true,0,255,77848802,3276000,5000,0,10000,81139802
1,0.1.0,model-level causal evidence; not a WAN measurement,decisive,0,per_stripe_fec,124,0,false,0,255,77156802,2677199,5000,0,10000,79849001
1,0.1.0,model-level causal evidence; not a WAN measurement,decisive,0,per_stripe_fec,124,1,false,0,255,77156802,3704799,5000,0,10000,80876601
1,0.1.0,model-level causal evidence; not a WAN measurement,decisive,0,per_stripe_fec,124,2,true,0,255,77156802,3704799,5000,0,10000,80876601
1,0.1.0,model-level causal evidence; not a WAN measurement,decisive,0,per_stripe_fec,125,0,false,1,255,78412006,2506795,5000,0,10000,80933801
1,0.1.0,model-level causal evidence; not a WAN measurement,decisive,0,per_stripe_fec,125,1,false,1,255,78412006,3534395,5000,0,10000,81961401
1,0.1.0,model-level causal evidence; not a WAN measurement,decisive,0,per_stripe_fec,125,2,true,1,255,78412006,3534395,5000,0,10000,81961401
1,0.1.0,model-level causal evidence; not a WAN measurement,decisive,0,per_stripe_fec,126,0,false,0,255,79916803,2333198,5000,0,10000,82265001
1,0.1.0,model-level causal evidence; not a WAN measurement,decisive,0,per_stripe_fec,126,1,false,0,255,79916803,3360798,5000,0,10000,83292601
1,0.1.0,model-level causal evidence; not a WAN measurement,decisive,0,per_stripe_fec,126,2,true,0,255,79916803,3360798,5000,0,10000,83292601
1,0.1.0,model-level causal evidence; not a WAN measurement,decisive,0,per_stripe_fec,127,0,false,0,255,77585603,2248400,5000,0,10000,79849003
1,0.1.0,model-level causal evidence; not a WAN measurement,decisive,0,per_stripe_fec,127,1,false,0,255,77585603,3276000,5000,0,10000,80876603
1,0.1.0,model-level causal evidence; not a WAN measurement,decisive,0,per_stripe_fec,127,2,true,0,255,77585603,3276000,5000,0,10000,80876603
1,0.1.0,model-level causal evidence; not a WAN measurement,decisive,0,best_tree0_candidate,0,0,false,0,511,154814403,2248400,5000,0,10000,157077803
1,0.1.0,model-level causal evidence; not a WAN measurement,decisive,0,best_tree0_candidate,0,1,false,0,511,154814403,3276000,5000,0,10000,158105403
1,0.1.0,model-level causal evidence; not a WAN measurement,decisive,0,best_tree0_candidate,0,2,true,0,511,154814403,3276000,5000,0,10000,158105403
1,0.1.0,model-level causal evidence; not a WAN measurement,decisive,0,best_tree0_candidate,1,0,false,0,511,151238402,2248400,5000,0,10000,153501802
1,0.1.0,model-level causal evidence; not a WAN measurement,decisive,0,best_tree0_candidate,1,1,false,0,511,151238402,3276000,5000,0,10000,154529402
1,0.1.0,model-level causal evidence; not a WAN measurement,decisive,0,best_tree0_candidate,1,2,true,0,511,151238402,3276000,5000,0,10000,154529402
1,0.1.0,model-level causal evidence; not a WAN measurement,decisive,0,best_tree0_candidate,2,0,false,0,511,152279224,2689999,5000,0,10000,154984223
1,0.1.0,model-level causal evidence; not a WAN measurement,decisive,0,best_tree0_candidate,2,1,false,0,511,152279224,3717599,5000,0,10000,156011823
1,0.1.0,model-level causal evidence; not a WAN measurement,decisive,0,best_tree0_candidate,2,2,true,0,511,152279224,3717599,5000,0,10000,156011823
1,0.1.0,model-level causal evidence; not a WAN measurement,decisive,0,best_tree0_candidate,3,0,false,0,511,154199203,2248400,5000,0,10000,156462603
1,0.1.0,model-level causal evidence; not a WAN measurement,decisive,0,best_tree0_candidate,3,1,false,0,511,154199203,3276000,5000,0,10000,157490203
1,0.1.0,model-level causal evidence; not a WAN measurement,decisive,0,best_tree0_candidate,3,2,true,0,511,154199203,3276000,5000,0,10000,157490203
1,0.1.0,model-level causal evidence; not a WAN measurement,decisive,0,best_tree0_candidate,4,0,false,0,511,152098403,2248400,5000,0,10000,154361803
1,0.1.0,model-level causal evidence; not a WAN measurement,decisive,0,best_tree0_candidate,4,1,false,0,511,152098403,3276000,5000,0,10000,155389403
1,0.1.0,model-level causal evidence; not a WAN measurement,decisive,0,best_tree0_candidate,4,2,true,0,511,152098403,3276000,5000,0,10000,155389403
1,0.1.0,model-level causal evidence; not a WAN measurement,decisive,0,best_tree0_candidate,5,0,false,0,511,157074402,2727599,5000,0,10000,159817001
1,0.1.0,model-level causal evidence; not a WAN measurement,decisive,0,best_tree0_candidate,5,1,false,0,511,157074402,3755199,5000,0,10000,160844601
1,0.1.0,model-level causal evidence; not a WAN measurement,decisive,0,best_tree0_candidate,5,2,true,0,511,157074402,3755199,5000,0,10000,160844601
1,0.1.0,model-level causal evidence; not a WAN measurement,decisive,0,best_tree0_candidate,6,0,false,0,511,151814402,2500399,5000,0,10000,154329801
1,0.1.0,model-level causal evidence; not a WAN measurement,decisive,0,best_tree0_candidate,6,1,false,0,511,151814402,3527999,5000,0,10000,155357401
1,0.1.0,model-level causal evidence; not a WAN measurement,decisive,0,best_tree0_candidate,6,2,true,0,511,151814402,3527999,5000,0,10000,155357401
1,0.1.0,model-level causal evidence; not a WAN measurement,decisive,0,best_tree0_candidate,7,0,false,0,511,154240002,2248400,5000,0,10000,156503402
1,0.1.0,model-level causal evidence; not a WAN measurement,decisive,0,best_tree0_candidate,7,1,false,0,511,154240002,3276000,5000,0,10000,157531002
1,0.1.0,model-level causal evidence; not a WAN measurement,decisive,0,best_tree0_candidate,7,2,true,0,511,154240002,3276000,5000,0,10000,157531002
1,0.1.0,model-level causal evidence; not a WAN measurement,decisive,0,best_tree0_candidate,8,0,false,0,511,153870407,2248400,5000,0,10000,156133807
1,0.1.0,model-level causal evidence; not a WAN measurement,decisive,0,best_tree0_candidate,8,1,false,0,511,153870407,3276000,5000,0,10000,157161407
1,0.1.0,model-level causal evidence; not a WAN measurement,decisive,0,best_tree0_candidate,8,2,true,0,511,153870407,3276000,5000,0,10000,157161407
1,0.1.0,model-level causal evidence; not a WAN measurement,decisive,0,best_tree0_candidate,9,0,false,0,511,150052804,2248400,5000,0,10000,152316204
1,0.1.0,model-level causal evidence; not a WAN measurement,decisive,0,best_tree0_candidate,9,1,false,0,511,150052804,3276000,5000,0,10000,153343804
1,0.1.0,model-level causal evidence; not a WAN measurement,decisive,0,best_tree0_candidate,9,2,true,0,511,150052804,3276000,5000,0,10000,153343804
1,0.1.0,model-level causal evidence; not a WAN measurement,decisive,0,best_tree0_candidate,10,0,false,0,511,152816002,2453199,6801,5000,10000,155291002
1,0.1.0,model-level causal evidence; not a WAN measurement,decisive,0,best_tree0_candidate,10,1,false,0,511,152816002,3480799,6801,5000,10000,156318602
1,0.1.0,model-level causal evidence; not a WAN measurement,decisive,0,best_tree0_candidate,10,2,true,0,511,152816002,3480799,6801,5000,10000,156318602
1,0.1.0,model-level causal evidence; not a WAN measurement,decisive,0,best_tree0_candidate,11,0,false,0,511,152489604,2677199,5000,0,10000,155181803
1,0.1.0,model-level causal evidence; not a WAN measurement,decisive,0,best_tree0_candidate,11,1,false,0,511,152489604,3704799,5000,0,10000,156209403
1,0.1.0,model-level causal evidence; not a WAN measurement,decisive,0,best_tree0_candidate,11,2,true,0,511,152489604,3704799,5000,0,10000,156209403
1,0.1.0,model-level causal evidence; not a WAN measurement,decisive,0,best_tree0_candidate,12,0,false,0,511,152683202,2677199,5000,0,10000,155375401
1,0.1.0,model-level causal evidence; not a WAN measurement,decisive,0,best_tree0_candidate,12,1,false,0,511,152683202,3704799,5000,0,10000,156403001
1,0.1.0,model-level causal evidence; not a WAN measurement,decisive,0,best_tree0_candidate,12,2,true,0,511,152683202,3704799,5000,0,10000,156403001
1,0.1.0,model-level causal evidence; not a WAN measurement,decisive,0,best_tree0_candidate,13,0,false,0,511,152288002,2299599,5000,0,10000,154602601
1,0.1.0,model-level causal evidence; not a WAN measurement,decisive,0,best_tree0_candidate,13,1,false,0,511,152288002,3327199,5000,0,10000,155630201
1,0.1.0,model-level causal evidence; not a WAN measurement,decisive,0,best_tree0_candidate,13,2,true,0,511,152288002,3327199,5000,0,10000,155630201
1,0.1.0,model-level causal evidence; not a WAN measurement,decisive,0,best_tree0_candidate,14,0,false,0,511,151568813,2248400,5000,0,10000,153832213
1,0.1.0,model-level causal evidence; not a WAN measurement,decisive,0,best_tree0_candidate,14,1,false,0,511,151568813,3276000,5000,0,10000,154859813
1,0.1.0,model-level causal evidence; not a WAN measurement,decisive,0,best_tree0_candidate,14,2,true,0,511,151568813,3276000,5000,0,10000,154859813
1,0.1.0,model-level causal evidence; not a WAN measurement,decisive,0,best_tree0_candidate,15,0,false,0,511,153145603,2248400,5000,398,10000,155409401
1,0.1.0,model-level causal evidence; not a WAN measurement,decisive,0,best_tree0_candidate,15,1,false,0,511,153145603,3276000,5000,398,10000,156437001
1,0.1.0,model-level causal evidence; not a WAN measurement,decisive,0,best_tree0_candidate,15,2,true,0,511,153145603,3276000,5000,398,10000,156437001
1,0.1.0,model-level causal evidence; not a WAN measurement,decisive,0,best_tree0_candidate,16,0,false,0,511,151314411,2248400,5000,0,10000,153577811
1,0.1.0,model-level causal evidence; not a WAN measurement,decisive,0,best_tree0_candidate,16,1,false,0,511,151314411,3276000,5000,0,10000,154605411
1,0.1.0,model-level causal evidence; not a WAN measurement,decisive,0,best_tree0_candidate,16,2,true,0,511,151314411,3276000,5000,0,10000,154605411
1,0.1.0,model-level causal evidence; not a WAN measurement,decisive,0,best_tree0_candidate,17,0,false,0,511,155420003,2248400,5000,0,10000,157683403
1,0.1.0,model-level causal evidence; not a WAN measurement,decisive,0,best_tree0_candidate,17,1,false,0,511,155420003,3276000,5000,0,10000,158711003
1,0.1.0,model-level causal evidence; not a WAN measurement,decisive,0,best_tree0_candidate,17,2,true,0,511,155420003,3276000,5000,0,10000,158711003
1,0.1.0,model-level causal evidence; not a WAN measurement,decisive,0,best_tree0_candidate,18,0,false,0,511,153512005,2248400,5000,0,10000,155775405
1,0.1.0,model-level causal evidence; not a WAN measurement,decisive,0,best_tree0_candidate,18,1,false,0,511,153512005,3276000,5000,0,10000,156803005
1,0.1.0,model-level causal evidence; not a WAN measurement,decisive,0,best_tree0_candidate,18,2,true,0,511,153512005,3276000,5000,0,10000,156803005
1,0.1.0,model-level causal evidence; not a WAN measurement,decisive,0,best_tree0_candidate,19,0,false,0,511,151295202,2923599,5000,0,10000,154233801
1,0.1.0,model-level causal evidence; not a WAN measurement,decisive,0,best_tree0_candidate,19,1,false,0,511,151295202,3951199,5000,0,10000,155261401
1,0.1.0,model-level causal evidence; not a WAN measurement,decisive,0,best_tree0_candidate,19,2,true,0,511,151295202,3951199,5000,0,10000,155261401
1,0.1.0,model-level causal evidence; not a WAN measurement,decisive,0,best_tree0_candidate,20,0,false,0,511,153048002,2643599,5000,0,10000,155706601
1,0.1.0,model-level causal evidence; not a WAN measurement,decisive,0,best_tree0_candidate,20,1,false,0,511,153048002,3671199,5000,0,10000,156734201
1,0.1.0,model-level causal evidence; not a WAN measurement,decisive,0,best_tree0_candidate,20,2,true,0,511,153048002,3671199,5000,0,10000,156734201
1,0.1.0,model-level causal evidence; not a WAN measurement,decisive,0,best_tree0_candidate,21,0,false,0,511,152308002,2629999,5000,0,10000,154953001
1,0.1.0,model-level causal evidence; not a WAN measurement,decisive,0,best_tree0_candidate,21,1,false,0,511,152308002,3657599,5000,0,10000,155980601
1,0.1.0,model-level causal evidence; not a WAN measurement,decisive,0,best_tree0_candidate,21,2,true,0,511,152308002,3657599,5000,0,10000,155980601
1,0.1.0,model-level causal evidence; not a WAN measurement,decisive,0,best_tree0_candidate,22,0,false,0,511,152421602,2248400,5000,0,10000,154685002
1,0.1.0,model-level causal evidence; not a WAN measurement,decisive,0,best_tree0_candidate,22,1,false,0,511,152421602,3276000,5000,0,10000,155712602
1,0.1.0,model-level causal evidence; not a WAN measurement,decisive,0,best_tree0_candidate,22,2,true,0,511,152421602,3276000,5000,0,10000,155712602
1,0.1.0,model-level causal evidence; not a WAN measurement,decisive,0,best_tree0_candidate,23,0,false,0,511,154906402,2252399,5000,0,10000,157173801
1,0.1.0,model-level causal evidence; not a WAN measurement,decisive,0,best_tree0_candidate,23,1,false,0,511,154906402,3279999,5000,0,10000,158201401
1,0.1.0,model-level causal evidence; not a WAN measurement,decisive,0,best_tree0_candidate,23,2,true,0,511,154906402,3279999,5000,0,10000,158201401
1,0.1.0,model-level causal evidence; not a WAN measurement,decisive,0,best_tree0_candidate,24,0,false,0,511,154788802,2248400,5000,0,10000,157052202
1,0.1.0,model-level causal evidence; not a WAN measurement,decisive,0,best_tree0_candidate,24,1,false,0,511,154788802,3276000,5000,0,10000,158079802
1,0.1.0,model-level causal evidence; not a WAN measurement,decisive,0,best_tree0_candidate,24,2,true,0,511,154788802,3276000,5000,0,10000,158079802
1,0.1.0,model-level causal evidence; not a WAN measurement,decisive,0,best_tree0_candidate,25,0,false,0,511,152593604,2657997,5000,0,10000,155266601
1,0.1.0,model-level causal evidence; not a WAN measurement,decisive,0,best_tree0_candidate,25,1,false,0,511,152593604,3685597,5000,0,10000,156294201
1,0.1.0,model-level causal evidence; not a WAN measurement,decisive,0,best_tree0_candidate,25,2,true,0,511,152593604,3685597,5000,0,10000,156294201
1,0.1.0,model-level causal evidence; not a WAN measurement,decisive,0,best_tree0_candidate,26,0,false,0,511,153729603,2248400,5000,0,10000,155993003
1,0.1.0,model-level causal evidence; not a WAN measurement,decisive,0,best_tree0_candidate,26,1,false,0,511,153729603,3276000,5000,0,10000,157020603
1,0.1.0,model-level causal evidence; not a WAN measurement,decisive,0,best_tree0_candidate,26,2,true,0,511,153729603,3276000,5000,0,10000,157020603
1,0.1.0,model-level causal evidence; not a WAN measurement,decisive,0,best_tree0_candidate,27,0,false,0,511,151532003,2248400,5000,0,10000,153795403
1,0.1.0,model-level causal evidence; not a WAN measurement,decisive,0,best_tree0_candidate,27,1,false,0,511,151532003,3276000,5000,0,10000,154823003
1,0.1.0,model-level causal evidence; not a WAN measurement,decisive,0,best_tree0_candidate,27,2,true,0,511,151532003,3276000,5000,0,10000,154823003
1,0.1.0,model-level causal evidence; not a WAN measurement,decisive,0,best_tree0_candidate,28,0,false,0,511,153808002,2248400,10000,5000,10000,156081402
1,0.1.0,model-level causal evidence; not a WAN measurement,decisive,0,best_tree0_candidate,28,1,false,0,511,153808002,3276000,10000,5000,10000,157109002
1,0.1.0,model-level causal evidence; not a WAN measurement,decisive,0,best_tree0_candidate,28,2,true,0,511,153808002,3276000,10000,5000,10000,157109002
1,0.1.0,model-level causal evidence; not a WAN measurement,decisive,0,best_tree0_candidate,29,0,false,0,511,154027203,2248400,5000,0,10000,156290603
1,0.1.0,model-level causal evidence; not a WAN measurement,decisive,0,best_tree0_candidate,29,1,false,0,511,154027203,3276000,5000,0,10000,157318203
1,0.1.0,model-level causal evidence; not a WAN measurement,decisive,0,best_tree0_candidate,29,2,true,0,511,154027203,3276000,5000,0,10000,157318203
1,0.1.0,model-level causal evidence; not a WAN measurement,decisive,0,best_tree0_candidate,30,0,false,0,511,149841624,2248400,5000,0,10000,152105024
1,0.1.0,model-level causal evidence; not a WAN measurement,decisive,0,best_tree0_candidate,30,1,false,0,511,149841624,3276000,5000,0,10000,153132624
1,0.1.0,model-level causal evidence; not a WAN measurement,decisive,0,best_tree0_candidate,30,2,true,0,511,149841624,3276000,5000,0,10000,153132624
1,0.1.0,model-level causal evidence; not a WAN measurement,decisive,0,best_tree0_candidate,31,0,false,0,511,152733602,2248400,5000,0,10000,154997002
1,0.1.0,model-level causal evidence; not a WAN measurement,decisive,0,best_tree0_candidate,31,1,false,0,511,152733602,3276000,5000,0,10000,156024602
1,0.1.0,model-level causal evidence; not a WAN measurement,decisive,0,best_tree0_candidate,31,2,true,0,511,152733602,3276000,5000,0,10000,156024602
1,0.1.0,model-level causal evidence; not a WAN measurement,decisive,0,best_tree0_candidate,32,0,false,0,511,151585603,2617198,5000,0,10000,154217801
1,0.1.0,model-level causal evidence; not a WAN measurement,decisive,0,best_tree0_candidate,32,1,false,0,511,151585603,3644798,5000,0,10000,155245401
1,0.1.0,model-level causal evidence; not a WAN measurement,decisive,0,best_tree0_candidate,32,2,true,0,511,151585603,3644798,5000,0,10000,155245401
1,0.1.0,model-level causal evidence; not a WAN measurement,decisive,0,best_tree0_candidate,33,0,false,0,511,154295202,2248400,10000,5000,10000,156568602
1,0.1.0,model-level causal evidence; not a WAN measurement,decisive,0,best_tree0_candidate,33,1,false,0,511,154295202,3276000,10000,5000,10000,157596202
1,0.1.0,model-level causal evidence; not a WAN measurement,decisive,0,best_tree0_candidate,33,2,true,0,511,154295202,3276000,10000,5000,10000,157596202
1,0.1.0,model-level causal evidence; not a WAN measurement,decisive,0,best_tree0_candidate,34,0,false,0,511,154366403,2248400,5000,0,10000,156629803
1,0.1.0,model-level causal evidence; not a WAN measurement,decisive,0,best_tree0_candidate,34,1,false,0,511,154366403,3276000,5000,0,10000,157657403
1,0.1.0,model-level causal evidence; not a WAN measurement,decisive,0,best_tree0_candidate,34,2,true,0,511,154366403,3276000,5000,0,10000,157657403
1,0.1.0,model-level causal evidence; not a WAN measurement,decisive,0,best_tree0_candidate,35,0,false,0,511,149663205,2248400,5000,0,10000,151926605
1,0.1.0,model-level causal evidence; not a WAN measurement,decisive,0,best_tree0_candidate,35,1,false,0,511,149663205,3276000,5000,0,10000,152954205
1,0.1.0,model-level causal evidence; not a WAN measurement,decisive,0,best_tree0_candidate,35,2,true,0,511,149663205,3276000,5000,0,10000,152954205
1,0.1.0,model-level causal evidence; not a WAN measurement,decisive,0,best_tree0_candidate,36,0,false,0,511,152256003,2599598,5000,0,10000,154870601
1,0.1.0,model-level causal evidence; not a WAN measurement,decisive,0,best_tree0_candidate,36,1,false,0,511,152256003,3627198,5000,0,10000,155898201
1,0.1.0,model-level causal evidence; not a WAN measurement,decisive,0,best_tree0_candidate,36,2,true,0,511,152256003,3627198,5000,0,10000,155898201
1,0.1.0,model-level causal evidence; not a WAN measurement,decisive,0,best_tree0_candidate,37,0,false,0,511,154910402,2381199,5000,0,10000,157306601
1,0.1.0,model-level causal evidence; not a WAN measurement,decisive,0,best_tree0_candidate,37,1,false,0,511,154910402,3408799,5000,0,10000,158334201
1,0.1.0,model-level causal evidence; not a WAN measurement,decisive,0,best_tree0_candidate,37,2,true,0,511,154910402,3408799,5000,0,10000,158334201
1,0.1.0,model-level causal evidence; not a WAN measurement,decisive,0,best_tree0_candidate,38,0,false,0,511,151954408,2248400,5000,0,10000,154217808
1,0.1.0,model-level causal evidence; not a WAN measurement,decisive,0,best_tree0_candidate,38,1,false,0,511,151954408,3276000,5000,0,10000,155245408
1,0.1.0,model-level causal evidence; not a WAN measurement,decisive,0,best_tree0_candidate,38,2,true,0,511,151954408,3276000,5000,0,10000,155245408
1,0.1.0,model-level causal evidence; not a WAN measurement,decisive,0,best_tree0_candidate,39,0,false,0,511,151659202,2535599,5000,0,10000,154209801
1,0.1.0,model-level causal evidence; not a WAN measurement,decisive,0,best_tree0_candidate,39,1,false,0,511,151659202,3563199,5000,0,10000,155237401
1,0.1.0,model-level causal evidence; not a WAN measurement,decisive,0,best_tree0_candidate,39,2,true,0,511,151659202,3563199,5000,0,10000,155237401
1,0.1.0,model-level causal evidence; not a WAN measurement,decisive,0,best_tree0_candidate,40,0,false,0,511,151715204,2248400,5000,0,10000,153978604
1,0.1.0,model-level causal evidence; not a WAN measurement,decisive,0,best_tree0_candidate,40,1,false,0,511,151715204,3276000,5000,0,10000,155006204
1,0.1.0,model-level causal evidence; not a WAN measurement,decisive,0,best_tree0_candidate,40,2,true,0,511,151715204,3276000,5000,0,10000,155006204
1,0.1.0,model-level causal evidence; not a WAN measurement,decisive,0,best_tree0_candidate,41,0,false,0,511,153964002,2248400,10000,5000,10000,156237402
1,0.1.0,model-level causal evidence; not a WAN measurement,decisive,0,best_tree0_candidate,41,1,false,0,511,153964002,3276000,10000,5000,10000,157265002
1,0.1.0,model-level causal evidence; not a WAN measurement,decisive,0,best_tree0_candidate,41,2,true,0,511,153964002,3276000,10000,5000,10000,157265002
1,0.1.0,model-level causal evidence; not a WAN measurement,decisive,0,best_tree0_candidate,42,0,false,0,511,152068816,2676385,5000,0,10000,154760201
1,0.1.0,model-level causal evidence; not a WAN measurement,decisive,0,best_tree0_candidate,42,1,false,0,511,152068816,3703985,5000,0,10000,155787801
1,0.1.0,model-level causal evidence; not a WAN measurement,decisive,0,best_tree0_candidate,42,2,true,0,511,152068816,3703985,5000,0,10000,155787801
1,0.1.0,model-level causal evidence; not a WAN measurement,decisive,0,best_tree0_candidate,43,0,false,0,511,151059205,2301196,5000,0,10000,153375401
1,0.1.0,model-level causal evidence; not a WAN measurement,decisive,0,best_tree0_candidate,43,1,false,0,511,151059205,3328796,5000,0,10000,154403001
1,0.1.0,model-level causal evidence; not a WAN measurement,decisive,0,best_tree0_candidate,43,2,true,0,511,151059205,3328796,5000,0,10000,154403001
1,0.1.0,model-level causal evidence; not a WAN measurement,decisive,0,best_tree0_candidate,44,0,false,0,511,153643202,2441199,5000,0,10000,156099401
1,0.1.0,model-level causal evidence; not a WAN measurement,decisive,0,best_tree0_candidate,44,1,false,0,511,153643202,3468799,5000,0,10000,157127001
1,0.1.0,model-level causal evidence; not a WAN measurement,decisive,0,best_tree0_candidate,44,2,true,0,511,153643202,3468799,5000,0,10000,157127001
1,0.1.0,model-level causal evidence; not a WAN measurement,decisive,0,best_tree0_candidate,45,0,false,0,511,150293608,2248400,5000,0,10000,152557008
1,0.1.0,model-level causal evidence; not a WAN measurement,decisive,0,best_tree0_candidate,45,1,false,0,511,150293608,3276000,5000,0,10000,153584608
1,0.1.0,model-level causal evidence; not a WAN measurement,decisive,0,best_tree0_candidate,45,2,true,0,511,150293608,3276000,5000,0,10000,153584608
1,0.1.0,model-level causal evidence; not a WAN measurement,decisive,0,best_tree0_candidate,46,0,false,0,511,152562405,2248400,5000,0,10000,154825805
1,0.1.0,model-level causal evidence; not a WAN measurement,decisive,0,best_tree0_candidate,46,1,false,0,511,152562405,3276000,5000,0,10000,155853405
1,0.1.0,model-level causal evidence; not a WAN measurement,decisive,0,best_tree0_candidate,46,2,true,0,511,152562405,3276000,5000,0,10000,155853405
1,0.1.0,model-level causal evidence; not a WAN measurement,decisive,0,best_tree0_candidate,47,0,false,0,511,150690406,2677199,5000,0,10000,153382605
1,0.1.0,model-level causal evidence; not a WAN measurement,decisive,0,best_tree0_candidate,47,1,false,0,511,150690406,3704799,5000,0,10000,154410205
1,0.1.0,model-level causal evidence; not a WAN measurement,decisive,0,best_tree0_candidate,47,2,true,0,511,150690406,3704799,5000,0,10000,154410205
1,0.1.0,model-level causal evidence; not a WAN measurement,decisive,0,best_tree0_candidate,48,0,false,0,511,153688002,2248400,5000,0,10000,155951402
1,0.1.0,model-level causal evidence; not a WAN measurement,decisive,0,best_tree0_candidate,48,1,false,0,511,153688002,3276000,5000,0,10000,156979002
1,0.1.0,model-level causal evidence; not a WAN measurement,decisive,0,best_tree0_candidate,48,2,true,0,511,153688002,3276000,5000,0,10000,156979002
1,0.1.0,model-level causal evidence; not a WAN measurement,decisive,0,best_tree0_candidate,49,0,false,0,511,151080803,2248400,5000,0,10000,153344203
1,0.1.0,model-level causal evidence; not a WAN measurement,decisive,0,best_tree0_candidate,49,1,false,0,511,151080803,3276000,5000,0,10000,154371803
1,0.1.0,model-level causal evidence; not a WAN measurement,decisive,0,best_tree0_candidate,49,2,true,0,511,151080803,3276000,5000,0,10000,154371803
1,0.1.0,model-level causal evidence; not a WAN measurement,decisive,0,best_tree0_candidate,50,0,false,0,511,152231216,2248400,5000,0,10000,154494616
1,0.1.0,model-level causal evidence; not a WAN measurement,decisive,0,best_tree0_candidate,50,1,false,0,511,152231216,3276000,5000,0,10000,155522216
1,0.1.0,model-level causal evidence; not a WAN measurement,decisive,0,best_tree0_candidate,50,2,true,0,511,152231216,3276000,5000,0,10000,155522216
1,0.1.0,model-level causal evidence; not a WAN measurement,decisive,0,best_tree0_candidate,51,0,false,0,511,155852002,2248400,10000,5000,10000,158125402
1,0.1.0,model-level causal evidence; not a WAN measurement,decisive,0,best_tree0_candidate,51,1,false,0,511,155852002,3276000,10000,5000,10000,159153002
1,0.1.0,model-level causal evidence; not a WAN measurement,decisive,0,best_tree0_candidate,51,2,true,0,511,155852002,3276000,10000,5000,10000,159153002
1,0.1.0,model-level causal evidence; not a WAN measurement,decisive,0,best_tree0_candidate,52,0,false,0,511,153640803,2248400,10000,5000,10000,155914203
1,0.1.0,model-level causal evidence; not a WAN measurement,decisive,0,best_tree0_candidate,52,1,false,0,511,153640803,3276000,10000,5000,10000,156941803
1,0.1.0,model-level causal evidence; not a WAN measurement,decisive,0,best_tree0_candidate,52,2,true,0,511,153640803,3276000,10000,5000,10000,156941803
1,0.1.0,model-level causal evidence; not a WAN measurement,decisive,0,best_tree0_candidate,53,0,false,0,511,153909606,2248400,5000,0,10000,156173006
1,0.1.0,model-level causal evidence; not a WAN measurement,decisive,0,best_tree0_candidate,53,1,false,0,511,153909606,3276000,5000,0,10000,157200606
1,0.1.0,model-level causal evidence; not a WAN measurement,decisive,0,best_tree0_candidate,53,2,true,0,511,153909606,3276000,5000,0,10000,157200606
1,0.1.0,model-level causal evidence; not a WAN measurement,decisive,0,best_tree0_candidate,54,0,false,0,511,153705603,2333198,5000,0,10000,156053801
1,0.1.0,model-level causal evidence; not a WAN measurement,decisive,0,best_tree0_candidate,54,1,false,0,511,153705603,3360798,5000,0,10000,157081401
1,0.1.0,model-level causal evidence; not a WAN measurement,decisive,0,best_tree0_candidate,54,2,true,0,511,153705603,3360798,5000,0,10000,157081401
1,0.1.0,model-level causal evidence; not a WAN measurement,decisive,0,best_tree0_candidate,55,0,false,0,511,152084822,2248400,5000,0,10000,154348222
1,0.1.0,model-level causal evidence; not a WAN measurement,decisive,0,best_tree0_candidate,55,1,false,0,511,152084822,3276000,5000,0,10000,155375822
1,0.1.0,model-level causal evidence; not a WAN measurement,decisive,0,best_tree0_candidate,55,2,true,0,511,152084822,3276000,5000,0,10000,155375822
1,0.1.0,model-level causal evidence; not a WAN measurement,decisive,0,best_tree0_candidate,56,0,false,0,511,150464805,2400396,5000,0,10000,152880201
1,0.1.0,model-level causal evidence; not a WAN measurement,decisive,0,best_tree0_candidate,56,1,false,0,511,150464805,3427996,5000,0,10000,153907801
1,0.1.0,model-level causal evidence; not a WAN measurement,decisive,0,best_tree0_candidate,56,2,true,0,511,150464805,3427996,5000,0,10000,153907801
1,0.1.0,model-level causal evidence; not a WAN measurement,decisive,0,best_tree0_candidate,57,0,false,0,511,154879204,2601197,5000,0,10000,157495401
1,0.1.0,model-level causal evidence; not a WAN measurement,decisive,0,best_tree0_candidate,57,1,false,0,511,154879204,3628797,5000,0,10000,158523001
1,0.1.0,model-level causal evidence; not a WAN measurement,decisive,0,best_tree0_candidate,57,2,true,0,511,154879204,3628797,5000,0,10000,158523001
1,0.1.0,model-level causal evidence; not a WAN measurement,decisive,0,best_tree0_candidate,58,0,false,0,511,152633611,2577190,5000,0,10000,155225801
1,0.1.0,model-level causal evidence; not a WAN measurement,decisive,0,best_tree0_candidate,58,1,false,0,511,152633611,3604790,5000,0,10000,156253401
1,0.1.0,model-level causal evidence; not a WAN measurement,decisive,0,best_tree0_candidate,58,2,true,0,511,152633611,3604790,5000,0,10000,156253401
1,0.1.0,model-level causal evidence; not a WAN measurement,decisive,0,best_tree0_candidate,59,0,false,0,511,150608826,2248400,5000,0,10000,152872226
1,0.1.0,model-level causal evidence; not a WAN measurement,decisive,0,best_tree0_candidate,59,1,false,0,511,150608826,3276000,5000,0,10000,153899826
1,0.1.0,model-level causal evidence; not a WAN measurement,decisive,0,best_tree0_candidate,59,2,true,0,511,150608826,3276000,5000,0,10000,153899826
1,0.1.0,model-level causal evidence; not a WAN measurement,decisive,0,best_tree0_candidate,60,0,false,0,511,152728005,2248400,5000,0,10000,154991405
1,0.1.0,model-level causal evidence; not a WAN measurement,decisive,0,best_tree0_candidate,60,1,false,0,511,152728005,3276000,5000,0,10000,156019005
1,0.1.0,model-level causal evidence; not a WAN measurement,decisive,0,best_tree0_candidate,60,2,true,0,511,152728005,3276000,5000,0,10000,156019005
1,0.1.0,model-level causal evidence; not a WAN measurement,decisive,0,best_tree0_candidate,61,0,false,0,511,152008813,2248400,5000,0,10000,154272213
1,0.1.0,model-level causal evidence; not a WAN measurement,decisive,0,best_tree0_candidate,61,1,false,0,511,152008813,3276000,5000,0,10000,155299813
1,0.1.0,model-level causal evidence; not a WAN measurement,decisive,0,best_tree0_candidate,61,2,true,0,511,152008813,3276000,5000,0,10000,155299813
1,0.1.0,model-level causal evidence; not a WAN measurement,decisive,0,best_tree0_candidate,62,0,false,0,511,152738410,2248400,5000,0,10000,155001810
1,0.1.0,model-level causal evidence; not a WAN measurement,decisive,0,best_tree0_candidate,62,1,false,0,511,152738410,3276000,5000,0,10000,156029410
1,0.1.0,model-level causal evidence; not a WAN measurement,decisive,0,best_tree0_candidate,62,2,true,0,511,152738410,3276000,5000,0,10000,156029410
1,0.1.0,model-level causal evidence; not a WAN measurement,decisive,0,best_tree0_candidate,63,0,false,0,511,151601604,2248400,5000,0,10000,153865004
1,0.1.0,model-level causal evidence; not a WAN measurement,decisive,0,best_tree0_candidate,63,1,false,0,511,151601604,3276000,5000,0,10000,154892604
1,0.1.0,model-level causal evidence; not a WAN measurement,decisive,0,best_tree0_candidate,63,2,true,0,511,151601604,3276000,5000,0,10000,154892604
1,0.1.0,model-level causal evidence; not a WAN measurement,decisive,0,best_tree0_candidate,64,0,false,0,511,150656804,2248400,5000,0,10000,152920204
1,0.1.0,model-level causal evidence; not a WAN measurement,decisive,0,best_tree0_candidate,64,1,false,0,511,150656804,3276000,5000,0,10000,153947804
1,0.1.0,model-level causal evidence; not a WAN measurement,decisive,0,best_tree0_candidate,64,2,true,0,511,150656804,3276000,5000,0,10000,153947804
1,0.1.0,model-level causal evidence; not a WAN measurement,decisive,0,best_tree0_candidate,65,0,false,0,511,155256003,2248400,5000,0,10000,157519403
1,0.1.0,model-level causal evidence; not a WAN measurement,decisive,0,best_tree0_candidate,65,1,false,0,511,155256003,3276000,5000,0,10000,158547003
1,0.1.0,model-level causal evidence; not a WAN measurement,decisive,0,best_tree0_candidate,65,2,true,0,511,155256003,3276000,5000,0,10000,158547003
1,0.1.0,model-level causal evidence; not a WAN measurement,decisive,0,best_tree0_candidate,66,0,false,0,511,153278411,2248400,5000,0,10000,155541811
1,0.1.0,model-level causal evidence; not a WAN measurement,decisive,0,best_tree0_candidate,66,1,false,0,511,153278411,3276000,5000,0,10000,156569411
1,0.1.0,model-level causal evidence; not a WAN measurement,decisive,0,best_tree0_candidate,66,2,true,0,511,153278411,3276000,5000,0,10000,156569411
1,0.1.0,model-level causal evidence; not a WAN measurement,decisive,0,best_tree0_candidate,67,0,false,0,511,153215202,2594799,5000,0,10000,155825001
1,0.1.0,model-level causal evidence; not a WAN measurement,decisive,0,best_tree0_candidate,67,1,false,0,511,153215202,3622399,5000,0,10000,156852601
1,0.1.0,model-level causal evidence; not a WAN measurement,decisive,0,best_tree0_candidate,67,2,true,0,511,153215202,3622399,5000,0,10000,156852601
1,0.1.0,model-level causal evidence; not a WAN measurement,decisive,0,best_tree0_candidate,68,0,false,0,511,152260811,2248400,5000,0,10000,154524211
1,0.1.0,model-level causal evidence; not a WAN measurement,decisive,0,best_tree0_candidate,68,1,false,0,511,152260811,3276000,5000,0,10000,155551811
1,0.1.0,model-level causal evidence; not a WAN measurement,decisive,0,best_tree0_candidate,68,2,true,0,511,152260811,3276000,5000,0,10000,155551811
1,0.1.0,model-level causal evidence; not a WAN measurement,decisive,0,best_tree0_candidate,69,0,false,0,511,154293602,2248400,5000,0,10000,156557002
1,0.1.0,model-level causal evidence; not a WAN measurement,decisive,0,best_tree0_candidate,69,1,false,0,511,154293602,3276000,5000,0,10000,157584602
1,0.1.0,model-level causal evidence; not a WAN measurement,decisive,0,best_tree0_candidate,69,2,true,0,511,154293602,3276000,5000,0,10000,157584602
1,0.1.0,model-level causal evidence; not a WAN measurement,decisive,0,best_tree0_candidate,70,0,false,0,511,151643204,2248400,5000,0,10000,153906604
1,0.1.0,model-level causal evidence; not a WAN measurement,decisive,0,best_tree0_candidate,70,1,false,0,511,151643204,3276000,5000,0,10000,154934204
1,0.1.0,model-level causal evidence; not a WAN measurement,decisive,0,best_tree0_candidate,70,2,true,0,511,151643204,3276000,5000,0,10000,154934204
1,0.1.0,model-level causal evidence; not a WAN measurement,decisive,0,best_tree0_candidate,71,0,false,0,511,150092003,2248400,5000,0,10000,152355403
1,0.1.0,model-level causal evidence; not a WAN measurement,decisive,0,best_tree0_candidate,71,1,false,0,511,150092003,3276000,5000,0,10000,153383003
1,0.1.0,model-level causal evidence; not a WAN measurement,decisive,0,best_tree0_candidate,71,2,true,0,511,150092003,3276000,5000,0,10000,153383003
1,0.1.0,model-level causal evidence; not a WAN measurement,decisive,0,best_tree0_candidate,72,0,false,0,511,150675202,2629999,5000,0,10000,153320201
1,0.1.0,model-level causal evidence; not a WAN measurement,decisive,0,best_tree0_candidate,72,1,false,0,511,150675202,3657599,5000,0,10000,154347801
1,0.1.0,model-level causal evidence; not a WAN measurement,decisive,0,best_tree0_candidate,72,2,true,0,511,150675202,3657599,5000,0,10000,154347801
1,0.1.0,model-level causal evidence; not a WAN measurement,decisive,0,best_tree0_candidate,73,0,false,0,511,151413602,2248400,5000,0,10000,153677002
1,0.1.0,model-level causal evidence; not a WAN measurement,decisive,0,best_tree0_candidate,73,1,false,0,511,151413602,3276000,5000,0,10000,154704602
1,0.1.0,model-level causal evidence; not a WAN measurement,decisive,0,best_tree0_candidate,73,2,true,0,511,151413602,3276000,5000,0,10000,154704602
1,0.1.0,model-level causal evidence; not a WAN measurement,decisive,0,best_tree0_candidate,74,0,false,0,511,151622413,2248400,5000,0,10000,153885813
1,0.1.0,model-level causal evidence; not a WAN measurement,decisive,0,best_tree0_candidate,74,1,false,0,511,151622413,3276000,5000,0,10000,154913413
1,0.1.0,model-level causal evidence; not a WAN measurement,decisive,0,best_tree0_candidate,74,2,true,0,511,151622413,3276000,5000,0,10000,154913413
1,0.1.0,model-level causal evidence; not a WAN measurement,decisive,0,best_tree0_candidate,75,0,false,0,511,152238402,2248400,5000,0,10000,154501802
1,0.1.0,model-level causal evidence; not a WAN measurement,decisive,0,best_tree0_candidate,75,1,false,0,511,152238402,3276000,5000,0,10000,155529402
1,0.1.0,model-level causal evidence; not a WAN measurement,decisive,0,best_tree0_candidate,75,2,true,0,511,152238402,3276000,5000,0,10000,155529402
1,0.1.0,model-level causal evidence; not a WAN measurement,decisive,0,best_tree0_candidate,76,0,false,0,511,156824003,2442798,5000,0,10000,159281801
1,0.1.0,model-level causal evidence; not a WAN measurement,decisive,0,best_tree0_candidate,76,1,false,0,511,156824003,3470398,5000,0,10000,160309401
1,0.1.0,model-level causal evidence; not a WAN measurement,decisive,0,best_tree0_candidate,76,2,true,0,511,156824003,3470398,5000,0,10000,160309401
1,0.1.0,model-level causal evidence; not a WAN measurement,decisive,0,best_tree0_candidate,77,0,false,0,511,153942404,2440397,5000,0,10000,156397801
1,0.1.0,model-level causal evidence; not a WAN measurement,decisive,0,best_tree0_candidate,77,1,false,0,511,153942404,3467997,5000,0,10000,157425401
1,0.1.0,model-level causal evidence; not a WAN measurement,decisive,0,best_tree0_candidate,77,2,true,0,511,153942404,3467997,5000,0,10000,157425401
1,0.1.0,model-level causal evidence; not a WAN measurement,decisive,0,best_tree0_candidate,78,0,false,0,511,155074402,2689999,5000,0,10000,157779401
1,0.1.0,model-level causal evidence; not a WAN measurement,decisive,0,best_tree0_candidate,78,1,false,0,511,155074402,3717599,5000,0,10000,158807001
1,0.1.0,model-level causal evidence; not a WAN measurement,decisive,0,best_tree0_candidate,78,2,true,0,511,155074402,3717599,5000,0,10000,158807001
1,0.1.0,model-level causal evidence; not a WAN measurement,decisive,0,best_tree0_candidate,79,0,false,0,511,152311203,2248400,5000,0,10000,154574603
1,0.1.0,model-level causal evidence; not a WAN measurement,decisive,0,best_tree0_candidate,79,1,false,0,511,152311203,3276000,5000,0,10000,155602203
1,0.1.0,model-level causal evidence; not a WAN measurement,decisive,0,best_tree0_candidate,79,2,true,0,511,152311203,3276000,5000,0,10000,155602203
1,0.1.0,model-level causal evidence; not a WAN measurement,decisive,0,best_tree0_candidate,80,0,false,0,511,152243202,2677199,5000,0,10000,154935401
1,0.1.0,model-level causal evidence; not a WAN measurement,decisive,0,best_tree0_candidate,80,1,false,0,511,152243202,3704799,5000,0,10000,155963001
1,0.1.0,model-level causal evidence; not a WAN measurement,decisive,0,best_tree0_candidate,80,2,true,0,511,152243202,3704799,5000,0,10000,155963001
1,0.1.0,model-level causal evidence; not a WAN measurement,decisive,0,best_tree0_candidate,81,0,false,0,511,152752802,2248400,5000,0,10000,155016202
1,0.1.0,model-level causal evidence; not a WAN measurement,decisive,0,best_tree0_candidate,81,1,false,0,511,152752802,3276000,5000,0,10000,156043802
1,0.1.0,model-level causal evidence; not a WAN measurement,decisive,0,best_tree0_candidate,81,2,true,0,511,152752802,3276000,5000,0,10000,156043802
1,0.1.0,model-level causal evidence; not a WAN measurement,decisive,0,best_tree0_candidate,82,0,false,0,511,154204011,2248400,5000,0,10000,156467411
1,0.1.0,model-level causal evidence; not a WAN measurement,decisive,0,best_tree0_candidate,82,1,false,0,511,154204011,3276000,5000,0,10000,157495011
1,0.1.0,model-level causal evidence; not a WAN measurement,decisive,0,best_tree0_candidate,82,2,true,0,511,154204011,3276000,5000,0,10000,157495011
1,0.1.0,model-level causal evidence; not a WAN measurement,decisive,0,best_tree0_candidate,83,0,false,0,511,153325604,2484397,5000,0,10000,155825001
1,0.1.0,model-level causal evidence; not a WAN measurement,decisive,0,best_tree0_candidate,83,1,false,0,511,153325604,3511997,5000,0,10000,156852601
1,0.1.0,model-level causal evidence; not a WAN measurement,decisive,0,best_tree0_candidate,83,2,true,0,511,153325604,3511997,5000,0,10000,156852601
1,0.1.0,model-level causal evidence; not a WAN measurement,decisive,0,best_tree0_candidate,84,0,false,0,511,151207211,2248400,5000,0,10000,153470611
1,0.1.0,model-level causal evidence; not a WAN measurement,decisive,0,best_tree0_candidate,84,1,false,0,511,151207211,3276000,5000,0,10000,154498211
1,0.1.0,model-level causal evidence; not a WAN measurement,decisive,0,best_tree0_candidate,84,2,true,0,511,151207211,3276000,5000,0,10000,154498211
1,0.1.0,model-level causal evidence; not a WAN measurement,decisive,0,best_tree0_candidate,85,0,false,0,511,152106420,2248400,5000,0,10000,154369820
1,0.1.0,model-level causal evidence; not a WAN measurement,decisive,0,best_tree0_candidate,85,1,false,0,511,152106420,3276000,5000,0,10000,155397420
1,0.1.0,model-level causal evidence; not a WAN measurement,decisive,0,best_tree0_candidate,85,2,true,0,511,152106420,3276000,5000,0,10000,155397420
1,0.1.0,model-level causal evidence; not a WAN measurement,decisive,0,best_tree0_candidate,86,0,false,0,511,157076802,2248400,5000,0,10000,159340202
1,0.1.0,model-level causal evidence; not a WAN measurement,decisive,0,best_tree0_candidate,86,1,false,0,511,157076802,3276000,5000,0,10000,160367802
1,0.1.0,model-level causal evidence; not a WAN measurement,decisive,0,best_tree0_candidate,86,2,true,0,511,157076802,3276000,5000,0,10000,160367802
1,0.1.0,model-level causal evidence; not a WAN measurement,decisive,0,best_tree0_candidate,87,0,false,0,511,153136003,2248400,5000,0,10000,155399403
1,0.1.0,model-level causal evidence; not a WAN measurement,decisive,0,best_tree0_candidate,87,1,false,0,511,153136003,3276000,5000,0,10000,156427003
1,0.1.0,model-level causal evidence; not a WAN measurement,decisive,0,best_tree0_candidate,87,2,true,0,511,153136003,3276000,5000,0,10000,156427003
1,0.1.0,model-level causal evidence; not a WAN measurement,decisive,0,best_tree0_candidate,88,0,false,0,511,151948805,2248400,5000,0,10000,154212205
1,0.1.0,model-level causal evidence; not a WAN measurement,decisive,0,best_tree0_candidate,88,1,false,0,511,151948805,3276000,5000,0,10000,155239805
1,0.1.0,model-level causal evidence; not a WAN measurement,decisive,0,best_tree0_candidate,88,2,true,0,511,151948805,3276000,5000,0,10000,155239805
1,0.1.0,model-level causal evidence; not a WAN measurement,decisive,0,best_tree0_candidate,89,0,false,0,511,152658404,2440397,6005,5000,10000,155119806
1,0.1.0,model-level causal evidence; not a WAN measurement,decisive,0,best_tree0_candidate,89,1,false,0,511,152658404,3467997,6005,5000,10000,156147406
1,0.1.0,model-level causal evidence; not a WAN measurement,decisive,0,best_tree0_candidate,89,2,true,0,511,152658404,3467997,6005,5000,10000,156147406
1,0.1.0,model-level causal evidence; not a WAN measurement,decisive,0,best_tree0_candidate,90,0,false,0,511,154136003,2248400,5000,0,10000,156399403
1,0.1.0,model-level causal evidence; not a WAN measurement,decisive,0,best_tree0_candidate,90,1,false,0,511,154136003,3276000,5000,0,10000,157427003
1,0.1.0,model-level causal evidence; not a WAN measurement,decisive,0,best_tree0_candidate,90,2,true,0,511,154136003,3276000,5000,0,10000,157427003
1,0.1.0,model-level causal evidence; not a WAN measurement,decisive,0,best_tree0_candidate,91,0,false,0,511,154429602,2813199,5000,0,10000,157257801
1,0.1.0,model-level causal evidence; not a WAN measurement,decisive,0,best_tree0_candidate,91,1,false,0,511,154429602,3840799,5000,0,10000,158285401
1,0.1.0,model-level causal evidence; not a WAN measurement,decisive,0,best_tree0_candidate,91,2,true,0,511,154429602,3840799,5000,0,10000,158285401
1,0.1.0,model-level causal evidence; not a WAN measurement,decisive,0,best_tree0_candidate,92,0,false,0,511,151135206,2248400,5000,2796,10000,153401402
1,0.1.0,model-level causal evidence; not a WAN measurement,decisive,0,best_tree0_candidate,92,1,false,0,511,151135206,3276000,5000,2796,10000,154429002
1,0.1.0,model-level causal evidence; not a WAN measurement,decisive,0,best_tree0_candidate,92,2,true,0,511,151135206,3276000,5000,2796,10000,154429002
1,0.1.0,model-level causal evidence; not a WAN measurement,decisive,0,best_tree0_candidate,93,0,false,0,511,153404813,2248400,5000,0,10000,155668213
1,0.1.0,model-level causal evidence; not a WAN measurement,decisive,0,best_tree0_candidate,93,1,false,0,511,153404813,3276000,5000,0,10000,156695813
1,0.1.0,model-level causal evidence; not a WAN measurement,decisive,0,best_tree0_candidate,93,2,true,0,511,153404813,3276000,5000,0,10000,156695813
1,0.1.0,model-level causal evidence; not a WAN measurement,decisive,0,best_tree0_candidate,94,0,false,0,511,153366403,2248400,5000,0,10000,155629803
1,0.1.0,model-level causal evidence; not a WAN measurement,decisive,0,best_tree0_candidate,94,1,false,0,511,153366403,3276000,5000,0,10000,156657403
1,0.1.0,model-level causal evidence; not a WAN measurement,decisive,0,best_tree0_candidate,94,2,true,0,511,153366403,3276000,5000,0,10000,156657403
1,0.1.0,model-level causal evidence; not a WAN measurement,decisive,0,best_tree0_candidate,95,0,false,0,511,153335204,2520397,5000,0,10000,155870601
1,0.1.0,model-level causal evidence; not a WAN measurement,decisive,0,best_tree0_candidate,95,1,false,0,511,153335204,3547997,5000,0,10000,156898201
1,0.1.0,model-level causal evidence; not a WAN measurement,decisive,0,best_tree0_candidate,95,2,true,0,511,153335204,3547997,5000,0,10000,156898201
1,0.1.0,model-level causal evidence; not a WAN measurement,decisive,0,best_tree0_candidate,96,0,false,0,511,152035203,2248400,5000,0,10000,154298603
1,0.1.0,model-level causal evidence; not a WAN measurement,decisive,0,best_tree0_candidate,96,1,false,0,511,152035203,3276000,5000,0,10000,155326203
1,0.1.0,model-level causal evidence; not a WAN measurement,decisive,0,best_tree0_candidate,96,2,true,0,511,152035203,3276000,5000,0,10000,155326203
1,0.1.0,model-level causal evidence; not a WAN measurement,decisive,0,best_tree0_candidate,97,0,false,0,511,154243202,2677199,5000,0,10000,156935401
1,0.1.0,model-level causal evidence; not a WAN measurement,decisive,0,best_tree0_candidate,97,1,false,0,511,154243202,3704799,5000,0,10000,157963001
1,0.1.0,model-level causal evidence; not a WAN measurement,decisive,0,best_tree0_candidate,97,2,true,0,511,154243202,3704799,5000,0,10000,157963001
1,0.1.0,model-level causal evidence; not a WAN measurement,decisive,0,best_tree0_candidate,98,0,false,0,511,153223202,2987599,5000,0,10000,156225801
1,0.1.0,model-level causal evidence; not a WAN measurement,decisive,0,best_tree0_candidate,98,1,false,0,511,153223202,4015199,5000,0,10000,157253401
1,0.1.0,model-level causal evidence; not a WAN measurement,decisive,0,best_tree0_candidate,98,2,true,0,511,153223202,4015199,5000,0,10000,157253401
1,0.1.0,model-level causal evidence; not a WAN measurement,decisive,0,best_tree0_candidate,99,0,false,0,511,153275203,2248400,5000,0,10000,155538603
1,0.1.0,model-level causal evidence; not a WAN measurement,decisive,0,best_tree0_candidate,99,1,false,0,511,153275203,3276000,5000,0,10000,156566203
1,0.1.0,model-level causal evidence; not a WAN measurement,decisive,0,best_tree0_candidate,99,2,true,0,511,153275203,3276000,5000,0,10000,156566203
1,0.1.0,model-level causal evidence; not a WAN measurement,decisive,0,best_tree0_candidate,100,0,false,0,511,152659208,2248400,5000,0,10000,154922608
1,0.1.0,model-level causal evidence; not a WAN measurement,decisive,0,best_tree0_candidate,100,1,false,0,511,152659208,3276000,5000,0,10000,155950208
1,0.1.0,model-level causal evidence; not a WAN measurement,decisive,0,best_tree0_candidate,100,2,true,0,511,152659208,3276000,5000,0,10000,155950208
1,0.1.0,model-level causal evidence; not a WAN measurement,decisive,0,best_tree0_candidate,101,0,false,0,511,154857604,2547599,5000,0,10000,157420203
1,0.1.0,model-level causal evidence; not a WAN measurement,decisive,0,best_tree0_candidate,101,1,false,0,511,154857604,3575199,5000,0,10000,158447803
1,0.1.0,model-level causal evidence; not a WAN measurement,decisive,0,best_tree0_candidate,101,2,true,0,511,154857604,3575199,5000,0,10000,158447803
1,0.1.0,model-level causal evidence; not a WAN measurement,decisive,0,best_tree0_candidate,102,0,false,0,511,152311203,2248400,5000,0,10000,154574603
1,0.1.0,model-level causal evidence; not a WAN measurement,decisive,0,best_tree0_candidate,102,1,false,0,511,152311203,3276000,5000,0,10000,155602203
1,0.1.0,model-level causal evidence; not a WAN measurement,decisive,0,best_tree0_candidate,102,2,true,0,511,152311203,3276000,5000,0,10000,155602203
1,0.1.0,model-level causal evidence; not a WAN measurement,decisive,0,best_tree0_candidate,103,0,false,0,511,155183202,2248400,10000,5000,10000,157456602
1,0.1.0,model-level causal evidence; not a WAN measurement,decisive,0,best_tree0_candidate,103,1,false,0,511,155183202,3276000,10000,5000,10000,158484202
1,0.1.0,model-level causal evidence; not a WAN measurement,decisive,0,best_tree0_candidate,103,2,true,0,511,155183202,3276000,10000,5000,10000,158484202
1,0.1.0,model-level causal evidence; not a WAN measurement,decisive,0,best_tree0_candidate,104,0,false,0,511,153322412,2248400,5000,0,10000,155585812
1,0.1.0,model-level causal evidence; not a WAN measurement,decisive,0,best_tree0_candidate,104,1,false,0,511,153322412,3276000,5000,0,10000,156613412
1,0.1.0,model-level causal evidence; not a WAN measurement,decisive,0,best_tree0_candidate,104,2,true,0,511,153322412,3276000,5000,0,10000,156613412
1,0.1.0,model-level causal evidence; not a WAN measurement,decisive,0,best_tree0_candidate,105,0,false,0,511,153169605,2248400,10000,5000,10000,155443005
1,0.1.0,model-level causal evidence; not a WAN measurement,decisive,0,best_tree0_candidate,105,1,false,0,511,153169605,3276000,10000,5000,10000,156470605
1,0.1.0,model-level causal evidence; not a WAN measurement,decisive,0,best_tree0_candidate,105,2,true,0,511,153169605,3276000,10000,5000,10000,156470605
1,0.1.0,model-level causal evidence; not a WAN measurement,decisive,0,best_tree0_candidate,106,0,false,0,511,150584803,2405999,5000,0,10000,153005802
1,0.1.0,model-level causal evidence; not a WAN measurement,decisive,0,best_tree0_candidate,106,1,false,0,511,150584803,3433599,5000,0,10000,154033402
1,0.1.0,model-level causal evidence; not a WAN measurement,decisive,0,best_tree0_candidate,106,2,true,0,511,150584803,3433599,5000,0,10000,154033402
1,0.1.0,model-level causal evidence; not a WAN measurement,decisive,0,best_tree0_candidate,107,0,false,0,511,153608803,2393999,5000,0,10000,156017802
1,0.1.0,model-level causal evidence; not a WAN measurement,decisive,0,best_tree0_candidate,107,1,false,0,511,153608803,3421599,5000,0,10000,157045402
1,0.1.0,model-level causal evidence; not a WAN measurement,decisive,0,best_tree0_candidate,107,2,true,0,511,153608803,3421599,5000,0,10000,157045402
1,0.1.0,model-level causal evidence; not a WAN measurement,decisive,0,best_tree0_candidate,108,0,false,0,511,151098404,2248400,5000,0,10000,153361804
1,0.1.0,model-level causal evidence; not a WAN measurement,decisive,0,best_tree0_candidate,108,1,false,0,511,151098404,3276000,5000,0,10000,154389404
1,0.1.0,model-level causal evidence; not a WAN measurement,decisive,0,best_tree0_candidate,108,2,true,0,511,151098404,3276000,5000,0,10000,154389404
1,0.1.0,model-level causal evidence; not a WAN measurement,decisive,0,best_tree0_candidate,109,0,false,0,511,150648804,2248400,5000,0,10000,152912204
1,0.1.0,model-level causal evidence; not a WAN measurement,decisive,0,best_tree0_candidate,109,1,false,0,511,150648804,3276000,5000,0,10000,153939804
1,0.1.0,model-level causal evidence; not a WAN measurement,decisive,0,best_tree0_candidate,109,2,true,0,511,150648804,3276000,5000,0,10000,153939804
1,0.1.0,model-level causal evidence; not a WAN measurement,decisive,0,best_tree0_candidate,110,0,false,0,511,152989603,2248400,7601,5000,10000,155260604
1,0.1.0,model-level causal evidence; not a WAN measurement,decisive,0,best_tree0_candidate,110,1,false,0,511,152989603,3276000,7601,5000,10000,156288204
1,0.1.0,model-level causal evidence; not a WAN measurement,decisive,0,best_tree0_candidate,110,2,true,0,511,152989603,3276000,7601,5000,10000,156288204
1,0.1.0,model-level causal evidence; not a WAN measurement,decisive,0,best_tree0_candidate,111,0,false,0,511,153484803,2333198,5000,0,10000,155833001
1,0.1.0,model-level causal evidence; not a WAN measurement,decisive,0,best_tree0_candidate,111,1,false,0,511,153484803,3360798,5000,0,10000,156860601
1,0.1.0,model-level causal evidence; not a WAN measurement,decisive,0,best_tree0_candidate,111,2,true,0,511,153484803,3360798,5000,0,10000,156860601
1,0.1.0,model-level causal evidence; not a WAN measurement,decisive,0,best_tree0_candidate,112,0,false,0,511,149348802,2248400,5000,0,10000,151612202
1,0.1.0,model-level causal evidence; not a WAN measurement,decisive,0,best_tree0_candidate,112,1,false,0,511,149348802,3276000,5000,0,10000,152639802
1,0.1.0,model-level causal evidence; not a WAN measurement,decisive,0,best_tree0_candidate,112,2,true,0,511,149348802,3276000,5000,0,10000,152639802
1,0.1.0,model-level causal evidence; not a WAN measurement,decisive,0,best_tree0_candidate,113,0,false,0,511,149161604,2248400,5000,0,10000,151425004
1,0.1.0,model-level causal evidence; not a WAN measurement,decisive,0,best_tree0_candidate,113,1,false,0,511,149161604,3276000,5000,0,10000,152452604
1,0.1.0,model-level causal evidence; not a WAN measurement,decisive,0,best_tree0_candidate,113,2,true,0,511,149161604,3276000,5000,0,10000,152452604
1,0.1.0,model-level causal evidence; not a WAN measurement,decisive,0,best_tree0_candidate,114,0,false,0,511,155088803,2248400,5000,0,10000,157352203
1,0.1.0,model-level causal evidence; not a WAN measurement,decisive,0,best_tree0_candidate,114,1,false,0,511,155088803,3276000,5000,0,10000,158379803
1,0.1.0,model-level causal evidence; not a WAN measurement,decisive,0,best_tree0_candidate,114,2,true,0,511,155088803,3276000,5000,0,10000,158379803
1,0.1.0,model-level causal evidence; not a WAN measurement,decisive,0,best_tree0_candidate,115,0,false,0,511,155144003,2248400,10000,5000,10000,157417403
1,0.1.0,model-level causal evidence; not a WAN measurement,decisive,0,best_tree0_candidate,115,1,false,0,511,155144003,3276000,10000,5000,10000,158445003
1,0.1.0,model-level causal evidence; not a WAN measurement,decisive,0,best_tree0_candidate,115,2,true,0,511,155144003,3276000,10000,5000,10000,158445003
1,0.1.0,model-level causal evidence; not a WAN measurement,decisive,0,best_tree0_candidate,116,0,false,0,511,152043204,2248400,5000,0,10000,154306604
1,0.1.0,model-level causal evidence; not a WAN measurement,decisive,0,best_tree0_candidate,116,1,false,0,511,152043204,3276000,5000,0,10000,155334204
1,0.1.0,model-level causal evidence; not a WAN measurement,decisive,0,best_tree0_candidate,116,2,true,0,511,152043204,3276000,5000,0,10000,155334204
1,0.1.0,model-level causal evidence; not a WAN measurement,decisive,0,best_tree0_candidate,117,0,false,0,511,154960004,2248400,10000,5000,10000,157233404
1,0.1.0,model-level causal evidence; not a WAN measurement,decisive,0,best_tree0_candidate,117,1,false,0,511,154960004,3276000,10000,5000,10000,158261004
1,0.1.0,model-level causal evidence; not a WAN measurement,decisive,0,best_tree0_candidate,117,2,true,0,511,154960004,3276000,10000,5000,10000,158261004
1,0.1.0,model-level causal evidence; not a WAN measurement,decisive,0,best_tree0_candidate,118,0,false,0,511,150450404,2248400,5000,0,10000,152713804
1,0.1.0,model-level causal evidence; not a WAN measurement,decisive,0,best_tree0_candidate,118,1,false,0,511,150450404,3276000,5000,0,10000,153741404
1,0.1.0,model-level causal evidence; not a WAN measurement,decisive,0,best_tree0_candidate,118,2,true,0,511,150450404,3276000,5000,0,10000,153741404
1,0.1.0,model-level causal evidence; not a WAN measurement,decisive,0,best_tree0_candidate,119,0,false,0,511,150619205,2591596,5000,0,10000,153225801
1,0.1.0,model-level causal evidence; not a WAN measurement,decisive,0,best_tree0_candidate,119,1,false,0,511,150619205,3619196,5000,0,10000,154253401
1,0.1.0,model-level causal evidence; not a WAN measurement,decisive,0,best_tree0_candidate,119,2,true,0,511,150619205,3619196,5000,0,10000,154253401
1,0.1.0,model-level causal evidence; not a WAN measurement,decisive,0,best_tree0_candidate,120,0,false,0,511,154203203,2248400,5000,0,10000,156466603
1,0.1.0,model-level causal evidence; not a WAN measurement,decisive,0,best_tree0_candidate,120,1,false,0,511,154203203,3276000,5000,0,10000,157494203
1,0.1.0,model-level causal evidence; not a WAN measurement,decisive,0,best_tree0_candidate,120,2,true,0,511,154203203,3276000,5000,0,10000,157494203
1,0.1.0,model-level causal evidence; not a WAN measurement,decisive,0,best_tree0_candidate,121,0,false,0,511,152408004,2329998,5000,0,10000,154753002
1,0.1.0,model-level causal evidence; not a WAN measurement,decisive,0,best_tree0_candidate,121,1,false,0,511,152408004,3357598,5000,0,10000,155780602
1,0.1.0,model-level causal evidence; not a WAN measurement,decisive,0,best_tree0_candidate,121,2,true,0,511,152408004,3357598,5000,0,10000,155780602
1,0.1.0,model-level causal evidence; not a WAN measurement,decisive,0,best_tree0_candidate,122,0,false,0,511,154448004,2248400,5000,0,10000,156711404
1,0.1.0,model-level causal evidence; not a WAN measurement,decisive,0,best_tree0_candidate,122,1,false,0,511,154448004,3276000,5000,0,10000,157739004
1,0.1.0,model-level causal evidence; not a WAN measurement,decisive,0,best_tree0_candidate,122,2,true,0,511,154448004,3276000,5000,0,10000,157739004
1,0.1.0,model-level causal evidence; not a WAN measurement,decisive,0,best_tree0_candidate,123,0,false,0,511,153007220,2248400,5000,0,10000,155270620
1,0.1.0,model-level causal evidence; not a WAN measurement,decisive,0,best_tree0_candidate,123,1,false,0,511,153007220,3276000,5000,0,10000,156298220
1,0.1.0,model-level causal evidence; not a WAN measurement,decisive,0,best_tree0_candidate,123,2,true,0,511,153007220,3276000,5000,0,10000,156298220
1,0.1.0,model-level causal evidence; not a WAN measurement,decisive,0,best_tree0_candidate,124,0,false,0,511,149325604,2476397,5000,0,10000,151817001
1,0.1.0,model-level causal evidence; not a WAN measurement,decisive,0,best_tree0_candidate,124,1,false,0,511,149325604,3503997,5000,0,10000,152844601
1,0.1.0,model-level causal evidence; not a WAN measurement,decisive,0,best_tree0_candidate,124,2,true,0,511,149325604,3503997,5000,0,10000,152844601
1,0.1.0,model-level causal evidence; not a WAN measurement,decisive,0,best_tree0_candidate,125,0,false,0,511,150751218,2248400,5000,0,10000,153014618
1,0.1.0,model-level causal evidence; not a WAN measurement,decisive,0,best_tree0_candidate,125,1,false,0,511,150751218,3276000,5000,0,10000,154042218
1,0.1.0,model-level causal evidence; not a WAN measurement,decisive,0,best_tree0_candidate,125,2,true,0,511,150751218,3276000,5000,0,10000,154042218
1,0.1.0,model-level causal evidence; not a WAN measurement,decisive,0,best_tree0_candidate,126,0,false,0,511,151257608,2497193,5000,0,10000,153769801
1,0.1.0,model-level causal evidence; not a WAN measurement,decisive,0,best_tree0_candidate,126,1,false,0,511,151257608,3524793,5000,0,10000,154797401
1,0.1.0,model-level causal evidence; not a WAN measurement,decisive,0,best_tree0_candidate,126,2,true,0,511,151257608,3524793,5000,0,10000,154797401
1,0.1.0,model-level causal evidence; not a WAN measurement,decisive,0,best_tree0_candidate,127,0,false,0,511,152088803,2248400,5000,0,10000,154352203
1,0.1.0,model-level causal evidence; not a WAN measurement,decisive,0,best_tree0_candidate,127,1,false,0,511,152088803,3276000,5000,0,10000,155379803
1,0.1.0,model-level causal evidence; not a WAN measurement,decisive,0,best_tree0_candidate,127,2,true,0,511,152088803,3276000,5000,0,10000,155379803
1,0.1.0,model-level causal evidence; not a WAN measurement,decisive,0,best_tree1_candidate,0,0,false,1,511,156323206,2329998,5000,0,10000,158668204
1,0.1.0,model-level causal evidence; not a WAN measurement,decisive,0,best_tree1_candidate,0,1,false,1,511,156323206,3357598,5000,0,10000,159695804
1,0.1.0,model-level causal evidence; not a WAN measurement,decisive,0,best_tree1_candidate,0,2,true,1,511,156323206,3357598,5000,0,10000,159695804
1,0.1.0,model-level causal evidence; not a WAN measurement,decisive,0,best_tree1_candidate,1,0,false,1,511,156183202,2248400,5000,0,10000,158446602
1,0.1.0,model-level causal evidence; not a WAN measurement,decisive,0,best_tree1_candidate,1,1,false,1,511,156183202,3276000,5000,0,10000,159474202
1,0.1.0,model-level causal evidence; not a WAN measurement,decisive,0,best_tree1_candidate,1,2,true,1,511,156183202,3276000,5000,0,10000,159474202
1,0.1.0,model-level causal evidence; not a WAN measurement,decisive,0,best_tree1_candidate,2,0,false,1,511,150447219,2248400,5000,0,10000,152710619
1,0.1.0,model-level causal evidence; not a WAN measurement,decisive,0,best_tree1_candidate,2,1,false,1,511,150447219,3276000,5000,0,10000,153738219
1,0.1.0,model-level causal evidence; not a WAN measurement,decisive,0,best_tree1_candidate,2,2,true,1,511,150447219,3276000,5000,0,10000,153738219
1,0.1.0,model-level causal evidence; not a WAN measurement,decisive,0,best_tree1_candidate,3,0,false,1,511,150931218,2493983,5000,0,10000,153440201
1,0.1.0,model-level causal evidence; not a WAN measurement,decisive,0,best_tree1_candidate,3,1,false,1,511,150931218,3521583,5000,0,10000,154467801
1,0.1.0,model-level causal evidence; not a WAN measurement,decisive,0,best_tree1_candidate,3,2,true,1,511,150931218,3521583,5000,0,10000,154467801
1,0.1.0,model-level causal evidence; not a WAN measurement,decisive,0,best_tree1_candidate,4,0,false,1,511,151098404,2689997,5000,0,10000,153803401
1,0.1.0,model-level causal evidence; not a WAN measurement,decisive,0,best_tree1_candidate,4,1,false,1,511,151098404,3717597,5000,0,10000,154831001
1,0.1.0,model-level causal evidence; not a WAN measurement,decisive,0,best_tree1_candidate,4,2,true,1,511,151098404,3717597,5000,0,10000,154831001
1,0.1.0,model-level causal evidence; not a WAN measurement,decisive,0,best_tree1_candidate,5,0,false,1,511,153652008,2534793,5000,0,10000,156201801
1,0.1.0,model-level causal evidence; not a WAN measurement,decisive,0,best_tree1_candidate,5,1,false,1,511,153652008,3562393,5000,0,10000,157229401
1,0.1.0,model-level causal evidence; not a WAN measurement,decisive,0,best_tree1_candidate,5,2,true,1,511,153652008,3562393,5000,0,10000,157229401
1,0.1.0,model-level causal evidence; not a WAN measurement,decisive,0,best_tree1_candidate,6,0,false,1,511,152202416,2329998,5000,0,10000,154547414
1,0.1.0,model-level causal evidence; not a WAN measurement,decisive,0,best_tree1_candidate,6,1,false,1,511,152202416,3357598,5000,0,10000,155575014
1,0.1.0,model-level causal evidence; not a WAN measurement,decisive,0,best_tree1_candidate,6,2,true,1,511,152202416,3357598,5000,0,10000,155575014
1,0.1.0,model-level causal evidence; not a WAN measurement,decisive,0,best_tree1_candidate,7,0,false,1,511,153637602,2248400,5000,0,10000,155901002
1,0.1.0,model-level causal evidence; not a WAN measurement,decisive,0,best_tree1_candidate,7,1,false,1,511,153637602,3276000,5000,0,10000,156928602
1,0.1.0,model-level causal evidence; not a WAN measurement,decisive,0,best_tree1_candidate,7,2,true,1,511,153637602,3276000,5000,0,10000,156928602
1,0.1.0,model-level causal evidence; not a WAN measurement,decisive,0,best_tree1_candidate,8,0,false,1,511,154374403,2337998,5000,0,10000,156727401
1,0.1.0,model-level causal evidence; not a WAN measurement,decisive,0,best_tree1_candidate,8,1,false,1,511,154374403,3365598,5000,0,10000,157755001
1,0.1.0,model-level causal evidence; not a WAN measurement,decisive,0,best_tree1_candidate,8,2,true,1,511,154374403,3365598,5000,0,10000,157755001
1,0.1.0,model-level causal evidence; not a WAN measurement,decisive,0,best_tree1_candidate,9,0,false,1,511,152678402,2248400,5000,0,10000,154941802
1,0.1.0,model-level causal evidence; not a WAN measurement,decisive,0,best_tree1_candidate,9,1,false,1,511,152678402,3276000,5000,0,10000,155969402
1,0.1.0,model-level causal evidence; not a WAN measurement,decisive,0,best_tree1_candidate,9,2,true,1,511,152678402,3276000,5000,0,10000,155969402
1,0.1.0,model-level causal evidence; not a WAN measurement,decisive,0,best_tree1_candidate,10,0,false,1,511,153932804,2248400,5000,0,10000,156196204
1,0.1.0,model-level causal evidence; not a WAN measurement,decisive,0,best_tree1_candidate,10,1,false,1,511,153932804,3276000,5000,0,10000,157223804
1,0.1.0,model-level causal evidence; not a WAN measurement,decisive,0,best_tree1_candidate,10,2,true,1,511,153932804,3276000,5000,0,10000,157223804
1,0.1.0,model-level causal evidence; not a WAN measurement,decisive,0,best_tree1_candidate,11,0,false,1,511,156852002,2248400,5000,0,10000,159115402
1,0.1.0,model-level causal evidence; not a WAN measurement,decisive,0,best_tree1_candidate,11,1,false,1,511,156852002,3276000,5000,0,10000,160143002
1,0.1.0,model-level causal evidence; not a WAN measurement,decisive,0,best_tree1_candidate,11,2,true,1,511,156852002,3276000,5000,0,10000,160143002
1,0.1.0,model-level causal evidence; not a WAN measurement,decisive,0,best_tree1_candidate,12,0,false,1,511,150712004,2248400,5000,0,10000,152975404
1,0.1.0,model-level causal evidence; not a WAN measurement,decisive,0,best_tree1_candidate,12,1,false,1,511,150712004,3276000,5000,0,10000,154003004
1,0.1.0,model-level causal evidence; not a WAN measurement,decisive,0,best_tree1_candidate,12,2,true,1,511,150712004,3276000,5000,0,10000,154003004
1,0.1.0,model-level causal evidence; not a WAN measurement,decisive,0,best_tree1_candidate,13,0,false,1,511,153814403,2282798,5000,0,10000,156112201
1,0.1.0,model-level causal evidence; not a WAN measurement,decisive,0,best_tree1_candidate,13,1,false,1,511,153814403,3310398,5000,0,10000,157139801
1,0.1.0,model-level causal evidence; not a WAN measurement,decisive,0,best_tree1_candidate,13,2,true,1,511,153814403,3310398,5000,0,10000,157139801
1,0.1.0,model-level causal evidence; not a WAN measurement,decisive,0,best_tree1_candidate,14,0,false,1,511,152888003,2248400,5000,0,10000,155151403
1,0.1.0,model-level causal evidence; not a WAN measurement,decisive,0,best_tree1_candidate,14,1,false,1,511,152888003,3276000,5000,0,10000,156179003
1,0.1.0,model-level causal evidence; not a WAN measurement,decisive,0,best_tree1_candidate,14,2,true,1,511,152888003,3276000,5000,0,10000,156179003
1,0.1.0,model-level causal evidence; not a WAN measurement,decisive,0,best_tree1_candidate,15,0,false,1,511,152788802,2294802,5000,0,10000,155098604
1,0.1.0,model-level causal evidence; not a WAN measurement,decisive,0,best_tree1_candidate,15,1,false,1,511,152788802,3322402,5000,0,10000,156126204
1,0.1.0,model-level causal evidence; not a WAN measurement,decisive,0,best_tree1_candidate,15,2,true,1,511,152788802,3322402,5000,0,10000,156126204
1,0.1.0,model-level causal evidence; not a WAN measurement,decisive,0,best_tree1_candidate,16,0,false,1,511,152239204,2578797,5000,0,10000,154833001
1,0.1.0,model-level causal evidence; not a WAN measurement,decisive,0,best_tree1_candidate,16,1,false,1,511,152239204,3606397,5000,0,10000,155860601
1,0.1.0,model-level causal evidence; not a WAN measurement,decisive,0,best_tree1_candidate,16,2,true,1,511,152239204,3606397,5000,0,10000,155860601
1,0.1.0,model-level causal evidence; not a WAN measurement,decisive,0,best_tree1_candidate,17,0,false,1,511,150980003,2248400,5000,1999,10000,153245402
1,0.1.0,model-level causal evidence; not a WAN measurement,decisive,0,best_tree1_candidate,17,1,false,1,511,150980003,3276000,5000,1999,10000,154273002
1,0.1.0,model-level causal evidence; not a WAN measurement,decisive,0,best_tree1_candidate,17,2,true,1,511,150980003,3276000,5000,1999,10000,154273002
1,0.1.0,model-level causal evidence; not a WAN measurement,decisive,0,best_tree1_candidate,18,0,false,1,511,152179205,2248400,5000,0,10000,154442605
1,0.1.0,model-level causal evidence; not a WAN measurement,decisive,0,best_tree1_candidate,18,1,false,1,511,152179205,3276000,5000,0,10000,155470205
1,0.1.0,model-level causal evidence; not a WAN measurement,decisive,0,best_tree1_candidate,18,2,true,1,511,152179205,3276000,5000,0,10000,155470205
1,0.1.0,model-level causal evidence; not a WAN measurement,decisive,0,best_tree1_candidate,19,0,false,1,511,153964002,2248400,5000,0,10000,156227402
1,0.1.0,model-level causal evidence; not a WAN measurement,decisive,0,best_tree1_candidate,19,1,false,1,511,153964002,3276000,5000,0,10000,157255002
1,0.1.0,model-level causal evidence; not a WAN measurement,decisive,0,best_tree1_candidate,19,2,true,1,511,153964002,3276000,5000,0,10000,157255002
1,0.1.0,model-level causal evidence; not a WAN measurement,decisive,0,best_tree1_candidate,20,0,false,1,511,152828802,2677199,5000,0,10000,155521001
1,0.1.0,model-level causal evidence; not a WAN measurement,decisive,0,best_tree1_candidate,20,1,false,1,511,152828802,3704799,5000,0,10000,156548601
1,0.1.0,model-level causal evidence; not a WAN measurement,decisive,0,best_tree1_candidate,20,2,true,1,511,152828802,3704799,5000,0,10000,156548601
1,0.1.0,model-level causal evidence; not a WAN measurement,decisive,0,best_tree1_candidate,21,0,false,1,511,152893605,2466796,5000,0,10000,155375401
1,0.1.0,model-level causal evidence; not a WAN measurement,decisive,0,best_tree1_candidate,21,1,false,1,511,152893605,3494396,5000,0,10000,156403001
1,0.1.0,model-level causal evidence; not a WAN measurement,decisive,0,best_tree1_candidate,21,2,true,1,511,152893605,3494396,5000,0,10000,156403001
1,0.1.0,model-level causal evidence; not a WAN measurement,decisive,0,best_tree1_candidate,22,0,false,1,511,151893605,2476396,5000,0,10000,154385001
1,0.1.0,model-level causal evidence; not a WAN measurement,decisive,0,best_tree1_candidate,22,1,false,1,511,151893605,3503996,5000,0,10000,155412601
1,0.1.0,model-level causal evidence; not a WAN measurement,decisive,0,best_tree1_candidate,22,2,true,1,511,151893605,3503996,5000,0,10000,155412601
1,0.1.0,model-level causal evidence; not a WAN measurement,decisive,0,best_tree1_candidate,23,0,false,1,511,152887204,2248400,5000,0,10000,155150604
1,0.1.0,model-level causal evidence; not a WAN measurement,decisive,0,best_tree1_candidate,23,1,false,1,511,152887204,3276000,5000,0,10000,156178204
1,0.1.0,model-level causal evidence; not a WAN measurement,decisive,0,best_tree1_candidate,23,2,true,1,511,152887204,3276000,5000,0,10000,156178204
1,0.1.0,model-level causal evidence; not a WAN measurement,decisive,0,best_tree1_candidate,24,0,false,1,511,154147203,2248400,5000,0,10000,156410603
1,0.1.0,model-level causal evidence; not a WAN measurement,decisive,0,best_tree1_candidate,24,1,false,1,511,154147203,3276000,5000,0,10000,157438203
1,0.1.0,model-level causal evidence; not a WAN measurement,decisive,0,best_tree1_candidate,24,2,true,1,511,154147203,3276000,5000,0,10000,157438203
1,0.1.0,model-level causal evidence; not a WAN measurement,decisive,0,best_tree1_candidate,25,0,false,1,511,152666404,2248400,5000,0,10000,154929804
1,0.1.0,model-level causal evidence; not a WAN measurement,decisive,0,best_tree1_candidate,25,1,false,1,511,152666404,3276000,5000,0,10000,155957404
1,0.1.0,model-level causal evidence; not a WAN measurement,decisive,0,best_tree1_candidate,25,2,true,1,511,152666404,3276000,5000,0,10000,155957404
1,0.1.0,model-level causal evidence; not a WAN measurement,decisive,0,best_tree1_candidate,26,0,false,1,511,152912010,2248400,5000,0,10000,155175410
1,0.1.0,model-level causal evidence; not a WAN measurement,decisive,0,best_tree1_candidate,26,1,false,1,511,152912010,3276000,5000,0,10000,156203010
1,0.1.0,model-level causal evidence; not a WAN measurement,decisive,0,best_tree1_candidate,26,2,true,1,511,152912010,3276000,5000,0,10000,156203010
1,0.1.0,model-level causal evidence; not a WAN measurement,decisive,0,best_tree1_candidate,27,0,false,1,511,155733602,2248400,5000,0,10000,157997002
1,0.1.0,model-level causal evidence; not a WAN measurement,decisive,0,best_tree1_candidate,27,1,false,1,511,155733602,3276000,5000,0,10000,159024602
1,0.1.0,model-level causal evidence; not a WAN measurement,decisive,0,best_tree1_candidate,27,2,true,1,511,155733602,3276000,5000,0,10000,159024602
1,0.1.0,model-level causal evidence; not a WAN measurement,decisive,0,best_tree1_candidate,28,0,false,1,511,150197608,2248400,5000,0,10000,152461008
1,0.1.0,model-level causal evidence; not a WAN measurement,decisive,0,best_tree1_candidate,28,1,false,1,511,150197608,3276000,5000,0,10000,153488608
1,0.1.0,model-level causal evidence; not a WAN measurement,decisive,0,best_tree1_candidate,28,2,true,1,511,150197608,3276000,5000,0,10000,153488608
1,0.1.0,model-level causal evidence; not a WAN measurement,decisive,0,best_tree1_candidate,29,0,false,1,511,151483203,2248400,5000,0,10000,153746603
1,0.1.0,model-level causal evidence; not a WAN measurement,decisive,0,best_tree1_candidate,29,1,false,1,511,151483203,3276000,5000,0,10000,154774203
1,0.1.0,model-level causal evidence; not a WAN measurement,decisive,0,best_tree1_candidate,29,2,true,1,511,151483203,3276000,5000,0,10000,154774203
1,0.1.0,model-level causal evidence; not a WAN measurement,decisive,0,best_tree1_candidate,30,0,false,1,511,151968802,2677199,5000,0,10000,154661001
1,0.1.0,model-level causal evidence; not a WAN measurement,decisive,0,best_tree1_candidate,30,1,false,1,511,151968802,3704799,5000,0,10000,155688601
1,0.1.0,model-level causal evidence; not a WAN measurement,decisive,0,best_tree1_candidate,30,2,true,1,511,151968802,3704799,5000,0,10000,155688601
1,0.1.0,model-level causal evidence; not a WAN measurement,decisive,0,best_tree1_candidate,31,0,false,1,511,148910402,2248400,5000,0,10000,151173802
1,0.1.0,model-level causal evidence; not a WAN measurement,decisive,0,best_tree1_candidate,31,1,false,1,511,148910402,3276000,5000,0,10000,152201402
1,0.1.0,model-level causal evidence; not a WAN measurement,decisive,0,best_tree1_candidate,31,2,true,1,511,148910402,3276000,5000,0,10000,152201402
1,0.1.0,model-level causal evidence; not a WAN measurement,decisive,0,best_tree1_candidate,32,0,false,1,511,151893605,2301196,5000,0,10000,154209801
1,0.1.0,model-level causal evidence; not a WAN measurement,decisive,0,best_tree1_candidate,32,1,false,1,511,151893605,3328796,5000,0,10000,155237401
1,0.1.0,model-level causal evidence; not a WAN measurement,decisive,0,best_tree1_candidate,32,2,true,1,511,151893605,3328796,5000,0,10000,155237401
1,0.1.0,model-level causal evidence; not a WAN measurement,decisive,0,best_tree1_candidate,33,0,false,1,511,150254403,2381998,5000,0,10000,152651401
1,0.1.0,model-level causal evidence; not a WAN measurement,decisive,0,best_tree1_candidate,33,1,false,1,511,150254403,3409598,5000,0,10000,153679001
1,0.1.0,model-level causal evidence; not a WAN measurement,decisive,0,best_tree1_candidate,33,2,true,1,511,150254403,3409598,5000,0,10000,153679001
1,0.1.0,model-level causal evidence; not a WAN measurement,decisive,0,best_tree1_candidate,34,0,false,1,511,156083202,2248400,5000,0,10000,158346602
1,0.1.0,model-level causal evidence; not a WAN measurement,decisive,0,best_tree1_candidate,34,1,false,1,511,156083202,3276000,5000,0,10000,159374202
1,0.1.0,model-level causal evidence; not a WAN measurement,decisive,0,best_tree1_candidate,34,2,true,1,511,156083202,3276000,5000,0,10000,159374202
1,0.1.0,model-level causal evidence; not a WAN measurement,decisive,0,best_tree1_candidate,35,0,false,1,511,153593604,2248400,5000,0,10000,155857004
1,0.1.0,model-level causal evidence; not a WAN measurement,decisive,0,best_tree1_candidate,35,1,false,1,511,153593604,3276000,5000,0,10000,156884604
1,0.1.0,model-level causal evidence; not a WAN measurement,decisive,0,best_tree1_candidate,35,2,true,1,511,153593604,3276000,5000,0,10000,156884604
1,0.1.0,model-level causal evidence; not a WAN measurement,decisive,0,best_tree1_candidate,36,0,false,1,511,152642403,2329998,5000,0,10000,154987401
1,0.1.0,model-level causal evidence; not a WAN measurement,decisive,0,best_tree1_candidate,36,1,false,1,511,152642403,3357598,5000,0,10000,156015001
1,0.1.0,model-level causal evidence; not a WAN measurement,decisive,0,best_tree1_candidate,36,2,true,1,511,152642403,3357598,5000,0,10000,156015001
1,0.1.0,model-level causal evidence; not a WAN measurement,decisive,0,best_tree1_candidate,37,0,false,1,511,155950402,2252399,6001,5000,10000,158223802
1,0.1.0,model-level causal evidence; not a WAN measurement,decisive,0,best_tree1_candidate,37,1,false,1,511,155950402,3279999,6001,5000,10000,159251402
1,0.1.0,model-level causal evidence; not a WAN measurement,decisive,0,best_tree1_candidate,37,2,true,1,511,155950402,3279999,6001,5000,10000,159251402
1,0.1.0,model-level causal evidence; not a WAN measurement,decisive,0,best_tree1_candidate,38,0,false,1,511,151364007,2248400,5000,0,10000,153627407
1,0.1.0,model-level causal evidence; not a WAN measurement,decisive,0,best_tree1_candidate,38,1,false,1,511,151364007,3276000,5000,0,10000,154655007
1,0.1.0,model-level causal evidence; not a WAN measurement,decisive,0,best_tree1_candidate,38,2,true,1,511,151364007,3276000,5000,0,10000,154655007
1,0.1.0,model-level causal evidence; not a WAN measurement,decisive,0,best_tree1_candidate,39,0,false,1,511,154770403,2248400,5000,0,10000,157033803
1,0.1.0,model-level causal evidence; not a WAN measurement,decisive,0,best_tree1_candidate,39,1,false,1,511,154770403,3276000,5000,0,10000,158061403
1,0.1.0,model-level causal evidence; not a WAN measurement,decisive,0,best_tree1_candidate,39,2,true,1,511,154770403,3276000,5000,0,10000,158061403
1,0.1.0,model-level causal evidence; not a WAN measurement,decisive,0,best_tree1_candidate,40,0,false,1,511,154328008,2248400,5000,0,10000,156591408
1,0.1.0,model-level causal evidence; not a WAN measurement,decisive,0,best_tree1_candidate,40,1,false,1,511,154328008,3276000,5000,0,10000,157619008
1,0.1.0,model-level causal evidence; not a WAN measurement,decisive,0,best_tree1_candidate,40,2,true,1,511,154328008,3276000,5000,0,10000,157619008
1,0.1.0,model-level causal evidence; not a WAN measurement,decisive,0,best_tree1_candidate,41,0,false,1,511,153201607,2248400,5000,0,10000,155465007
1,0.1.0,model-level causal evidence; not a WAN measurement,decisive,0,best_tree1_candidate,41,1,false,1,511,153201607,3276000,5000,0,10000,156492607
1,0.1.0,model-level causal evidence; not a WAN measurement,decisive,0,best_tree1_candidate,41,2,true,1,511,153201607,3276000,5000,0,10000,156492607
1,0.1.0,model-level causal evidence; not a WAN measurement,decisive,0,best_tree1_candidate,42,0,false,1,511,152577602,2248400,5000,0,10000,154841002
1,0.1.0,model-level causal evidence; not a WAN measurement,decisive,0,best_tree1_candidate,42,1,false,1,511,152577602,3276000,5000,0,10000,155868602
1,0.1.0,model-level causal evidence; not a WAN measurement,decisive,0,best_tree1_candidate,42,2,true,1,511,152577602,3276000,5000,0,10000,155868602
1,0.1.0,model-level causal evidence; not a WAN measurement,decisive,0,best_tree1_candidate,43,0,false,1,511,155731205,2248400,5000,0,10000,157994605
1,0.1.0,model-level causal evidence; not a WAN measurement,decisive,0,best_tree1_candidate,43,1,false,1,511,155731205,3276000,5000,0,10000,159022205
1,0.1.0,model-level causal evidence; not a WAN measurement,decisive,0,best_tree1_candidate,43,2,true,1,511,155731205,3276000,5000,0,10000,159022205
1,0.1.0,model-level causal evidence; not a WAN measurement,decisive,0,best_tree1_candidate,44,0,false,1,511,151357605,2248400,5000,0,10000,153621005
1,0.1.0,model-level causal evidence; not a WAN measurement,decisive,0,best_tree1_candidate,44,1,false,1,511,151357605,3276000,5000,0,10000,154648605
1,0.1.0,model-level causal evidence; not a WAN measurement,decisive,0,best_tree1_candidate,44,2,true,1,511,151357605,3276000,5000,0,10000,154648605
1,0.1.0,model-level causal evidence; not a WAN measurement,decisive,0,best_tree1_candidate,45,0,false,1,511,150200803,2689998,5000,0,10000,152905801
1,0.1.0,model-level causal evidence; not a WAN measurement,decisive,0,best_tree1_candidate,45,1,false,1,511,150200803,3717598,5000,0,10000,153933401
1,0.1.0,model-level causal evidence; not a WAN measurement,decisive,0,best_tree1_candidate,45,2,true,1,511,150200803,3717598,5000,0,10000,153933401
1,0.1.0,model-level causal evidence; not a WAN measurement,decisive,0,best_tree1_candidate,46,0,false,1,511,154744802,2248400,5000,0,10000,157008202
1,0.1.0,model-level causal evidence; not a WAN measurement,decisive,0,best_tree1_candidate,46,1,false,1,511,154744802,3276000,5000,0,10000,158035802
1,0.1.0,model-level causal evidence; not a WAN measurement,decisive,0,best_tree1_candidate,46,2,true,1,511,154744802,3276000,5000,0,10000,158035802
1,0.1.0,model-level causal evidence; not a WAN measurement,decisive,0,best_tree1_candidate,47,0,false,1,511,155952004,2248400,5000,0,10000,158215404
1,0.1.0,model-level causal evidence; not a WAN measurement,decisive,0,best_tree1_candidate,47,1,false,1,511,155952004,3276000,5000,0,10000,159243004
1,0.1.0,model-level causal evidence; not a WAN measurement,decisive,0,best_tree1_candidate,47,2,true,1,511,155952004,3276000,5000,0,10000,159243004
1,0.1.0,model-level causal evidence; not a WAN measurement,decisive,0,best_tree1_candidate,48,0,false,1,511,152611202,2252399,6001,5000,10000,154884602
1,0.1.0,model-level causal evidence; not a WAN measurement,decisive,0,best_tree1_candidate,48,1,false,1,511,152611202,3279999,6001,5000,10000,155912202
1,0.1.0,model-level causal evidence; not a WAN measurement,decisive,0,best_tree1_candidate,48,2,true,1,511,152611202,3279999,6001,5000,10000,155912202
1,0.1.0,model-level causal evidence; not a WAN measurement,decisive,0,best_tree1_candidate,49,0,false,1,511,153303202,2248400,5000,0,10000,155566602
1,0.1.0,model-level causal evidence; not a WAN measurement,decisive,0,best_tree1_candidate,49,1,false,1,511,153303202,3276000,5000,0,10000,156594202
1,0.1.0,model-level causal evidence; not a WAN measurement,decisive,0,best_tree1_candidate,49,2,true,1,511,153303202,3276000,5000,0,10000,156594202
1,0.1.0,model-level causal evidence; not a WAN measurement,decisive,0,best_tree1_candidate,50,0,false,1,511,153864802,2248400,5000,0,10000,156128202
1,0.1.0,model-level causal evidence; not a WAN measurement,decisive,0,best_tree1_candidate,50,1,false,1,511,153864802,3276000,5000,0,10000,157155802
1,0.1.0,model-level causal evidence; not a WAN measurement,decisive,0,best_tree1_candidate,50,2,true,1,511,153864802,3276000,5000,0,10000,157155802
1,0.1.0,model-level causal evidence; not a WAN measurement,decisive,0,best_tree1_candidate,51,0,false,1,511,154624802,2248400,5000,0,10000,156888202
1,0.1.0,model-level causal evidence; not a WAN measurement,decisive,0,best_tree1_candidate,51,1,false,1,511,154624802,3276000,5000,0,10000,157915802
1,0.1.0,model-level causal evidence; not a WAN measurement,decisive,0,best_tree1_candidate,51,2,true,1,511,154624802,3276000,5000,0,10000,157915802
1,0.1.0,model-level causal evidence; not a WAN measurement,decisive,0,best_tree1_candidate,52,0,false,1,511,151100804,2248400,5000,0,10000,153364204
1,0.1.0,model-level causal evidence; not a WAN measurement,decisive,0,best_tree1_candidate,52,1,false,1,511,151100804,3276000,5000,0,10000,154391804
1,0.1.0,model-level causal evidence; not a WAN measurement,decisive,0,best_tree1_candidate,52,2,true,1,511,151100804,3276000,5000,0,10000,154391804
1,0.1.0,model-level causal evidence; not a WAN measurement,decisive,0,best_tree1_candidate,53,0,false,1,511,150672805,2248400,5000,0,10000,152936205
1,0.1.0,model-level causal evidence; not a WAN measurement,decisive,0,best_tree1_candidate,53,1,false,1,511,150672805,3276000,5000,0,10000,153963805
1,0.1.0,model-level causal evidence; not a WAN measurement,decisive,0,best_tree1_candidate,53,2,true,1,511,150672805,3276000,5000,0,10000,153963805
1,0.1.0,model-level causal evidence; not a WAN measurement,decisive,0,best_tree1_candidate,54,0,false,1,511,151183202,2248400,5000,0,10000,153446602
1,0.1.0,model-level causal evidence; not a WAN measurement,decisive,0,best_tree1_candidate,54,1,false,1,511,151183202,3276000,5000,0,10000,154474202
1,0.1.0,model-level causal evidence; not a WAN measurement,decisive,0,best_tree1_candidate,54,2,true,1,511,151183202,3276000,5000,0,10000,154474202
1,0.1.0,model-level causal evidence; not a WAN measurement,decisive,0,best_tree1_candidate,55,0,false,1,511,150651208,2248400,5000,0,10000,152914608
1,0.1.0,model-level causal evidence; not a WAN measurement,decisive,0,best_tree1_candidate,55,1,false,1,511,150651208,3276000,5000,0,10000,153942208
1,0.1.0,model-level causal evidence; not a WAN measurement,decisive,0,best_tree1_candidate,55,2,true,1,511,150651208,3276000,5000,0,10000,153942208
1,0.1.0,model-level causal evidence; not a WAN measurement,decisive,0,best_tree1_candidate,56,0,false,1,511,151780805,2248400,5000,0,10000,154044205
1,0.1.0,model-level causal evidence; not a WAN measurement,decisive,0,best_tree1_candidate,56,1,false,1,511,151780805,3276000,5000,0,10000,155071805
1,0.1.0,model-level causal evidence; not a WAN measurement,decisive,0,best_tree1_candidate,56,2,true,1,511,151780805,3276000,5000,0,10000,155071805
1,0.1.0,model-level causal evidence; not a WAN measurement,decisive,0,best_tree1_candidate,57,0,false,1,511,154161604,2364397,5000,0,10000,156541001
1,0.1.0,model-level causal evidence; not a WAN measurement,decisive,0,best_tree1_candidate,57,1,false,1,511,154161604,3391997,5000,0,10000,157568601
1,0.1.0,model-level causal evidence; not a WAN measurement,decisive,0,best_tree1_candidate,57,2,true,1,511,154161604,3391997,5000,0,10000,157568601
1,0.1.0,model-level causal evidence; not a WAN measurement,decisive,0,best_tree1_candidate,58,0,false,1,511,151995207,2248400,5000,2794,10000,154261401
1,0.1.0,model-level causal evidence; not a WAN measurement,decisive,0,best_tree1_candidate,58,1,false,1,511,151995207,3276000,5000,2794,10000,155289001
1,0.1.0,model-level causal evidence; not a WAN measurement,decisive,0,best_tree1_candidate,58,2,true,1,511,151995207,3276000,5000,2794,10000,155289001
1,0.1.0,model-level causal evidence; not a WAN measurement,decisive,0,best_tree1_candidate,59,0,false,1,511,156183202,2248400,5000,0,10000,158446602
1,0.1.0,model-level causal evidence; not a WAN measurement,decisive,0,best_tree1_candidate,59,1,false,1,511,156183202,3276000,5000,0,10000,159474202
1,0.1.0,model-level causal evidence; not a WAN measurement,decisive,0,best_tree1_candidate,59,2,true,1,511,156183202,3276000,5000,0,10000,159474202
1,0.1.0,model-level causal evidence; not a WAN measurement,decisive,0,best_tree1_candidate,60,0,false,1,511,152130406,2248400,5000,0,10000,154393806
1,0.1.0,model-level causal evidence; not a WAN measurement,decisive,0,best_tree1_candidate,60,1,false,1,511,152130406,3276000,5000,0,10000,155421406
1,0.1.0,model-level causal evidence; not a WAN measurement,decisive,0,best_tree1_candidate,60,2,true,1,511,152130406,3276000,5000,0,10000,155421406
1,0.1.0,model-level causal evidence; not a WAN measurement,decisive,0,best_tree1_candidate,61,0,false,1,511,152483204,2248400,5000,0,10000,154746604
1,0.1.0,model-level causal evidence; not a WAN measurement,decisive,0,best_tree1_candidate,61,1,false,1,511,152483204,3276000,5000,0,10000,155774204
1,0.1.0,model-level causal evidence; not a WAN measurement,decisive,0,best_tree1_candidate,61,2,true,1,511,152483204,3276000,5000,0,10000,155774204
1,0.1.0,model-level causal evidence; not a WAN measurement,decisive,0,best_tree1_candidate,62,0,false,1,511,154808002,2248400,5000,0,10000,157071402
1,0.1.0,model-level causal evidence; not a WAN measurement,decisive,0,best_tree1_candidate,62,1,false,1,511,154808002,3276000,5000,0,10000,158099002
1,0.1.0,model-level causal evidence; not a WAN measurement,decisive,0,best_tree1_candidate,62,2,true,1,511,154808002,3276000,5000,0,10000,158099002
1,0.1.0,model-level causal evidence; not a WAN measurement,decisive,0,best_tree1_candidate,63,0,false,1,511,151206415,2248400,5000,0,10000,153469815
1,0.1.0,model-level causal evidence; not a WAN measurement,decisive,0,best_tree1_candidate,63,1,false,1,511,151206415,3276000,5000,0,10000,154497415
1,0.1.0,model-level causal evidence; not a WAN measurement,decisive,0,best_tree1_candidate,63,2,true,1,511,151206415,3276000,5000,0,10000,154497415
1,0.1.0,model-level causal evidence; not a WAN measurement,decisive,0,best_tree1_candidate,64,0,false,1,511,152272004,2689997,5000,0,10000,154977001
1,0.1.0,model-level causal evidence; not a WAN measurement,decisive,0,best_tree1_candidate,64,1,false,1,511,152272004,3717597,5000,0,10000,156004601
1,0.1.0,model-level causal evidence; not a WAN measurement,decisive,0,best_tree1_candidate,64,2,true,1,511,152272004,3717597,5000,0,10000,156004601
1,0.1.0,model-level causal evidence; not a WAN measurement,decisive,0,best_tree1_candidate,65,0,false,1,511,153211204,2248400,5000,0,10000,155474604
1,0.1.0,model-level causal evidence; not a WAN measurement,decisive,0,best_tree1_candidate,65,1,false,1,511,153211204,3276000,5000,0,10000,156502204
1,0.1.0,model-level causal evidence; not a WAN measurement,decisive,0,best_tree1_candidate,65,2,true,1,511,153211204,3276000,5000,0,10000,156502204
1,0.1.0,model-level causal evidence; not a WAN measurement,decisive,0,best_tree1_candidate,66,0,false,1,511,153651202,2488399,5000,0,10000,156154601
1,0.1.0,model-level causal evidence; not a WAN measurement,decisive,0,best_tree1_candidate,66,1,false,1,511,153651202,3515999,5000,0,10000,157182201
1,0.1.0,model-level causal evidence; not a WAN measurement,decisive,0,best_tree1_candidate,66,2,true,1,511,153651202,3515999,5000,0,10000,157182201
1,0.1.0,model-level causal evidence; not a WAN measurement,decisive,0,best_tree1_candidate,67,0,false,1,511,152688002,2248400,5000,0,10000,154951402
1,0.1.0,model-level causal evidence; not a WAN measurement,decisive,0,best_tree1_candidate,67,1,false,1,511,152688002,3276000,5000,0,10000,155979002
1,0.1.0,model-level causal evidence; not a WAN measurement,decisive,0,best_tree1_candidate,67,2,true,1,511,152688002,3276000,5000,0,10000,155979002
1,0.1.0,model-level causal evidence; not a WAN measurement,decisive,0,best_tree1_candidate,68,0,false,1,511,150980002,2248400,5000,0,10000,153243402
1,0.1.0,model-level causal evidence; not a WAN measurement,decisive,0,best_tree1_candidate,68,1,false,1,511,150980002,3276000,5000,0,10000,154271002
1,0.1.0,model-level causal evidence; not a WAN measurement,decisive,0,best_tree1_candidate,68,2,true,1,511,150980002,3276000,5000,0,10000,154271002
1,0.1.0,model-level causal evidence; not a WAN measurement,decisive,0,best_tree1_candidate,69,0,false,1,511,153220012,2248400,5000,0,10000,155483412
1,0.1.0,model-level causal evidence; not a WAN measurement,decisive,0,best_tree1_candidate,69,1,false,1,511,153220012,3276000,5000,0,10000,156511012
1,0.1.0,model-level causal evidence; not a WAN measurement,decisive,0,best_tree1_candidate,69,2,true,1,511,153220012,3276000,5000,0,10000,156511012
1,0.1.0,model-level causal evidence; not a WAN measurement,decisive,0,best_tree1_candidate,70,0,false,1,511,153658402,2500399,5000,0,10000,156173801
1,0.1.0,model-level causal evidence; not a WAN measurement,decisive,0,best_tree1_candidate,70,1,false,1,511,153658402,3527999,5000,0,10000,157201401
1,0.1.0,model-level causal evidence; not a WAN measurement,decisive,0,best_tree1_candidate,70,2,true,1,511,153658402,3527999,5000,0,10000,157201401
1,0.1.0,model-level causal evidence; not a WAN measurement,decisive,0,best_tree1_candidate,71,0,false,1,511,153316806,2248400,5000,0,10000,155580206
1,0.1.0,model-level causal evidence; not a WAN measurement,decisive,0,best_tree1_candidate,71,1,false,1,511,153316806,3276000,5000,0,10000,156607806
1,0.1.0,model-level causal evidence; not a WAN measurement,decisive,0,best_tree1_candidate,71,2,true,1,511,153316806,3276000,5000,0,10000,156607806
1,0.1.0,model-level causal evidence; not a WAN measurement,decisive,0,best_tree1_candidate,72,0,false,1,511,150950405,2358796,5000,0,10000,153324201
1,0.1.0,model-level causal evidence; not a WAN measurement,decisive,0,best_tree1_candidate,72,1,false,1,511,150950405,3386396,5000,0,10000,154351801
1,0.1.0,model-level causal evidence; not a WAN measurement,decisive,0,best_tree1_candidate,72,2,true,1,511,150950405,3386396,5000,0,10000,154351801
1,0.1.0,model-level causal evidence; not a WAN measurement,decisive,0,best_tree1_candidate,73,0,false,1,511,151348802,2248400,5000,0,10000,153612202
1,0.1.0,model-level causal evidence; not a WAN measurement,decisive,0,best_tree1_candidate,73,1,false,1,511,151348802,3276000,5000,0,10000,154639802
1,0.1.0,model-level causal evidence; not a WAN measurement,decisive,0,best_tree1_candidate,73,2,true,1,511,151348802,3276000,5000,0,10000,154639802
1,0.1.0,model-level causal evidence; not a WAN measurement,decisive,0,best_tree1_candidate,74,0,false,1,511,152674405,2248400,5000,0,10000,154937805
1,0.1.0,model-level causal evidence; not a WAN measurement,decisive,0,best_tree1_candidate,74,1,false,1,511,152674405,3276000,5000,0,10000,155965405
1,0.1.0,model-level causal evidence; not a WAN measurement,decisive,0,best_tree1_candidate,74,2,true,1,511,152674405,3276000,5000,0,10000,155965405
1,0.1.0,model-level causal evidence; not a WAN measurement,decisive,0,best_tree1_candidate,75,0,false,1,511,150554405,2248400,5000,0,10000,152817805
1,0.1.0,model-level causal evidence; not a WAN measurement,decisive,0,best_tree1_candidate,75,1,false,1,511,150554405,3276000,5000,0,10000,153845405
1,0.1.0,model-level causal evidence; not a WAN measurement,decisive,0,best_tree1_candidate,75,2,true,1,511,150554405,3276000,5000,0,10000,153845405
1,0.1.0,model-level causal evidence; not a WAN measurement,decisive,0,best_tree1_candidate,76,0,false,1,511,150546404,2248400,5000,0,10000,152809804
1,0.1.0,model-level causal evidence; not a WAN measurement,decisive,0,best_tree1_candidate,76,1,false,1,511,150546404,3276000,5000,0,10000,153837404
1,0.1.0,model-level causal evidence; not a WAN measurement,decisive,0,best_tree1_candidate,76,2,true,1,511,150546404,3276000,5000,0,10000,153837404
1,0.1.0,model-level causal evidence; not a WAN measurement,decisive,0,best_tree1_candidate,77,0,false,1,511,151966405,2248400,5000,0,10000,154229805
1,0.1.0,model-level causal evidence; not a WAN measurement,decisive,0,best_tree1_candidate,77,1,false,1,511,151966405,3276000,5000,0,10000,155257405
1,0.1.0,model-level causal evidence; not a WAN measurement,decisive,0,best_tree1_candidate,77,2,true,1,511,151966405,3276000,5000,0,10000,155257405
1,0.1.0,model-level causal evidence; not a WAN measurement,decisive,0,best_tree1_candidate,78,0,false,1,511,155857606,2248400,5000,0,10000,158121006
1,0.1.0,model-level causal evidence; not a WAN measurement,decisive,0,best_tree1_candidate,78,1,false,1,511,155857606,3276000,5000,0,10000,159148606
1,0.1.0,model-level causal evidence; not a WAN measurement,decisive,0,best_tree1_candidate,78,2,true,1,511,155857606,3276000,5000,0,10000,159148606
1,0.1.0,model-level causal evidence; not a WAN measurement,decisive,0,best_tree1_candidate,79,0,false,1,511,153191209,2248400,5000,0,10000,155454609
1,0.1.0,model-level causal evidence; not a WAN measurement,decisive,0,best_tree1_candidate,79,1,false,1,511,153191209,3276000,5000,0,10000,156482209
1,0.1.0,model-level causal evidence; not a WAN measurement,decisive,0,best_tree1_candidate,79,2,true,1,511,153191209,3276000,5000,0,10000,156482209
1,0.1.0,model-level causal evidence; not a WAN measurement,decisive,0,best_tree1_candidate,80,0,false,1,511,151181609,2248400,5000,0,10000,153445009
1,0.1.0,model-level causal evidence; not a WAN measurement,decisive,0,best_tree1_candidate,80,1,false,1,511,151181609,3276000,5000,0,10000,154472609
1,0.1.0,model-level causal evidence; not a WAN measurement,decisive,0,best_tree1_candidate,80,2,true,1,511,151181609,3276000,5000,0,10000,154472609
1,0.1.0,model-level causal evidence; not a WAN measurement,decisive,0,best_tree1_candidate,81,0,false,1,511,152692810,2248400,5000,0,10000,154956210
1,0.1.0,model-level causal evidence; not a WAN measurement,decisive,0,best_tree1_candidate,81,1,false,1,511,152692810,3276000,5000,0,10000,155983810
1,0.1.0,model-level causal evidence; not a WAN measurement,decisive,0,best_tree1_candidate,81,2,true,1,511,152692810,3276000,5000,0,10000,155983810
1,0.1.0,model-level causal evidence; not a WAN measurement,decisive,0,best_tree1_candidate,82,0,false,1,511,151303202,2248400,5000,0,10000,153566602
1,0.1.0,model-level causal evidence; not a WAN measurement,decisive,0,best_tree1_candidate,82,1,false,1,511,151303202,3276000,5000,0,10000,154594202
1,0.1.0,model-level causal evidence; not a WAN measurement,decisive,0,best_tree1_candidate,82,2,true,1,511,151303202,3276000,5000,0,10000,154594202
1,0.1.0,model-level causal evidence; not a WAN measurement,decisive,0,best_tree1_candidate,83,0,false,1,511,150018413,2248400,5000,0,10000,152281813
1,0.1.0,model-level causal evidence; not a WAN measurement,decisive,0,best_tree1_candidate,83,1,false,1,511,150018413,3276000,5000,0,10000,153309413
1,0.1.0,model-level causal evidence; not a WAN measurement,decisive,0,best_tree1_candidate,83,2,true,1,511,150018413,3276000,5000,0,10000,153309413
1,0.1.0,model-level causal evidence; not a WAN measurement,decisive,0,best_tree1_candidate,84,0,false,1,511,152448813,2248400,5000,0,10000,154712213
1,0.1.0,model-level causal evidence; not a WAN measurement,decisive,0,best_tree1_candidate,84,1,false,1,511,152448813,3276000,5000,0,10000,155739813
1,0.1.0,model-level causal evidence; not a WAN measurement,decisive,0,best_tree1_candidate,84,2,true,1,511,152448813,3276000,5000,0,10000,155739813
1,0.1.0,model-level causal evidence; not a WAN measurement,decisive,0,best_tree1_candidate,85,0,false,1,511,152116002,2689999,5000,0,10000,154821001
1,0.1.0,model-level causal evidence; not a WAN measurement,decisive,0,best_tree1_candidate,85,1,false,1,511,152116002,3717599,5000,0,10000,155848601
1,0.1.0,model-level causal evidence; not a WAN measurement,decisive,0,best_tree1_candidate,85,2,true,1,511,152116002,3717599,5000,0,10000,155848601
1,0.1.0,model-level causal evidence; not a WAN measurement,decisive,0,best_tree1_candidate,86,0,false,1,511,152250402,2393999,5000,0,10000,154659401
1,0.1.0,model-level causal evidence; not a WAN measurement,decisive,0,best_tree1_candidate,86,1,false,1,511,152250402,3421599,5000,0,10000,155687001
1,0.1.0,model-level causal evidence; not a WAN measurement,decisive,0,best_tree1_candidate,86,2,true,1,511,152250402,3421599,5000,0,10000,155687001
1,0.1.0,model-level causal evidence; not a WAN measurement,decisive,0,best_tree1_candidate,87,0,false,1,511,152017602,2248400,5000,0,10000,154281002
1,0.1.0,model-level causal evidence; not a WAN measurement,decisive,0,best_tree1_candidate,87,1,false,1,511,152017602,3276000,5000,0,10000,155308602
1,0.1.0,model-level causal evidence; not a WAN measurement,decisive,0,best_tree1_candidate,87,2,true,1,511,152017602,3276000,5000,0,10000,155308602
1,0.1.0,model-level causal evidence; not a WAN measurement,decisive,0,best_tree1_candidate,88,0,false,1,511,153238402,2248400,5000,0,10000,155501802
1,0.1.0,model-level causal evidence; not a WAN measurement,decisive,0,best_tree1_candidate,88,1,false,1,511,153238402,3276000,5000,0,10000,156529402
1,0.1.0,model-level causal evidence; not a WAN measurement,decisive,0,best_tree1_candidate,88,2,true,1,511,153238402,3276000,5000,0,10000,156529402
1,0.1.0,model-level causal evidence; not a WAN measurement,decisive,0,best_tree1_candidate,89,0,false,1,511,154251202,2248400,5000,0,10000,156514602
1,0.1.0,model-level causal evidence; not a WAN measurement,decisive,0,best_tree1_candidate,89,1,false,1,511,154251202,3276000,5000,0,10000,157542202
1,0.1.0,model-level causal evidence; not a WAN measurement,decisive,0,best_tree1_candidate,89,2,true,1,511,154251202,3276000,5000,0,10000,157542202
1,0.1.0,model-level causal evidence; not a WAN measurement,decisive,0,best_tree1_candidate,90,0,false,1,511,151593604,2537997,5000,0,10000,154146601
1,0.1.0,model-level causal evidence; not a WAN measurement,decisive,0,best_tree1_candidate,90,1,false,1,511,151593604,3565597,5000,0,10000,155174201
1,0.1.0,model-level causal evidence; not a WAN measurement,decisive,0,best_tree1_candidate,90,2,true,1,511,151593604,3565597,5000,0,10000,155174201
1,0.1.0,model-level causal evidence; not a WAN measurement,decisive,0,best_tree1_candidate,91,0,false,1,511,151700006,2248400,5000,0,10000,153963406
1,0.1.0,model-level causal evidence; not a WAN measurement,decisive,0,best_tree1_candidate,91,1,false,1,511,151700006,3276000,5000,0,10000,154991006
1,0.1.0,model-level causal evidence; not a WAN measurement,decisive,0,best_tree1_candidate,91,2,true,1,511,151700006,3276000,5000,0,10000,154991006
1,0.1.0,model-level causal evidence; not a WAN measurement,decisive,0,best_tree1_candidate,92,0,false,1,511,153059205,2248400,5000,0,10000,155322605
1,0.1.0,model-level causal evidence; not a WAN measurement,decisive,0,best_tree1_candidate,92,1,false,1,511,153059205,3276000,5000,0,10000,156350205
1,0.1.0,model-level causal evidence; not a WAN measurement,decisive,0,best_tree1_candidate,92,2,true,1,511,153059205,3276000,5000,0,10000,156350205
1,0.1.0,model-level causal evidence; not a WAN measurement,decisive,0,best_tree1_candidate,93,0,false,1,511,153101602,2248400,5000,0,10000,155365002
1,0.1.0,model-level causal evidence; not a WAN measurement,decisive,0,best_tree1_candidate,93,1,false,1,511,153101602,3276000,5000,0,10000,156392602
1,0.1.0,model-level causal evidence; not a WAN measurement,decisive,0,best_tree1_candidate,93,2,true,1,511,153101602,3276000,5000,0,10000,156392602
1,0.1.0,model-level causal evidence; not a WAN measurement,decisive,0,best_tree1_candidate,94,0,false,1,511,153133602,2248400,5000,0,10000,155397002
1,0.1.0,model-level causal evidence; not a WAN measurement,decisive,0,best_tree1_candidate,94,1,false,1,511,153133602,3276000,5000,0,10000,156424602
1,0.1.0,model-level causal evidence; not a WAN measurement,decisive,0,best_tree1_candidate,94,2,true,1,511,153133602,3276000,5000,0,10000,156424602
1,0.1.0,model-level causal evidence; not a WAN measurement,decisive,0,best_tree1_candidate,95,0,false,1,511,151919202,2248400,5000,0,10000,154182602
1,0.1.0,model-level causal evidence; not a WAN measurement,decisive,0,best_tree1_candidate,95,1,false,1,511,151919202,3276000,5000,0,10000,155210202
1,0.1.0,model-level causal evidence; not a WAN measurement,decisive,0,best_tree1_candidate,95,2,true,1,511,151919202,3276000,5000,0,10000,155210202
1,0.1.0,model-level causal evidence; not a WAN measurement,decisive,0,best_tree1_candidate,96,0,false,1,511,151530402,2516399,5000,400,10000,154062201
1,0.1.0,model-level causal evidence; not a WAN measurement,decisive,0,best_tree1_candidate,96,1,false,1,511,151530402,3543999,5000,400,10000,155089801
1,0.1.0,model-level causal evidence; not a WAN measurement,decisive,0,best_tree1_candidate,96,2,true,1,511,151530402,3543999,5000,400,10000,155089801
1,0.1.0,model-level causal evidence; not a WAN measurement,decisive,0,best_tree1_candidate,97,0,false,1,511,152255205,2248400,5000,0,10000,154518605
1,0.1.0,model-level causal evidence; not a WAN measurement,decisive,0,best_tree1_candidate,97,1,false,1,511,152255205,3276000,5000,0,10000,155546205
1,0.1.0,model-level causal evidence; not a WAN measurement,decisive,0,best_tree1_candidate,97,2,true,1,511,152255205,3276000,5000,0,10000,155546205
1,0.1.0,model-level causal evidence; not a WAN measurement,decisive,0,best_tree1_candidate,98,0,false,1,511,154540003,2248400,5000,0,10000,156803403
1,0.1.0,model-level causal evidence; not a WAN measurement,decisive,0,best_tree1_candidate,98,1,false,1,511,154540003,3276000,5000,0,10000,157831003
1,0.1.0,model-level causal evidence; not a WAN measurement,decisive,0,best_tree1_candidate,98,2,true,1,511,154540003,3276000,5000,0,10000,157831003
1,0.1.0,model-level causal evidence; not a WAN measurement,decisive,0,best_tree1_candidate,99,0,false,1,511,150153604,2248400,5000,0,10000,152417004
1,0.1.0,model-level causal evidence; not a WAN measurement,decisive,0,best_tree1_candidate,99,1,false,1,511,150153604,3276000,5000,0,10000,153444604
1,0.1.0,model-level causal evidence; not a WAN measurement,decisive,0,best_tree1_candidate,99,2,true,1,511,150153604,3276000,5000,0,10000,153444604
1,0.1.0,model-level causal evidence; not a WAN measurement,decisive,0,best_tree1_candidate,100,0,false,1,511,153798402,2428399,5000,0,10000,156241801
1,0.1.0,model-level causal evidence; not a WAN measurement,decisive,0,best_tree1_candidate,100,1,false,1,511,153798402,3455999,5000,0,10000,157269401
1,0.1.0,model-level causal evidence; not a WAN measurement,decisive,0,best_tree1_candidate,100,2,true,1,511,153798402,3455999,5000,0,10000,157269401
1,0.1.0,model-level causal evidence; not a WAN measurement,decisive,0,best_tree1_candidate,101,0,false,1,511,153822404,2248400,5000,0,10000,156085804
1,0.1.0,model-level causal evidence; not a WAN measurement,decisive,0,best_tree1_candidate,101,1,false,1,511,153822404,3276000,5000,0,10000,157113404
1,0.1.0,model-level causal evidence; not a WAN measurement,decisive,0,best_tree1_candidate,101,2,true,1,511,153822404,3276000,5000,0,10000,157113404
1,0.1.0,model-level causal evidence; not a WAN measurement,decisive,0,best_tree1_candidate,102,0,false,1,511,154191202,2453199,5000,0,10000,156659401
1,0.1.0,model-level causal evidence; not a WAN measurement,decisive,0,best_tree1_candidate,102,1,false,1,511,154191202,3480799,5000,0,10000,157687001
1,0.1.0,model-level causal evidence; not a WAN measurement,decisive,0,best_tree1_candidate,102,2,true,1,511,154191202,3480799,5000,0,10000,157687001
1,0.1.0,model-level causal evidence; not a WAN measurement,decisive,0,best_tree1_candidate,103,0,false,1,511,153007204,2248400,5000,0,10000,155270604
1,0.1.0,model-level causal evidence; not a WAN measurement,decisive,0,best_tree1_candidate,103,1,false,1,511,153007204,3276000,5000,0,10000,156298204
1,0.1.0,model-level causal evidence; not a WAN measurement,decisive,0,best_tree1_candidate,103,2,true,1,511,153007204,3276000,5000,0,10000,156298204
1,0.1.0,model-level causal evidence; not a WAN measurement,decisive,0,best_tree1_candidate,104,0,false,1,511,155436004,2248400,5000,0,10000,157699404
1,0.1.0,model-level causal evidence; not a WAN measurement,decisive,0,best_tree1_candidate,104,1,false,1,511,155436004,3276000,5000,0,10000,158727004
1,0.1.0,model-level causal evidence; not a WAN measurement,decisive,0,best_tree1_candidate,104,2,true,1,511,155436004,3276000,5000,0,10000,158727004
1,0.1.0,model-level causal evidence; not a WAN measurement,decisive,0,best_tree1_candidate,105,0,false,1,511,150377603,2248401,5000,0,10000,152641004
1,0.1.0,model-level causal evidence; not a WAN measurement,decisive,0,best_tree1_candidate,105,1,false,1,511,150377603,3276001,5000,0,10000,153668604
1,0.1.0,model-level causal evidence; not a WAN measurement,decisive,0,best_tree1_candidate,105,2,true,1,511,150377603,3276001,5000,0,10000,153668604
1,0.1.0,model-level causal evidence; not a WAN measurement,decisive,0,best_tree1_candidate,106,0,false,1,511,153072802,2248400,5000,0,10000,155336202
1,0.1.0,model-level causal evidence; not a WAN measurement,decisive,0,best_tree1_candidate,106,1,false,1,511,153072802,3276000,5000,0,10000,156363802
1,0.1.0,model-level causal evidence; not a WAN measurement,decisive,0,best_tree1_candidate,106,2,true,1,511,153072802,3276000,5000,0,10000,156363802
1,0.1.0,model-level causal evidence; not a WAN measurement,decisive,0,best_tree1_candidate,107,0,false,1,511,150645610,2248400,5000,0,10000,152909010
1,0.1.0,model-level causal evidence; not a WAN measurement,decisive,0,best_tree1_candidate,107,1,false,1,511,150645610,3276000,5000,0,10000,153936610
1,0.1.0,model-level causal evidence; not a WAN measurement,decisive,0,best_tree1_candidate,107,2,true,1,511,150645610,3276000,5000,0,10000,153936610
1,0.1.0,model-level causal evidence; not a WAN measurement,decisive,0,best_tree1_candidate,108,0,false,1,511,154072003,2689999,5000,0,10000,156777002
1,0.1.0,model-level causal evidence; not a WAN measurement,decisive,0,best_tree1_candidate,108,1,false,1,511,154072003,3717599,5000,0,10000,157804602
1,0.1.0,model-level causal evidence; not a WAN measurement,decisive,0,best_tree1_candidate,108,2,true,1,511,154072003,3717599,5000,0,10000,157804602
1,0.1.0,model-level causal evidence; not a WAN measurement,decisive,0,best_tree1_candidate,109,0,false,1,511,154258402,2441199,5000,0,10000,156714601
1,0.1.0,model-level causal evidence; not a WAN measurement,decisive,0,best_tree1_candidate,109,1,false,1,511,154258402,3468799,5000,0,10000,157742201
1,0.1.0,model-level causal evidence; not a WAN measurement,decisive,0,best_tree1_candidate,109,2,true,1,511,154258402,3468799,5000,0,10000,157742201
1,0.1.0,model-level causal evidence; not a WAN measurement,decisive,0,best_tree1_candidate,110,0,false,1,511,154133605,2248400,5000,0,10000,156397005
1,0.1.0,model-level causal evidence; not a WAN measurement,decisive,0,best_tree1_candidate,110,1,false,1,511,154133605,3276000,5000,0,10000,157424605
1,0.1.0,model-level causal evidence; not a WAN measurement,decisive,0,best_tree1_candidate,110,2,true,1,511,154133605,3276000,5000,0,10000,157424605
1,0.1.0,model-level causal evidence; not a WAN measurement,decisive,0,best_tree1_candidate,111,0,false,1,511,153962402,2306799,5000,0,10000,156284201
1,0.1.0,model-level causal evidence; not a WAN measurement,decisive,0,best_tree1_candidate,111,1,false,1,511,153962402,3334399,5000,0,10000,157311801
1,0.1.0,model-level causal evidence; not a WAN measurement,decisive,0,best_tree1_candidate,111,2,true,1,511,153962402,3334399,5000,0,10000,157311801
1,0.1.0,model-level causal evidence; not a WAN measurement,decisive,0,best_tree1_candidate,112,0,false,1,511,153468802,2248400,5000,0,10000,155732202
1,0.1.0,model-level causal evidence; not a WAN measurement,decisive,0,best_tree1_candidate,112,1,false,1,511,153468802,3276000,5000,0,10000,156759802
1,0.1.0,model-level causal evidence; not a WAN measurement,decisive,0,best_tree1_candidate,112,2,true,1,511,153468802,3276000,5000,0,10000,156759802
1,0.1.0,model-level causal evidence; not a WAN measurement,decisive,0,best_tree1_candidate,113,0,false,1,511,154356803,2248400,5000,0,10000,156620203
1,0.1.0,model-level causal evidence; not a WAN measurement,decisive,0,best_tree1_candidate,113,1,false,1,511,154356803,3276000,5000,0,10000,157647803
1,0.1.0,model-level causal evidence; not a WAN measurement,decisive,0,best_tree1_candidate,113,2,true,1,511,154356803,3276000,5000,0,10000,157647803
1,0.1.0,model-level causal evidence; not a WAN measurement,decisive,0,best_tree1_candidate,114,0,false,1,511,150051204,2364397,5000,0,10000,152430601
1,0.1.0,model-level causal evidence; not a WAN measurement,decisive,0,best_tree1_candidate,114,1,false,1,511,150051204,3391997,5000,0,10000,153458201
1,0.1.0,model-level causal evidence; not a WAN measurement,decisive,0,best_tree1_candidate,114,2,true,1,511,150051204,3391997,5000,0,10000,153458201
1,0.1.0,model-level causal evidence; not a WAN measurement,decisive,0,best_tree1_candidate,115,0,false,1,511,153238402,2689999,5000,0,10000,155943401
1,0.1.0,model-level causal evidence; not a WAN measurement,decisive,0,best_tree1_candidate,115,1,false,1,511,153238402,3717599,5000,0,10000,156971001
1,0.1.0,model-level causal evidence; not a WAN measurement,decisive,0,best_tree1_candidate,115,2,true,1,511,153238402,3717599,5000,0,10000,156971001
1,0.1.0,model-level causal evidence; not a WAN measurement,decisive,0,best_tree1_candidate,116,0,false,1,511,152072802,2248400,5000,0,10000,154336202
1,0.1.0,model-level causal evidence; not a WAN measurement,decisive,0,best_tree1_candidate,116,1,false,1,511,152072802,3276000,5000,0,10000,155363802
1,0.1.0,model-level causal evidence; not a WAN measurement,decisive,0,best_tree1_candidate,116,2,true,1,511,152072802,3276000,5000,0,10000,155363802
1,0.1.0,model-level causal evidence; not a WAN measurement,decisive,0,best_tree1_candidate,117,0,false,1,511,151144003,2248400,5000,0,10000,153407403
1,0.1.0,model-level causal evidence; not a WAN measurement,decisive,0,best_tree1_candidate,117,1,false,1,511,151144003,3276000,5000,0,10000,154435003
1,0.1.0,model-level causal evidence; not a WAN measurement,decisive,0,best_tree1_candidate,117,2,true,1,511,151144003,3276000,5000,0,10000,154435003
1,0.1.0,model-level causal evidence; not a WAN measurement,decisive,0,best_tree1_candidate,118,0,false,1,511,150824003,2248400,5000,0,10000,153087403
1,0.1.0,model-level causal evidence; not a WAN measurement,decisive,0,best_tree1_candidate,118,1,false,1,511,150824003,3276000,5000,0,10000,154115003
1,0.1.0,model-level causal evidence; not a WAN measurement,decisive,0,best_tree1_candidate,118,2,true,1,511,150824003,3276000,5000,0,10000,154115003
1,0.1.0,model-level causal evidence; not a WAN measurement,decisive,0,best_tree1_candidate,119,0,false,1,511,152587202,2248400,5000,0,10000,154850602
1,0.1.0,model-level causal evidence; not a WAN measurement,decisive,0,best_tree1_candidate,119,1,false,1,511,152587202,3276000,5000,0,10000,155878202
1,0.1.0,model-level causal evidence; not a WAN measurement,decisive,0,best_tree1_candidate,119,2,true,1,511,152587202,3276000,5000,0,10000,155878202
1,0.1.0,model-level causal evidence; not a WAN measurement,decisive,0,best_tree1_candidate,120,0,false,1,511,153964002,2248400,5000,0,10000,156227402
1,0.1.0,model-level causal evidence; not a WAN measurement,decisive,0,best_tree1_candidate,120,1,false,1,511,153964002,3276000,5000,0,10000,157255002
1,0.1.0,model-level causal evidence; not a WAN measurement,decisive,0,best_tree1_candidate,120,2,true,1,511,153964002,3276000,5000,0,10000,157255002
1,0.1.0,model-level causal evidence; not a WAN measurement,decisive,0,best_tree1_candidate,121,0,false,1,511,153656804,2484397,5000,0,10000,156156201
1,0.1.0,model-level causal evidence; not a WAN measurement,decisive,0,best_tree1_candidate,121,1,false,1,511,153656804,3511997,5000,0,10000,157183801
1,0.1.0,model-level causal evidence; not a WAN measurement,decisive,0,best_tree1_candidate,121,2,true,1,511,153656804,3511997,5000,0,10000,157183801
1,0.1.0,model-level causal evidence; not a WAN measurement,decisive,0,best_tree1_candidate,122,0,false,1,511,151853602,2248400,5000,0,10000,154117002
1,0.1.0,model-level causal evidence; not a WAN measurement,decisive,0,best_tree1_candidate,122,1,false,1,511,151853602,3276000,5000,0,10000,155144602
1,0.1.0,model-level causal evidence; not a WAN measurement,decisive,0,best_tree1_candidate,122,2,true,1,511,151853602,3276000,5000,0,10000,155144602
1,0.1.0,model-level causal evidence; not a WAN measurement,decisive,0,best_tree1_candidate,123,0,false,1,511,148659202,2535599,5000,0,10000,151209801
1,0.1.0,model-level causal evidence; not a WAN measurement,decisive,0,best_tree1_candidate,123,1,false,1,511,148659202,3563199,5000,0,10000,152237401
1,0.1.0,model-level causal evidence; not a WAN measurement,decisive,0,best_tree1_candidate,123,2,true,1,511,148659202,3563199,5000,0,10000,152237401
1,0.1.0,model-level causal evidence; not a WAN measurement,decisive,0,best_tree1_candidate,124,0,false,1,511,151683202,2677199,5000,0,10000,154375401
1,0.1.0,model-level causal evidence; not a WAN measurement,decisive,0,best_tree1_candidate,124,1,false,1,511,151683202,3704799,5000,0,10000,155403001
1,0.1.0,model-level causal evidence; not a WAN measurement,decisive,0,best_tree1_candidate,124,2,true,1,511,151683202,3704799,5000,0,10000,155403001
1,0.1.0,model-level causal evidence; not a WAN measurement,decisive,0,best_tree1_candidate,125,0,false,1,511,152144003,2248400,5000,0,10000,154407403
1,0.1.0,model-level causal evidence; not a WAN measurement,decisive,0,best_tree1_candidate,125,1,false,1,511,152144003,3276000,5000,0,10000,155435003
1,0.1.0,model-level causal evidence; not a WAN measurement,decisive,0,best_tree1_candidate,125,2,true,1,511,152144003,3276000,5000,0,10000,155435003
1,0.1.0,model-level causal evidence; not a WAN measurement,decisive,0,best_tree1_candidate,126,0,false,1,511,152271204,2248400,5000,0,10000,154534604
1,0.1.0,model-level causal evidence; not a WAN measurement,decisive,0,best_tree1_candidate,126,1,false,1,511,152271204,3276000,5000,0,10000,155562204
1,0.1.0,model-level causal evidence; not a WAN measurement,decisive,0,best_tree1_candidate,126,2,true,1,511,152271204,3276000,5000,0,10000,155562204
1,0.1.0,model-level causal evidence; not a WAN measurement,decisive,0,best_tree1_candidate,127,0,false,1,511,151980003,2248400,9998,5000,10000,154253401
1,0.1.0,model-level causal evidence; not a WAN measurement,decisive,0,best_tree1_candidate,127,1,false,1,511,151980003,3276000,9998,5000,10000,155281001
1,0.1.0,model-level causal evidence; not a WAN measurement,decisive,0,best_tree1_candidate,127,2,true,1,511,151980003,3276000,9998,5000,10000,155281001
1,0.1.0,model-level causal evidence; not a WAN measurement,screening,25,carousel,0,0,false,0,257,77021602,2279999,5000,0,10000,79316601
1,0.1.0,model-level causal evidence; not a WAN measurement,screening,25,carousel,0,1,false,0,257,77021602,3307599,5000,0,10000,80344201
1,0.1.0,model-level causal evidence; not a WAN measurement,screening,25,carousel,0,2,true,0,257,77021602,3307599,5000,0,10000,80344201
1,0.1.0,model-level causal evidence; not a WAN measurement,screening,25,carousel,1,0,false,1,257,76786802,2250399,5000,0,10000,79052201
1,0.1.0,model-level causal evidence; not a WAN measurement,screening,25,carousel,1,1,false,1,257,76786802,3277999,5000,0,10000,80079801
1,0.1.0,model-level causal evidence; not a WAN measurement,screening,25,carousel,1,2,true,1,257,76786802,3277999,5000,0,10000,80079801
1,0.1.0,model-level causal evidence; not a WAN measurement,screening,25,carousel,2,0,false,1,259,76936003,2220800,5000,0,10000,79171803
1,0.1.0,model-level causal evidence; not a WAN measurement,screening,25,carousel,2,1,false,1,259,76936003,3248400,5000,0,10000,80199403
1,0.1.0,model-level causal evidence; not a WAN measurement,screening,25,carousel,2,2,true,1,259,76936003,3248400,5000,0,10000,80199403
1,0.1.0,model-level causal evidence; not a WAN measurement,screening,25,carousel,3,0,false,1,257,77218404,2220800,5000,0,10000,79454204
1,0.1.0,model-level causal evidence; not a WAN measurement,screening,25,carousel,3,1,false,1,257,77218404,3248400,5000,0,10000,80481804
1,0.1.0,model-level causal evidence; not a WAN measurement,screening,25,carousel,3,2,true,1,257,77218404,3248400,5000,0,10000,80481804
1,0.1.0,model-level causal evidence; not a WAN measurement,screening,25,carousel,4,0,false,1,257,76240402,2275999,5000,0,10000,78531401
1,0.1.0,model-level causal evidence; not a WAN measurement,screening,25,carousel,4,1,false,1,257,76240402,3303599,5000,0,10000,79559001
1,0.1.0,model-level causal evidence; not a WAN measurement,screening,25,carousel,4,2,true,1,257,76240402,3303599,5000,0,10000,79559001
1,0.1.0,model-level causal evidence; not a WAN measurement,screening,25,carousel,5,0,false,1,257,76154004,2220800,5000,0,10000,78389804
1,0.1.0,model-level causal evidence; not a WAN measurement,screening,25,carousel,5,1,false,1,257,76154004,3248400,5000,0,10000,79417404
1,0.1.0,model-level causal evidence; not a WAN measurement,screening,25,carousel,5,2,true,1,257,76154004,3248400,5000,0,10000,79417404
1,0.1.0,model-level causal evidence; not a WAN measurement,screening,25,carousel,6,0,false,1,257,77290002,2492399,5000,0,10000,79797401
1,0.1.0,model-level causal evidence; not a WAN measurement,screening,25,carousel,6,1,false,1,257,77290002,3519999,5000,0,10000,80825001
1,0.1.0,model-level causal evidence; not a WAN measurement,screening,25,carousel,6,2,true,1,257,77290002,3519999,5000,0,10000,80825001
1,0.1.0,model-level causal evidence; not a WAN measurement,screening,25,carousel,7,0,false,1,257,76360803,2224799,5000,0,10000,78600602
1,0.1.0,model-level causal evidence; not a WAN measurement,screening,25,carousel,7,1,false,1,257,76360803,3252399,5000,0,10000,79628202
1,0.1.0,model-level causal evidence; not a WAN measurement,screening,25,carousel,7,2,true,1,257,76360803,3252399,5000,0,10000,79628202
1,0.1.0,model-level causal evidence; not a WAN measurement,screening,25,carousel,8,0,false,1,257,77349202,2658400,5000,0,10000,80022602
1,0.1.0,model-level causal evidence; not a WAN measurement,screening,25,carousel,8,1,false,1,257,77349202,3686000,5000,0,10000,81050202
1,0.1.0,model-level causal evidence; not a WAN measurement,screening,25,carousel,8,2,true,1,257,77349202,3686000,5000,0,10000,81050202
1,0.1.0,model-level causal evidence; not a WAN measurement,screening,25,carousel,9,0,false,1,257,77551602,2236800,5000,0,10000,79803402
1,0.1.0,model-level causal evidence; not a WAN measurement,screening,25,carousel,9,1,false,1,257,77551602,3264400,5000,0,10000,80831002
1,0.1.0,model-level causal evidence; not a WAN measurement,screening,25,carousel,9,2,true,1,257,77551602,3264400,5000,0,10000,80831002
1,0.1.0,model-level causal evidence; not a WAN measurement,screening,25,carousel,10,0,false,0,255,77528007,2220800,5000,0,10000,79763807
1,0.1.0,model-level causal evidence; not a WAN measurement,screening,25,carousel,10,1,false,0,255,77528007,3248400,5000,0,10000,80791407
1,0.1.0,model-level causal evidence; not a WAN measurement,screening,25,carousel,10,2,true,0,255,77528007,3248400,5000,0,10000,80791407
1,0.1.0,model-level causal evidence; not a WAN measurement,screening,25,carousel,11,0,false,0,257,75769204,2220800,5000,0,10000,78005004
1,0.1.0,model-level causal evidence; not a WAN measurement,screening,25,carousel,11,1,false,0,257,75769204,3248400,5000,0,10000,79032604
1,0.1.0,model-level causal evidence; not a WAN measurement,screening,25,carousel,11,2,true,0,257,75769204,3248400,5000,0,10000,79032604
1,0.1.0,model-level causal evidence; not a WAN measurement,screening,25,carousel,12,0,false,1,257,77088404,2220800,5000,0,10000,79324204
1,0.1.0,model-level causal evidence; not a WAN measurement,screening,25,carousel,12,1,false,1,257,77088404,3248400,5000,0,10000,80351804
1,0.1.0,model-level causal evidence; not a WAN measurement,screening,25,carousel,12,2,true,1,257,77088404,3248400,5000,0,10000,80351804
1,0.1.0,model-level causal evidence; not a WAN measurement,screening,25,carousel,13,0,false,1,257,77333203,2220800,5000,0,10000,79569003
1,0.1.0,model-level causal evidence; not a WAN measurement,screening,25,carousel,13,1,false,1,257,77333203,3248400,5000,0,10000,80596603
1,0.1.0,model-level causal evidence; not a WAN measurement,screening,25,carousel,13,2,true,1,257,77333203,3248400,5000,0,10000,80596603
1,0.1.0,model-level causal evidence; not a WAN measurement,screening,25,carousel,14,0,false,0,257,76870006,2241601,5000,0,10000,79126607
1,0.1.0,model-level causal evidence; not a WAN measurement,screening,25,carousel,14,1,false,0,257,76870006,3269201,5000,0,10000,80154207
1,0.1.0,model-level causal evidence; not a WAN measurement,screening,25,carousel,14,2,true,0,257,76870006,3269201,5000,0,10000,80154207
1,0.1.0,model-level causal evidence; not a WAN measurement,screening,25,carousel,15,0,false,0,257,77686402,2460000,5000,0,10000,80161402
1,0.1.0,model-level causal evidence; not a WAN measurement,screening,25,carousel,15,1,false,0,257,77686402,3487600,5000,0,10000,81189002
1,0.1.0,model-level causal evidence; not a WAN measurement,screening,25,carousel,15,2,true,0,257,77686402,3487600,5000,0,10000,81189002
1,0.1.0,model-level causal evidence; not a WAN measurement,screening,25,carousel,16,0,false,0,257,76814804,2496799,5000,0,10000,79326603
1,0.1.0,model-level causal evidence; not a WAN measurement,screening,25,carousel,16,1,false,0,257,76814804,3524399,5000,0,10000,80354203
1,0.1.0,model-level causal evidence; not a WAN measurement,screening,25,carousel,16,2,true,0,257,76814804,3524399,5000,0,10000,80354203
1,0.1.0,model-level causal evidence; not a WAN measurement,screening,25,carousel,17,0,false,0,257,75211207,2220800,5000,0,10000,77447007
1,0.1.0,model-level causal evidence; not a WAN measurement,screening,25,carousel,17,1,false,0,257,75211207,3248400,5000,0,10000,78474607
1,0.1.0,model-level causal evidence; not a WAN measurement,screening,25,carousel,17,2,true,0,257,75211207,3248400,5000,0,10000,78474607
1,0.1.0,model-level causal evidence; not a WAN measurement,screening,25,carousel,18,0,false,0,249,76414002,2238399,5000,0,10000,78667401
1,0.1.0,model-level causal evidence; not a WAN measurement,screening,25,carousel,18,1,false,0,249,76414002,3265999,5000,0,10000,79695001
1,0.1.0,model-level causal evidence; not a WAN measurement,screening,25,carousel,18,2,true,0,249,76414002,3265999,5000,0,10000,79695001
1,0.1.0,model-level causal evidence; not a WAN measurement,screening,25,carousel,19,0,false,0,257,76138003,2232799,5000,0,10000,78385802
1,0.1.0,model-level causal evidence; not a WAN measurement,screening,25,carousel,19,1,false,0,257,76138003,3260399,5000,0,10000,79413402
1,0.1.0,model-level causal evidence; not a WAN measurement,screening,25,carousel,19,2,true,0,257,76138003,3260399,5000,0,10000,79413402
1,0.1.0,model-level causal evidence; not a WAN measurement,screening,25,carousel,20,0,false,1,257,76412003,2319199,5000,0,10000,78746202
1,0.1.0,model-level causal evidence; not a WAN measurement,screening,25,carousel,20,1,false,1,257,76412003,3346799,5000,0,10000,79773802
1,0.1.0,model-level causal evidence; not a WAN measurement,screening,25,carousel,20,2,true,1,257,76412003,3346799,5000,0,10000,79773802
1,0.1.0,model-level causal evidence; not a WAN measurement,screening,25,carousel,21,0,false,0,257,75996006,2220800,5000,0,10000,78231806
1,0.1.0,model-level causal evidence; not a WAN measurement,screening,25,carousel,21,1,false,0,257,75996006,3248400,5000,0,10000,79259406
1,0.1.0,model-level causal evidence; not a WAN measurement,screening,25,carousel,21,2,true,0,257,75996006,3248400,5000,0,10000,79259406
1,0.1.0,model-level causal evidence; not a WAN measurement,screening,25,carousel,22,0,false,0,257,75938802,2220800,5000,0,10000,78174602
1,0.1.0,model-level causal evidence; not a WAN measurement,screening,25,carousel,22,1,false,0,257,75938802,3248400,5000,0,10000,79202202
1,0.1.0,model-level causal evidence; not a WAN measurement,screening,25,carousel,22,2,true,0,257,75938802,3248400,5000,0,10000,79202202
1,0.1.0,model-level causal evidence; not a WAN measurement,screening,25,carousel,23,0,false,1,257,76836002,2220800,5000,0,10000,79071802
1,0.1.0,model-level causal evidence; not a WAN measurement,screening,25,carousel,23,1,false,1,257,76836002,3248400,5000,0,10000,80099402
1,0.1.0,model-level causal evidence; not a WAN measurement,screening,25,carousel,23,2,true,1,257,76836002,3248400,5000,0,10000,80099402
1,0.1.0,model-level causal evidence; not a WAN measurement,screening,25,carousel,24,0,false,0,257,76431602,2226400,5000,0,10000,78673002
1,0.1.0,model-level causal evidence; not a WAN measurement,screening,25,carousel,24,1,false,0,257,76431602,3254000,5000,0,10000,79700602
1,0.1.0,model-level causal evidence; not a WAN measurement,screening,25,carousel,24,2,true,0,257,76431602,3254000,5000,0,10000,79700602
1,0.1.0,model-level causal evidence; not a WAN measurement,screening,25,carousel,25,0,false,1,257,76586806,2236799,5000,0,10000,78838605
1,0.1.0,model-level causal evidence; not a WAN measurement,screening,25,carousel,25,1,false,1,257,76586806,3264399,5000,0,10000,79866205
1,0.1.0,model-level causal evidence; not a WAN measurement,screening,25,carousel,25,2,true,1,257,76586806,3264399,5000,0,10000,79866205
1,0.1.0,model-level causal evidence; not a WAN measurement,screening,25,carousel,26,0,false,0,257,75349205,2597196,5000,0,10000,77961401
1,0.1.0,model-level causal evidence; not a WAN measurement,screening,25,carousel,26,1,false,0,257,75349205,3624796,5000,0,10000,78989001
1,0.1.0,model-level causal evidence; not a WAN measurement,screening,25,carousel,26,2,true,0,257,75349205,3624796,5000,0,10000,78989001
1,0.1.0,model-level causal evidence; not a WAN measurement,screening,25,carousel,27,0,false,1,260,77103204,2220800,5000,0,10000,79339004
1,0.1.0,model-level causal evidence; not a WAN measurement,screening,25,carousel,27,1,false,1,260,77103204,3248400,5000,0,10000,80366604
1,0.1.0,model-level causal evidence; not a WAN measurement,screening,25,carousel,27,2,true,1,260,77103204,3248400,5000,0,10000,80366604
1,0.1.0,model-level causal evidence; not a WAN measurement,screening,25,carousel,28,0,false,1,257,77006003,2242398,5000,0,10000,79263401
1,0.1.0,model-level causal evidence; not a WAN measurement,screening,25,carousel,28,1,false,1,257,77006003,3269998,5000,0,10000,80291001
1,0.1.0,model-level causal evidence; not a WAN measurement,screening,25,carousel,28,2,true,1,257,77006003,3269998,5000,0,10000,80291001
1,0.1.0,model-level causal evidence; not a WAN measurement,screening,25,carousel,29,0,false,1,249,75897207,2220800,5000,0,10000,78133007
1,0.1.0,model-level causal evidence; not a WAN measurement,screening,25,carousel,29,1,false,1,249,75897207,3248400,5000,0,10000,79160607
1,0.1.0,model-level causal evidence; not a WAN measurement,screening,25,carousel,29,2,true,1,249,75897207,3248400,5000,0,10000,79160607
1,0.1.0,model-level causal evidence; not a WAN measurement,screening,25,carousel,30,0,false,0,256,76658405,2220800,5000,0,10000,78894205
1,0.1.0,model-level causal evidence; not a WAN measurement,screening,25,carousel,30,1,false,0,256,76658405,3248400,5000,0,10000,79921805
1,0.1.0,model-level causal evidence; not a WAN measurement,screening,25,carousel,30,2,true,0,256,76658405,3248400,5000,0,10000,79921805
1,0.1.0,model-level causal evidence; not a WAN measurement,screening,25,carousel,31,0,false,0,249,76313202,2947999,5000,0,10000,79276201
1,0.1.0,model-level causal evidence; not a WAN measurement,screening,25,carousel,31,1,false,0,249,76313202,3975599,5000,0,10000,80303801
1,0.1.0,model-level causal evidence; not a WAN measurement,screening,25,carousel,31,2,true,0,249,76313202,3975599,5000,0,10000,80303801
1,0.1.0,model-level causal evidence; not a WAN measurement,screening,25,per_stripe_fec,0,0,false,1,255,76374804,2255997,5000,0,10000,78645801
1,0.1.0,model-level causal evidence; not a WAN measurement,screening,25,per_stripe_fec,0,1,false,1,255,76374804,3283597,5000,0,10000,79673401
1,0.1.0,model-level causal evidence; not a WAN measurement,screening,25,per_stripe_fec,0,2,true,1,255,76374804,3283597,5000,0,10000,79673401
1,0.1.0,model-level causal evidence; not a WAN measurement,screening,25,per_stripe_fec,1,0,false,1,255,77203202,2413599,5000,0,10000,79631801
1,0.1.0,model-level causal evidence; not a WAN measurement,screening,25,per_stripe_fec,1,1,false,1,255,77203202,3441199,5000,0,10000,80659401
1,0.1.0,model-level causal evidence; not a WAN measurement,screening,25,per_stripe_fec,1,2,true,1,255,77203202,3441199,5000,0,10000,80659401
1,0.1.0,model-level causal evidence; not a WAN measurement,screening,25,per_stripe_fec,2,0,false,1,255,75844003,2661202,5000,0,10000,78520205
1,0.1.0,model-level causal evidence; not a WAN measurement,screening,25,per_stripe_fec,2,1,false,1,255,75844003,3688802,5000,0,10000,79547805
1,0.1.0,model-level causal evidence; not a WAN measurement,screening,25,per_stripe_fec,2,2,true,1,255,75844003,3688802,5000,0,10000,79547805
1,0.1.0,model-level causal evidence; not a WAN measurement,screening,25,per_stripe_fec,3,0,false,1,255,75258002,2526399,5000,0,10000,77799401
1,0.1.0,model-level causal evidence; not a WAN measurement,screening,25,per_stripe_fec,3,1,false,1,255,75258002,3553999,5000,0,10000,78827001
1,0.1.0,model-level causal evidence; not a WAN measurement,screening,25,per_stripe_fec,3,2,true,1,255,75258002,3553999,5000,0,10000,78827001
1,0.1.0,model-level causal evidence; not a WAN measurement,screening,25,per_stripe_fec,4,0,false,1,255,77161602,2399999,5000,0,10000,79576601
1,0.1.0,model-level causal evidence; not a WAN measurement,screening,25,per_stripe_fec,4,1,false,1,255,77161602,3427599,5000,0,10000,80604201
1,0.1.0,model-level causal evidence; not a WAN measurement,screening,25,per_stripe_fec,4,2,true,1,255,77161602,3427599,5000,0,10000,80604201
1,0.1.0,model-level causal evidence; not a WAN measurement,screening,25,per_stripe_fec,5,0,false,1,255,76773202,2555999,5000,0,10000,79344201
1,0.1.0,model-level causal evidence; not a WAN measurement,screening,25,per_stripe_fec,5,1,false,1,255,76773202,3583599,5000,0,10000,80371801
1,0.1.0,model-level causal evidence; not a WAN measurement,screening,25,per_stripe_fec,5,2,true,1,255,76773202,3583599,5000,0,10000,80371801
1,0.1.0,model-level causal evidence; not a WAN measurement,screening,25,per_stripe_fec,6,0,false,1,255,76906802,2240402,5000,0,10000,79162204
1,0.1.0,model-level causal evidence; not a WAN measurement,screening,25,per_stripe_fec,6,1,false,1,255,76906802,3268002,5000,0,10000,80189804
1,0.1.0,model-level causal evidence; not a WAN measurement,screening,25,per_stripe_fec,6,2,true,1,255,76906802,3268002,5000,0,10000,80189804
1,0.1.0,model-level causal evidence; not a WAN measurement,screening,25,per_stripe_fec,7,0,false,1,255,75969608,2220800,5000,0,10000,78205408
1,0.1.0,model-level causal evidence; not a WAN measurement,screening,25,per_stripe_fec,7,1,false,1,255,75969608,3248400,5000,0,10000,79233008
1,0.1.0,model-level causal evidence; not a WAN measurement,screening,25,per_stripe_fec,7,2,true,1,255,75969608,3248400,5000,0,10000,79233008
1,0.1.0,model-level causal evidence; not a WAN measurement,screening,25,per_stripe_fec,8,0,false,1,255,76246402,2220800,5000,0,10000,78482202
1,0.1.0,model-level causal evidence; not a WAN measurement,screening,25,per_stripe_fec,8,1,false,1,255,76246402,3248400,5000,0,10000,79509802
1,0.1.0,model-level causal evidence; not a WAN measurement,screening,25,per_stripe_fec,8,2,true,1,255,76246402,3248400,5000,0,10000,79509802
1,0.1.0,model-level causal evidence; not a WAN measurement,screening,25,per_stripe_fec,9,0,false,1,255,76840819,2220800,5000,0,10000,79076619
1,0.1.0,model-level causal evidence; not a WAN measurement,screening,25,per_stripe_fec,9,1,false,1,255,76840819,3248400,5000,0,10000,80104219
1,0.1.0,model-level causal evidence; not a WAN measurement,screening,25,per_stripe_fec,9,2,true,1,255,76840819,3248400,5000,0,10000,80104219
1,0.1.0,model-level causal evidence; not a WAN measurement,screening,25,per_stripe_fec,10,0,false,0,255,77865603,2258398,5000,0,10000,80139001
1,0.1.0,model-level causal evidence; not a WAN measurement,screening,25,per_stripe_fec,10,1,false,0,255,77865603,3285998,5000,0,10000,81166601
1,0.1.0,model-level causal evidence; not a WAN measurement,screening,25,per_stripe_fec,10,2,true,0,255,77865603,3285998,5000,0,10000,81166601
1,0.1.0,model-level causal evidence; not a WAN measurement,screening,25,per_stripe_fec,11,0,false,0,255,77052002,2220800,5000,0,10000,79287802
1,0.1.0,model-level causal evidence; not a WAN measurement,screening,25,per_stripe_fec,11,1,false,0,255,77052002,3248400,5000,0,10000,80315402
1,0.1.0,model-level causal evidence; not a WAN measurement,screening,25,per_stripe_fec,11,2,true,0,255,77052002,3248400,5000,0,10000,80315402
1,0.1.0,model-level causal evidence; not a WAN measurement,screening,25,per_stripe_fec,12,0,false,0,255,76934802,2224799,5000,0,10000,79174601
1,0.1.0,model-level causal evidence; not a WAN measurement,screening,25,per_stripe_fec,12,1,false,0,255,76934802,3252399,5000,0,10000,80202201
1,0.1.0,model-level causal evidence; not a WAN measurement,screening,25,per_stripe_fec,12,2,true,0,255,76934802,3252399,5000,0,10000,80202201
1,0.1.0,model-level causal evidence; not a WAN measurement,screening,25,per_stripe_fec,13,0,false,0,255,77510802,2220800,5000,0,10000,79746602
1,0.1.0,model-level causal evidence; not a WAN measurement,screening,25,per_stripe_fec,13,1,false,0,255,77510802,3248400,5000,0,10000,80774202
1,0.1.0,model-level causal evidence; not a WAN measurement,screening,25,per_stripe_fec,13,2,true,0,255,77510802,3248400,5000,0,10000,80774202
1,0.1.0,model-level causal evidence; not a WAN measurement,screening,25,per_stripe_fec,14,0,false,0,255,77056402,2224799,5000,0,10000,79296201
1,0.1.0,model-level causal evidence; not a WAN measurement,screening,25,per_stripe_fec,14,1,false,0,255,77056402,3252399,5000,0,10000,80323801
1,0.1.0,model-level causal evidence; not a WAN measurement,screening,25,per_stripe_fec,14,2,true,0,255,77056402,3252399,5000,0,10000,80323801
1,0.1.0,model-level causal evidence; not a WAN measurement,screening,25,per_stripe_fec,15,0,false,0,255,77250403,2237604,5000,0,10000,79503007
1,0.1.0,model-level causal evidence; not a WAN measurement,screening,25,per_stripe_fec,15,1,false,0,255,77250403,3265204,5000,0,10000,80530607
1,0.1.0,model-level causal evidence; not a WAN measurement,screening,25,per_stripe_fec,15,2,true,0,255,77250403,3265204,5000,0,10000,80530607
1,0.1.0,model-level causal evidence; not a WAN measurement,screening,25,per_stripe_fec,16,0,false,1,255,77410005,2225598,5000,0,10000,79650603
1,0.1.0,model-level causal evidence; not a WAN measurement,screening,25,per_stripe_fec,16,1,false,1,255,77410005,3253198,5000,0,10000,80678203
1,0.1.0,model-level causal evidence; not a WAN measurement,screening,25,per_stripe_fec,16,2,true,1,255,77410005,3253198,5000,0,10000,80678203
1,0.1.0,model-level causal evidence; not a WAN measurement,screening,25,per_stripe_fec,17,0,false,1,255,76930811,2220800,5000,0,10000,79166611
1,0.1.0,model-level causal evidence; not a WAN measurement,screening,25,per_stripe_fec,17,1,false,1,255,76930811,3248400,5000,0,10000,80194211
1,0.1.0,model-level causal evidence; not a WAN measurement,screening,25,per_stripe_fec,17,2,true,1,255,76930811,3248400,5000,0,10000,80194211
1,0.1.0,model-level causal evidence; not a WAN measurement,screening,25,per_stripe_fec,18,0,false,0,255,77938402,2220800,5000,0,10000,80174202
1,0.1.0,model-level causal evidence; not a WAN measurement,screening,25,per_stripe_fec,18,1,false,0,255,77938402,3248400,5000,0,10000,81201802
1,0.1.0,model-level causal evidence; not a WAN measurement,screening,25,per_stripe_fec,18,2,true,0,255,77938402,3248400,5000,0,10000,81201802
1,0.1.0,model-level causal evidence; not a WAN measurement,screening,25,per_stripe_fec,19,0,false,1,255,75645204,2239998,5000,0,10000,77900202
1,0.1.0,model-level causal evidence; not a WAN measurement,screening,25,per_stripe_fec,19,1,false,1,255,75645204,3267598,5000,0,10000,78927802
1,0.1.0,model-level causal evidence; not a WAN measurement,screening,25,per_stripe_fec,19,2,true,1,255,75645204,3267598,5000,0,10000,78927802
1,0.1.0,model-level causal evidence; not a WAN measurement,screening,25,per_stripe_fec,20,0,false,1,255,77084003,2238398,5000,0,10000,79337401
1,0.1.0,model-level causal evidence; not a WAN measurement,screening,25,per_stripe_fec,20,1,false,1,255,77084003,3265998,5000,0,10000,80365001
1,0.1.0,model-level causal evidence; not a WAN measurement,screening,25,per_stripe_fec,20,2,true,1,255,77084003,3265998,5000,0,10000,80365001
1,0.1.0,model-level causal evidence; not a WAN measurement,screening,25,per_stripe_fec,21,0,false,0,255,77741603,2220800,5000,0,10000,79977403
1,0.1.0,model-level causal evidence; not a WAN measurement,screening,25,per_stripe_fec,21,1,false,0,255,77741603,3248400,5000,0,10000,81005003
1,0.1.0,model-level causal evidence; not a WAN measurement,screening,25,per_stripe_fec,21,2,true,0,255,77741603,3248400,5000,0,10000,81005003
1,0.1.0,model-level causal evidence; not a WAN measurement,screening,25,per_stripe_fec,22,0,false,0,255,77227202,2632799,5000,0,10000,79875001
1,0.1.0,model-level causal evidence; not a WAN measurement,screening,25,per_stripe_fec,22,1,false,0,255,77227202,3660399,5000,0,10000,80902601
1,0.1.0,model-level causal evidence; not a WAN measurement,screening,25,per_stripe_fec,22,2,true,0,255,77227202,3660399,5000,0,10000,80902601
1,0.1.0,model-level causal evidence; not a WAN measurement,screening,25,per_stripe_fec,23,0,false,0,255,77776402,2220800,5000,0,10000,80012202
1,0.1.0,model-level causal evidence; not a WAN measurement,screening,25,per_stripe_fec,23,1,false,0,255,77776402,3248400,5000,0,10000,81039802
1,0.1.0,model-level causal evidence; not a WAN measurement,screening,25,per_stripe_fec,23,2,true,0,255,77776402,3248400,5000,0,10000,81039802
1,0.1.0,model-level causal evidence; not a WAN measurement,screening,25,per_stripe_fec,24,0,false,0,255,78236402,2247199,5000,0,10000,80498601
1,0.1.0,model-level causal evidence; not a WAN measurement,screening,25,per_stripe_fec,24,1,false,0,255,78236402,3274799,5000,0,10000,81526201
1,0.1.0,model-level causal evidence; not a WAN measurement,screening,25,per_stripe_fec,24,2,true,0,255,78236402,3274799,5000,0,10000,81526201
1,0.1.0,model-level causal evidence; not a WAN measurement,screening,25,per_stripe_fec,25,0,false,0,255,77573202,2220800,5000,0,10000,79809002
1,0.1.0,model-level causal evidence; not a WAN measurement,screening,25,per_stripe_fec,25,1,false,0,255,77573202,3248400,5000,0,10000,80836602
1,0.1.0,model-level causal evidence; not a WAN measurement,screening,25,per_stripe_fec,25,2,true,0,255,77573202,3248400,5000,0,10000,80836602
1,0.1.0,model-level causal evidence; not a WAN measurement,screening,25,per_stripe_fec,26,0,false,1,255,77353607,2220800,5000,0,10000,79589407
1,0.1.0,model-level causal evidence; not a WAN measurement,screening,25,per_stripe_fec,26,1,false,1,255,77353607,3248400,5000,0,10000,80617007
1,0.1.0,model-level causal evidence; not a WAN measurement,screening,25,per_stripe_fec,26,2,true,1,255,77353607,3248400,5000,0,10000,80617007
1,0.1.0,model-level causal evidence; not a WAN measurement,screening,25,per_stripe_fec,27,0,false,0,255,77124004,2220800,5000,0,10000,79359804
1,0.1.0,model-level causal evidence; not a WAN measurement,screening,25,per_stripe_fec,27,1,false,0,255,77124004,3248400,5000,0,10000,80387404
1,0.1.0,model-level causal evidence; not a WAN measurement,screening,25,per_stripe_fec,27,2,true,0,255,77124004,3248400,5000,0,10000,80387404
1,0.1.0,model-level causal evidence; not a WAN measurement,screening,25,per_stripe_fec,28,0,false,0,255,77885602,2419599,5000,0,10000,80320201
1,0.1.0,model-level causal evidence; not a WAN measurement,screening,25,per_stripe_fec,28,1,false,0,255,77885602,3447199,5000,0,10000,81347801
1,0.1.0,model-level causal evidence; not a WAN measurement,screening,25,per_stripe_fec,28,2,true,0,255,77885602,3447199,5000,0,10000,81347801
1,0.1.0,model-level causal evidence; not a WAN measurement,screening,25,per_stripe_fec,29,0,false,1,255,78126002,2224799,5000,0,10000,80365801
1,0.1.0,model-level causal evidence; not a WAN measurement,screening,25,per_stripe_fec,29,1,false,1,255,78126002,3252399,5000,0,10000,81393401
1,0.1.0,model-level causal evidence; not a WAN measurement,screening,25,per_stripe_fec,29,2,true,1,255,78126002,3252399,5000,0,10000,81393401
1,0.1.0,model-level causal evidence; not a WAN measurement,screening,25,per_stripe_fec,30,0,false,0,255,77560806,2630395,5000,0,10000,80206201
1,0.1.0,model-level causal evidence; not a WAN measurement,screening,25,per_stripe_fec,30,1,false,0,255,77560806,3657995,5000,0,10000,81233801
1,0.1.0,model-level causal evidence; not a WAN measurement,screening,25,per_stripe_fec,30,2,true,0,255,77560806,3657995,5000,0,10000,81233801
1,0.1.0,model-level causal evidence; not a WAN measurement,screening,25,per_stripe_fec,31,0,false,0,255,77286408,2247595,5000,0,10000,79549003
1,0.1.0,model-level causal evidence; not a WAN measurement,screening,25,per_stripe_fec,31,1,false,0,255,77286408,3275195,5000,0,10000,80576603
1,0.1.0,model-level causal evidence; not a WAN measurement,screening,25,per_stripe_fec,31,2,true,0,255,77286408,3275195,5000,0,10000,80576603
1,0.1.0,model-level causal evidence; not a WAN measurement,screening,25,best_tree0_candidate,0,0,false,0,511,150589202,2238399,5000,0,10000,152842601
1,0.1.0,model-level causal evidence; not a WAN measurement,screening,25,best_tree0_candidate,0,1,false,0,511,150589202,3265999,5000,0,10000,153870201
1,0.1.0,model-level causal evidence; not a WAN measurement,screening,25,best_tree0_candidate,0,2,true,0,511,150589202,3265999,5000,0,10000,153870201
1,0.1.0,model-level causal evidence; not a WAN measurement,screening,25,best_tree0_candidate,1,0,false,0,511,150734804,2238399,5000,0,10000,152988203
1,0.1.0,model-level causal evidence; not a WAN measurement,screening,25,best_tree0_candidate,1,1,false,0,511,150734804,3265999,5000,0,10000,154015803
1,0.1.0,model-level causal evidence; not a WAN measurement,screening,25,best_tree0_candidate,1,2,true,0,511,150734804,3265999,5000,0,10000,154015803
1,0.1.0,model-level causal evidence; not a WAN measurement,screening,25,best_tree0_candidate,2,0,false,0,511,151096803,2220800,5000,0,10000,153332603
1,0.1.0,model-level causal evidence; not a WAN measurement,screening,25,best_tree0_candidate,2,1,false,0,511,151096803,3248400,5000,0,10000,154360203
1,0.1.0,model-level causal evidence; not a WAN measurement,screening,25,best_tree0_candidate,2,2,true,0,511,151096803,3248400,5000,0,10000,154360203
1,0.1.0,model-level causal evidence; not a WAN measurement,screening,25,best_tree0_candidate,3,0,false,0,511,151429202,2224799,5000,0,10000,153669001
1,0.1.0,model-level causal evidence; not a WAN measurement,screening,25,best_tree0_candidate,3,1,false,0,511,151429202,3252399,5000,0,10000,154696601
1,0.1.0,model-level causal evidence; not a WAN measurement,screening,25,best_tree0_candidate,3,2,true,0,511,151429202,3252399,5000,0,10000,154696601
1,0.1.0,model-level causal evidence; not a WAN measurement,screening,25,best_tree0_candidate,4,0,false,0,511,149858409,2375998,5000,0,10000,152249407
1,0.1.0,model-level causal evidence; not a WAN measurement,screening,25,best_tree0_candidate,4,1,false,0,511,149858409,3403598,5000,0,10000,153277007
1,0.1.0,model-level causal evidence; not a WAN measurement,screening,25,best_tree0_candidate,4,2,true,0,511,149858409,3403598,5000,0,10000,153277007
1,0.1.0,model-level causal evidence; not a WAN measurement,screening,25,best_tree0_candidate,5,0,false,0,511,151506803,2224800,5000,0,10000,153746603
1,0.1.0,model-level causal evidence; not a WAN measurement,screening,25,best_tree0_candidate,5,1,false,0,511,151506803,3252400,5000,0,10000,154774203
1,0.1.0,model-level causal evidence; not a WAN measurement,screening,25,best_tree0_candidate,5,2,true,0,511,151506803,3252400,5000,0,10000,154774203
1,0.1.0,model-level causal evidence; not a WAN measurement,screening,25,best_tree0_candidate,6,0,false,0,511,153028005,2220800,5000,0,10000,155263805
1,0.1.0,model-level causal evidence; not a WAN measurement,screening,25,best_tree0_candidate,6,1,false,0,511,153028005,3248400,5000,0,10000,156291405
1,0.1.0,model-level causal evidence; not a WAN measurement,screening,25,best_tree0_candidate,6,2,true,0,511,153028005,3248400,5000,0,10000,156291405
1,0.1.0,model-level causal evidence; not a WAN measurement,screening,25,best_tree0_candidate,7,0,false,0,511,150556404,2234397,5000,0,10000,152805801
1,0.1.0,model-level causal evidence; not a WAN measurement,screening,25,best_tree0_candidate,7,1,false,0,511,150556404,3261997,5000,0,10000,153833401
1,0.1.0,model-level causal evidence; not a WAN measurement,screening,25,best_tree0_candidate,7,2,true,0,511,150556404,3261997,5000,0,10000,153833401
1,0.1.0,model-level causal evidence; not a WAN measurement,screening,25,best_tree0_candidate,8,0,false,0,511,150492802,2242401,5000,0,10000,152750203
1,0.1.0,model-level causal evidence; not a WAN measurement,screening,25,best_tree0_candidate,8,1,false,0,511,150492802,3270001,5000,0,10000,153777803
1,0.1.0,model-level causal evidence; not a WAN measurement,screening,25,best_tree0_candidate,8,2,true,0,511,150492802,3270001,5000,0,10000,153777803
1,0.1.0,model-level causal evidence; not a WAN measurement,screening,25,best_tree0_candidate,9,0,false,0,511,149412004,2445197,5000,0,10000,151872201
1,0.1.0,model-level causal evidence; not a WAN measurement,screening,25,best_tree0_candidate,9,1,false,0,511,149412004,3472797,5000,0,10000,152899801
1,0.1.0,model-level causal evidence; not a WAN measurement,screening,25,best_tree0_candidate,9,2,true,0,511,149412004,3472797,5000,0,10000,152899801
1,0.1.0,model-level causal evidence; not a WAN measurement,screening,25,best_tree0_candidate,10,0,false,0,511,150446804,2678797,5000,0,10000,153140601
1,0.1.0,model-level causal evidence; not a WAN measurement,screening,25,best_tree0_candidate,10,1,false,0,511,150446804,3706397,5000,0,10000,154168201
1,0.1.0,model-level causal evidence; not a WAN measurement,screening,25,best_tree0_candidate,10,2,true,0,511,150446804,3706397,5000,0,10000,154168201
1,0.1.0,model-level causal evidence; not a WAN measurement,screening,25,best_tree0_candidate,11,0,false,0,511,151606002,2319199,5000,0,10000,153940201
1,0.1.0,model-level causal evidence; not a WAN measurement,screening,25,best_tree0_candidate,11,1,false,0,511,151606002,3346799,5000,0,10000,154967801
1,0.1.0,model-level causal evidence; not a WAN measurement,screening,25,best_tree0_candidate,11,2,true,0,511,151606002,3346799,5000,0,10000,154967801
1,0.1.0,model-level causal evidence; not a WAN measurement,screening,25,best_tree0_candidate,12,0,false,0,511,153580002,2579199,5000,0,10000,156174201
1,0.1.0,model-level causal evidence; not a WAN measurement,screening,25,best_tree0_candidate,12,1,false,0,511,153580002,3606799,5000,0,10000,157201801
1,0.1.0,model-level causal evidence; not a WAN measurement,screening,25,best_tree0_candidate,12,2,true,0,511,153580002,3606799,5000,0,10000,157201801
1,0.1.0,model-level causal evidence; not a WAN measurement,screening,25,best_tree0_candidate,13,0,false,0,511,152173604,2220800,5000,0,10000,154409404
1,0.1.0,model-level causal evidence; not a WAN measurement,screening,25,best_tree0_candidate,13,1,false,0,511,152173604,3248400,5000,0,10000,155437004
1,0.1.0,model-level causal evidence; not a WAN measurement,screening,25,best_tree0_candidate,13,2,true,0,511,152173604,3248400,5000,0,10000,155437004
1,0.1.0,model-level causal evidence; not a WAN measurement,screening,25,best_tree0_candidate,14,0,false,0,511,149812004,2281997,5000,0,10000,152109001
1,0.1.0,model-level causal evidence; not a WAN measurement,screening,25,best_tree0_candidate,14,1,false,0,511,149812004,3309597,5000,0,10000,153136601
1,0.1.0,model-level causal evidence; not a WAN measurement,screening,25,best_tree0_candidate,14,2,true,0,511,149812004,3309597,5000,0,10000,153136601
1,0.1.0,model-level causal evidence; not a WAN measurement,screening,25,best_tree0_candidate,15,0,false,0,511,150651202,2230399,5000,0,10000,152896601
1,0.1.0,model-level causal evidence; not a WAN measurement,screening,25,best_tree0_candidate,15,1,false,0,511,150651202,3257999,5000,0,10000,153924201
1,0.1.0,model-level causal evidence; not a WAN measurement,screening,25,best_tree0_candidate,15,2,true,0,511,150651202,3257999,5000,0,10000,153924201
1,0.1.0,model-level causal evidence; not a WAN measurement,screening,25,best_tree0_candidate,16,0,false,0,511,152170009,2220800,5000,0,10000,154405809
1,0.1.0,model-level causal evidence; not a WAN measurement,screening,25,best_tree0_candidate,16,1,false,0,511,152170009,3248400,5000,0,10000,155433409
1,0.1.0,model-level causal evidence; not a WAN measurement,screening,25,best_tree0_candidate,16,2,true,0,511,152170009,3248400,5000,0,10000,155433409
1,0.1.0,model-level causal evidence; not a WAN measurement,screening,25,best_tree0_candidate,17,0,false,0,511,153515205,2220800,5000,0,10000,155751005
1,0.1.0,model-level causal evidence; not a WAN measurement,screening,25,best_tree0_candidate,17,1,false,0,511,153515205,3248400,5000,0,10000,156778605
1,0.1.0,model-level causal evidence; not a WAN measurement,screening,25,best_tree0_candidate,17,2,true,0,511,153515205,3248400,5000,0,10000,156778605
1,0.1.0,model-level causal evidence; not a WAN measurement,screening,25,best_tree0_candidate,18,0,false,0,511,149002003,2522400,5000,0,10000,151539403
1,0.1.0,model-level causal evidence; not a WAN measurement,screening,25,best_tree0_candidate,18,1,false,0,511,149002003,3550000,5000,0,10000,152567003
1,0.1.0,model-level causal evidence; not a WAN measurement,screening,25,best_tree0_candidate,18,2,true,0,511,149002003,3550000,5000,0,10000,152567003
1,0.1.0,model-level causal evidence; not a WAN measurement,screening,25,best_tree0_candidate,19,0,false,0,511,150854007,2220800,5000,0,10000,153089807
1,0.1.0,model-level causal evidence; not a WAN measurement,screening,25,best_tree0_candidate,19,1,false,0,511,150854007,3248400,5000,0,10000,154117407
1,0.1.0,model-level causal evidence; not a WAN measurement,screening,25,best_tree0_candidate,19,2,true,0,511,150854007,3248400,5000,0,10000,154117407
1,0.1.0,model-level causal evidence; not a WAN measurement,screening,25,best_tree0_candidate,20,0,false,0,511,152873204,2242799,5000,0,10000,155131003
1,0.1.0,model-level causal evidence; not a WAN measurement,screening,25,best_tree0_candidate,20,1,false,0,511,152873204,3270399,5000,0,10000,156158603
1,0.1.0,model-level causal evidence; not a WAN measurement,screening,25,best_tree0_candidate,20,2,true,0,511,152873204,3270399,5000,0,10000,156158603
1,0.1.0,model-level causal evidence; not a WAN measurement,screening,25,best_tree0_candidate,21,0,false,0,511,148935206,2496797,5000,0,10000,151447003
1,0.1.0,model-level causal evidence; not a WAN measurement,screening,25,best_tree0_candidate,21,1,false,0,511,148935206,3524397,5000,0,10000,152474603
1,0.1.0,model-level causal evidence; not a WAN measurement,screening,25,best_tree0_candidate,21,2,true,0,511,148935206,3524397,5000,0,10000,152474603
1,0.1.0,model-level causal evidence; not a WAN measurement,screening,25,best_tree0_candidate,22,0,false,0,511,152759204,2220800,5000,0,10000,154995004
1,0.1.0,model-level causal evidence; not a WAN measurement,screening,25,best_tree0_candidate,22,1,false,0,511,152759204,3248400,5000,0,10000,156022604
1,0.1.0,model-level causal evidence; not a WAN measurement,screening,25,best_tree0_candidate,22,2,true,0,511,152759204,3248400,5000,0,10000,156022604
1,0.1.0,model-level causal evidence; not a WAN measurement,screening,25,best_tree0_candidate,23,0,false,0,511,151421202,2220800,5000,0,10000,153657002
1,0.1.0,model-level causal evidence; not a WAN measurement,screening,25,best_tree0_candidate,23,1,false,0,511,151421202,3248400,5000,0,10000,154684602
1,0.1.0,model-level causal evidence; not a WAN measurement,screening,25,best_tree0_candidate,23,2,true,0,511,151421202,3248400,5000,0,10000,154684602
1,0.1.0,model-level causal evidence; not a WAN measurement,screening,25,best_tree0_candidate,24,0,false,0,511,153601205,2220800,5000,0,10000,155837005
1,0.1.0,model-level causal evidence; not a WAN measurement,screening,25,best_tree0_candidate,24,1,false,0,511,153601205,3248400,5000,0,10000,156864605
1,0.1.0,model-level causal evidence; not a WAN measurement,screening,25,best_tree0_candidate,24,2,true,0,511,153601205,3248400,5000,0,10000,156864605
1,0.1.0,model-level causal evidence; not a WAN measurement,screening,25,best_tree0_candidate,25,0,false,0,511,147237202,2359999,5000,0,10000,149612201
1,0.1.0,model-level causal evidence; not a WAN measurement,screening,25,best_tree0_candidate,25,1,false,0,511,147237202,3387599,5000,0,10000,150639801
1,0.1.0,model-level causal evidence; not a WAN measurement,screening,25,best_tree0_candidate,25,2,true,0,511,147237202,3387599,5000,0,10000,150639801
1,0.1.0,model-level causal evidence; not a WAN measurement,screening,25,best_tree0_candidate,26,0,false,0,511,152376402,2671999,5000,0,10000,155063401
1,0.1.0,model-level causal evidence; not a WAN measurement,screening,25,best_tree0_candidate,26,1,false,0,511,152376402,3699599,5000,0,10000,156091001
1,0.1.0,model-level causal evidence; not a WAN measurement,screening,25,best_tree0_candidate,26,2,true,0,511,152376402,3699599,5000,0,10000,156091001
1,0.1.0,model-level causal evidence; not a WAN measurement,screening,25,best_tree0_candidate,27,0,false,0,511,149504802,2238399,5000,0,10000,151758201
1,0.1.0,model-level causal evidence; not a WAN measurement,screening,25,best_tree0_candidate,27,1,false,0,511,149504802,3265999,5000,0,10000,152785801
1,0.1.0,model-level causal evidence; not a WAN measurement,screening,25,best_tree0_candidate,27,2,true,0,511,149504802,3265999,5000,0,10000,152785801
1,0.1.0,model-level causal evidence; not a WAN measurement,screening,25,best_tree0_candidate,28,0,false,0,511,154078402,2220800,5000,0,10000,156314202
1,0.1.0,model-level causal evidence; not a WAN measurement,screening,25,best_tree0_candidate,28,1,false,0,511,154078402,3248400,5000,0,10000,157341802
1,0.1.0,model-level causal evidence; not a WAN measurement,screening,25,best_tree0_candidate,28,2,true,0,511,154078402,3248400,5000,0,10000,157341802
1,0.1.0,model-level causal evidence; not a WAN measurement,screening,25,best_tree0_candidate,29,0,false,0,511,150177203,2352799,5000,0,10000,152545002
1,0.1.0,model-level causal evidence; not a WAN measurement,screening,25,best_tree0_candidate,29,1,false,0,511,150177203,3380399,5000,0,10000,153572602
1,0.1.0,model-level causal evidence; not a WAN measurement,screening,25,best_tree0_candidate,29,2,true,0,511,150177203,3380399,5000,0,10000,153572602
1,0.1.0,model-level causal evidence; not a WAN measurement,screening,25,best_tree0_candidate,30,0,false,0,511,149698408,2220800,5000,0,10000,151934208
1,0.1.0,model-level causal evidence; not a WAN measurement,screening,25,best_tree0_candidate,30,1,false,0,511,149698408,3248400,5000,0,10000,152961808
1,0.1.0,model-level causal evidence; not a WAN measurement,screening,25,best_tree0_candidate,30,2,true,0,511,149698408,3248400,5000,0,10000,152961808
1,0.1.0,model-level causal evidence; not a WAN measurement,screening,25,best_tree0_candidate,31,0,false,0,511,149559205,2243196,5000,0,10000,151817401
1,0.1.0,model-level causal evidence; not a WAN measurement,screening,25,best_tree0_candidate,31,1,false,0,511,149559205,3270796,5000,0,10000,152845001
1,0.1.0,model-level causal evidence; not a WAN measurement,screening,25,best_tree0_candidate,31,2,true,0,511,149559205,3270796,5000,0,10000,152845001
1,0.1.0,model-level causal evidence; not a WAN measurement,screening,25,best_tree1_candidate,0,0,false,1,511,150447603,2251204,5000,0,10000,152713807
1,0.1.0,model-level causal evidence; not a WAN measurement,screening,25,best_tree1_candidate,0,1,false,1,511,150447603,3278804,5000,0,10000,153741407
1,0.1.0,model-level causal evidence; not a WAN measurement,screening,25,best_tree1_candidate,0,2,true,1,511,150447603,3278804,5000,0,10000,153741407
1,0.1.0,model-level causal evidence; not a WAN measurement,screening,25,best_tree1_candidate,1,0,false,1,511,152148405,2248400,5000,0,10000,154411805
1,0.1.0,model-level causal evidence; not a WAN measurement,screening,25,best_tree1_candidate,1,1,false,1,511,152148405,3276000,5000,0,10000,155439405
1,0.1.0,model-level causal evidence; not a WAN measurement,screening,25,best_tree1_candidate,1,2,true,1,511,152148405,3276000,5000,0,10000,155439405
1,0.1.0,model-level causal evidence; not a WAN measurement,screening,25,best_tree1_candidate,2,0,false,1,511,152242402,2242399,5000,0,10000,154499801
1,0.1.0,model-level causal evidence; not a WAN measurement,screening,25,best_tree1_candidate,2,1,false,1,511,152242402,3269999,5000,0,10000,155527401
1,0.1.0,model-level causal evidence; not a WAN measurement,screening,25,best_tree1_candidate,2,2,true,1,511,152242402,3269999,5000,0,10000,155527401
1,0.1.0,model-level causal evidence; not a WAN measurement,screening,25,best_tree1_candidate,3,0,false,1,511,150324004,2251198,5000,0,10000,152590202
1,0.1.0,model-level causal evidence; not a WAN measurement,screening,25,best_tree1_candidate,3,1,false,1,511,150324004,3278798,5000,0,10000,153617802
1,0.1.0,model-level causal evidence; not a WAN measurement,screening,25,best_tree1_candidate,3,2,true,1,511,150324004,3278798,5000,0,10000,153617802
1,0.1.0,model-level causal evidence; not a WAN measurement,screening,25,best_tree1_candidate,4,0,false,1,511,151802008,2248400,5000,0,10000,154065408
1,0.1.0,model-level causal evidence; not a WAN measurement,screening,25,best_tree1_candidate,4,1,false,1,511,151802008,3276000,5000,0,10000,155093008
1,0.1.0,model-level causal evidence; not a WAN measurement,screening,25,best_tree1_candidate,4,2,true,1,511,151802008,3276000,5000,0,10000,155093008
1,0.1.0,model-level causal evidence; not a WAN measurement,screening,25,best_tree1_candidate,5,0,false,1,511,151656402,2226399,5000,0,10000,153897801
1,0.1.0,model-level causal evidence; not a WAN measurement,screening,25,best_tree1_candidate,5,1,false,1,511,151656402,3253999,5000,0,10000,154925401
1,0.1.0,model-level causal evidence; not a WAN measurement,screening,25,best_tree1_candidate,5,2,true,1,511,151656402,3253999,5000,0,10000,154925401
1,0.1.0,model-level causal evidence; not a WAN measurement,screening,25,best_tree1_candidate,6,0,false,1,511,151811205,2248400,5000,0,10000,154074605
1,0.1.0,model-level causal evidence; not a WAN measurement,screening,25,best_tree1_candidate,6,1,false,1,511,151811205,3276000,5000,0,10000,155102205
1,0.1.0,model-level causal evidence; not a WAN measurement,screening,25,best_tree1_candidate,6,2,true,1,511,151811205,3276000,5000,0,10000,155102205
1,0.1.0,model-level causal evidence; not a WAN measurement,screening,25,best_tree1_candidate,7,0,false,1,511,151292004,2232397,5000,0,10000,153539401
1,0.1.0,model-level causal evidence; not a WAN measurement,screening,25,best_tree1_candidate,7,1,false,1,511,151292004,3259997,5000,0,10000,154567001
1,0.1.0,model-level causal evidence; not a WAN measurement,screening,25,best_tree1_candidate,7,2,true,1,511,151292004,3259997,5000,0,10000,154567001
1,0.1.0,model-level causal evidence; not a WAN measurement,screening,25,best_tree1_candidate,8,0,false,1,511,152781603,2583198,5000,0,10000,155379801
1,0.1.0,model-level causal evidence; not a WAN measurement,screening,25,best_tree1_candidate,8,1,false,1,511,152781603,3610798,5000,0,10000,156407401
1,0.1.0,model-level causal evidence; not a WAN measurement,screening,25,best_tree1_candidate,8,2,true,1,511,152781603,3610798,5000,0,10000,156407401
1,0.1.0,model-level causal evidence; not a WAN measurement,screening,25,best_tree1_candidate,9,0,false,1,511,153195203,2220800,5000,0,10000,155431003
1,0.1.0,model-level causal evidence; not a WAN measurement,screening,25,best_tree1_candidate,9,1,false,1,511,153195203,3248400,5000,0,10000,156458603
1,0.1.0,model-level causal evidence; not a WAN measurement,screening,25,best_tree1_candidate,9,2,true,1,511,153195203,3248400,5000,0,10000,156458603
1,0.1.0,model-level causal evidence; not a WAN measurement,screening,25,best_tree1_candidate,10,0,false,1,511,149022404,2224004,5000,0,10000,151261408
1,0.1.0,model-level causal evidence; not a WAN measurement,screening,25,best_tree1_candidate,10,1,false,1,511,149022404,3251604,5000,0,10000,152289008
1,0.1.0,model-level causal evidence; not a WAN measurement,screening,25,best_tree1_candidate,10,2,true,1,511,149022404,3251604,5000,0,10000,152289008
1,0.1.0,model-level causal evidence; not a WAN measurement,screening,25,best_tree1_candidate,11,0,false,1,511,149088802,2220800,5000,0,10000,151324602
1,0.1.0,model-level causal evidence; not a WAN measurement,screening,25,best_tree1_candidate,11,1,false,1,511,149088802,3248400,5000,0,10000,152352202
1,0.1.0,model-level causal evidence; not a WAN measurement,screening,25,best_tree1_candidate,11,2,true,1,511,149088802,3248400,5000,0,10000,152352202
1,0.1.0,model-level causal evidence; not a WAN measurement,screening,25,best_tree1_candidate,12,0,false,1,511,150554002,2222800,5000,0,10000,152791802
1,0.1.0,model-level causal evidence; not a WAN measurement,screening,25,best_tree1_candidate,12,1,false,1,511,150554002,3250400,5000,0,10000,153819402
1,0.1.0,model-level causal evidence; not a WAN measurement,screening,25,best_tree1_candidate,12,2,true,1,511,150554002,3250400,5000,0,10000,153819402
1,0.1.0,model-level causal evidence; not a WAN measurement,screening,25,best_tree1_candidate,13,0,false,1,511,149035202,2220800,5000,0,10000,151271002
1,0.1.0,model-level causal evidence; not a WAN measurement,screening,25,best_tree1_candidate,13,1,false,1,511,149035202,3248400,5000,0,10000,152298602
1,0.1.0,model-level causal evidence; not a WAN measurement,screening,25,best_tree1_candidate,13,2,true,1,511,149035202,3248400,5000,0,10000,152298602
1,0.1.0,model-level causal evidence; not a WAN measurement,screening,25,best_tree1_candidate,14,0,false,1,511,152591602,2271999,5000,0,10000,154878601
1,0.1.0,model-level causal evidence; not a WAN measurement,screening,25,best_tree1_candidate,14,1,false,1,511,152591602,3299599,5000,0,10000,155906201
1,0.1.0,model-level causal evidence; not a WAN measurement,screening,25,best_tree1_candidate,14,2,true,1,511,152591602,3299599,5000,0,10000,155906201
1,0.1.0,model-level causal evidence; not a WAN measurement,screening,25,best_tree1_candidate,15,0,false,1,511,149952004,2220800,5000,0,10000,152187804
1,0.1.0,model-level causal evidence; not a WAN measurement,screening,25,best_tree1_candidate,15,1,false,1,511,149952004,3248400,5000,0,10000,153215404
1,0.1.0,model-level causal evidence; not a WAN measurement,screening,25,best_tree1_candidate,15,2,true,1,511,149952004,3248400,5000,0,10000,153215404
1,0.1.0,model-level causal evidence; not a WAN measurement,screening,25,best_tree1_candidate,16,0,false,1,511,151962405,2250399,5000,0,10000,154227804
1,0.1.0,model-level causal evidence; not a WAN measurement,screening,25,best_tree1_candidate,16,1,false,1,511,151962405,3277999,5000,0,10000,155255404
1,0.1.0,model-level causal evidence; not a WAN measurement,screening,25,best_tree1_candidate,16,2,true,1,511,151962405,3277999,5000,0,10000,155255404
1,0.1.0,model-level causal evidence; not a WAN measurement,screening,25,best_tree1_candidate,17,0,false,1,511,150617604,2383997,5000,0,10000,153016601
1,0.1.0,model-level causal evidence; not a WAN measurement,screening,25,best_tree1_candidate,17,1,false,1,511,150617604,3411597,5000,0,10000,154044201
1,0.1.0,model-level causal evidence; not a WAN measurement,screening,25,best_tree1_candidate,17,2,true,1,511,150617604,3411597,5000,0,10000,154044201
1,0.1.0,model-level causal evidence; not a WAN measurement,screening,25,best_tree1_candidate,18,0,false,1,511,150763602,2248400,5000,0,10000,153027002
1,0.1.0,model-level causal evidence; not a WAN measurement,screening,25,best_tree1_candidate,18,1,false,1,511,150763602,3276000,5000,0,10000,154054602
1,0.1.0,model-level causal evidence; not a WAN measurement,screening,25,best_tree1_candidate,18,2,true,1,511,150763602,3276000,5000,0,10000,154054602
1,0.1.0,model-level causal evidence; not a WAN measurement,screening,25,best_tree1_candidate,19,0,false,1,511,149515204,2220800,5000,0,10000,151751004
1,0.1.0,model-level causal evidence; not a WAN measurement,screening,25,best_tree1_candidate,19,1,false,1,511,149515204,3248400,5000,0,10000,152778604
1,0.1.0,model-level causal evidence; not a WAN measurement,screening,25,best_tree1_candidate,19,2,true,1,511,149515204,3248400,5000,0,10000,152778604
1,0.1.0,model-level causal evidence; not a WAN measurement,screening,25,best_tree1_candidate,20,0,false,1,511,152700402,2674801,5000,0,10000,155390203
1,0.1.0,model-level causal evidence; not a WAN measurement,screening,25,best_tree1_candidate,20,1,false,1,511,152700402,3702401,5000,0,10000,156417803
1,0.1.0,model-level causal evidence; not a WAN measurement,screening,25,best_tree1_candidate,20,2,true,1,511,152700402,3702401,5000,0,10000,156417803
1,0.1.0,model-level causal evidence; not a WAN measurement,screening,25,best_tree1_candidate,21,0,false,1,511,151794802,2248400,5000,0,10000,154058202
1,0.1.0,model-level causal evidence; not a WAN measurement,screening,25,best_tree1_candidate,21,1,false,1,511,151794802,3276000,5000,0,10000,155085802
1,0.1.0,model-level causal evidence; not a WAN measurement,screening,25,best_tree1_candidate,21,2,true,1,511,151794802,3276000,5000,0,10000,155085802
1,0.1.0,model-level causal evidence; not a WAN measurement,screening,25,best_tree1_candidate,22,0,false,1,511,148459207,2220800,5000,0,10000,150695007
1,0.1.0,model-level causal evidence; not a WAN measurement,screening,25,best_tree1_candidate,22,1,false,1,511,148459207,3248400,5000,0,10000,151722607
1,0.1.0,model-level causal evidence; not a WAN measurement,screening,25,best_tree1_candidate,22,2,true,1,511,148459207,3248400,5000,0,10000,151722607
1,0.1.0,model-level causal evidence; not a WAN measurement,screening,25,best_tree1_candidate,23,0,false,1,511,149483607,2220800,5000,0,10000,151719407
1,0.1.0,model-level causal evidence; not a WAN measurement,screening,25,best_tree1_candidate,23,1,false,1,511,149483607,3248400,5000,0,10000,152747007
1,0.1.0,model-level causal evidence; not a WAN measurement,screening,25,best_tree1_candidate,23,2,true,1,511,149483607,3248400,5000,0,10000,152747007
1,0.1.0,model-level causal evidence; not a WAN measurement,screening,25,best_tree1_candidate,24,0,false,1,511,151406802,2246399,5000,0,10000,153668201
1,0.1.0,model-level causal evidence; not a WAN measurement,screening,25,best_tree1_candidate,24,1,false,1,511,151406802,3273999,5000,0,10000,154695801
1,0.1.0,model-level causal evidence; not a WAN measurement,screening,25,best_tree1_candidate,24,2,true,1,511,151406802,3273999,5000,0,10000,154695801
1,0.1.0,model-level causal evidence; not a WAN measurement,screening,25,best_tree1_candidate,25,0,false,1,511,152435602,2220800,5000,0,10000,154671402
1,0.1.0,model-level causal evidence; not a WAN measurement,screening,25,best_tree1_candidate,25,1,false,1,511,152435602,3248400,5000,0,10000,155699002
1,0.1.0,model-level causal evidence; not a WAN measurement,screening,25,best_tree1_candidate,25,2,true,1,511,152435602,3248400,5000,0,10000,155699002
1,0.1.0,model-level causal evidence; not a WAN measurement,screening,25,best_tree1_candidate,26,0,false,1,511,149222003,2220800,5000,0,10000,151457803
1,0.1.0,model-level causal evidence; not a WAN measurement,screening,25,best_tree1_candidate,26,1,false,1,511,149222003,3248400,5000,0,10000,152485403
1,0.1.0,model-level causal evidence; not a WAN measurement,screening,25,best_tree1_candidate,26,2,true,1,511,149222003,3248400,5000,0,10000,152485403
1,0.1.0,model-level causal evidence; not a WAN measurement,screening,25,best_tree1_candidate,27,0,false,1,511,152390803,2244798,5000,0,10000,154650601
1,0.1.0,model-level causal evidence; not a WAN measurement,screening,25,best_tree1_candidate,27,1,false,1,511,152390803,3272398,5000,0,10000,155678201
1,0.1.0,model-level causal evidence; not a WAN measurement,screening,25,best_tree1_candidate,27,2,true,1,511,152390803,3272398,5000,0,10000,155678201
1,0.1.0,model-level causal evidence; not a WAN measurement,screening,25,best_tree1_candidate,28,0,false,1,511,149657602,2235599,5000,0,10000,151908201
1,0.1.0,model-level causal evidence; not a WAN measurement,screening,25,best_tree1_candidate,28,1,false,1,511,149657602,3263199,5000,0,10000,152935801
1,0.1.0,model-level causal evidence; not a WAN measurement,screening,25,best_tree1_candidate,28,2,true,1,511,149657602,3263199,5000,0,10000,152935801
1,0.1.0,model-level causal evidence; not a WAN measurement,screening,25,best_tree1_candidate,29,0,false,1,511,151206802,2646799,5000,0,10000,153868601
1,0.1.0,model-level causal evidence; not a WAN measurement,screening,25,best_tree1_candidate,29,1,false,1,511,151206802,3674399,5000,0,10000,154896201
1,0.1.0,model-level causal evidence; not a WAN measurement,screening,25,best_tree1_candidate,29,2,true,1,511,151206802,3674399,5000,0,10000,154896201
1,0.1.0,model-level causal evidence; not a WAN measurement,screening,25,best_tree1_candidate,30,0,false,1,511,149560404,2577599,5000,0,10000,152153003
1,0.1.0,model-level causal evidence; not a WAN measurement,screening,25,best_tree1_candidate,30,1,false,1,511,149560404,3605199,5000,0,10000,153180603
1,0.1.0,model-level causal evidence; not a WAN measurement,screening,25,best_tree1_candidate,30,2,true,1,511,149560404,3605199,5000,0,10000,153180603
1,0.1.0,model-level causal evidence; not a WAN measurement,screening,25,best_tree1_candidate,31,0,false,1,511,154157202,2637199,5000,0,10000,156809401
1,0.1.0,model-level causal evidence; not a WAN measurement,screening,25,best_tree1_candidate,31,1,false,1,511,154157202,3664799,5000,0,10000,157837001
1,0.1.0,model-level causal evidence; not a WAN measurement,screening,25,best_tree1_candidate,31,2,true,1,511,154157202,3664799,5000,0,10000,157837001
1,0.1.0,model-level causal evidence; not a WAN measurement,screening,50,carousel,0,0,false,0,257,74684408,2197199,5000,0,10000,76896607
1,0.1.0,model-level causal evidence; not a WAN measurement,screening,50,carousel,0,1,false,0,257,74684408,3224799,5000,0,10000,77924207
1,0.1.0,model-level causal evidence; not a WAN measurement,screening,50,carousel,0,2,true,0,257,74684408,3224799,5000,0,10000,77924207
1,0.1.0,model-level causal evidence; not a WAN measurement,screening,50,carousel,1,0,false,1,257,75622809,2193200,5000,0,10000,77831009
1,0.1.0,model-level causal evidence; not a WAN measurement,screening,50,carousel,1,1,false,1,257,75622809,3220800,5000,0,10000,78858609
1,0.1.0,model-level causal evidence; not a WAN measurement,screening,50,carousel,1,2,true,1,257,75622809,3220800,5000,0,10000,78858609
1,0.1.0,model-level causal evidence; not a WAN measurement,screening,50,carousel,2,0,false,0,257,74519606,2193200,5000,0,10000,76727806
1,0.1.0,model-level causal evidence; not a WAN measurement,screening,50,carousel,2,1,false,0,257,74519606,3220800,5000,0,10000,77755406
1,0.1.0,model-level causal evidence; not a WAN measurement,screening,50,carousel,2,2,true,0,257,74519606,3220800,5000,0,10000,77755406
1,0.1.0,model-level causal evidence; not a WAN measurement,screening,50,carousel,3,0,false,1,257,76028407,2212797,5000,0,10000,78256204
1,0.1.0,model-level causal evidence; not a WAN measurement,screening,50,carousel,3,1,false,1,257,76028407,3240397,5000,0,10000,79283804
1,0.1.0,model-level causal evidence; not a WAN measurement,screening,50,carousel,3,2,true,1,257,76028407,3240397,5000,0,10000,79283804
1,0.1.0,model-level causal evidence; not a WAN measurement,screening,50,carousel,4,0,false,1,257,74253210,2197200,5000,0,10000,76465410
1,0.1.0,model-level causal evidence; not a WAN measurement,screening,50,carousel,4,1,false,1,257,74253210,3224800,5000,0,10000,77493010
1,0.1.0,model-level causal evidence; not a WAN measurement,screening,50,carousel,4,2,true,1,257,74253210,3224800,5000,0,10000,77493010
1,0.1.0,model-level causal evidence; not a WAN measurement,screening,50,carousel,5,0,false,0,257,76170403,2240399,5000,0,10000,78425802
1,0.1.0,model-level causal evidence; not a WAN measurement,screening,50,carousel,5,1,false,0,257,76170403,3267999,5000,0,10000,79453402
1,0.1.0,model-level causal evidence; not a WAN measurement,screening,50,carousel,5,2,true,0,257,76170403,3267999,5000,0,10000,79453402
1,0.1.0,model-level causal evidence; not a WAN measurement,screening,50,carousel,6,0,false,1,257,76048804,2193200,5000,0,10000,78257004
1,0.1.0,model-level causal evidence; not a WAN measurement,screening,50,carousel,6,1,false,1,257,76048804,3220800,5000,0,10000,79284604
1,0.1.0,model-level causal evidence; not a WAN measurement,screening,50,carousel,6,2,true,1,257,76048804,3220800,5000,0,10000,79284604
1,0.1.0,model-level causal evidence; not a WAN measurement,screening,50,carousel,7,0,false,0,257,75203203,2367598,5000,0,10000,77585801
1,0.1.0,model-level causal evidence; not a WAN measurement,screening,50,carousel,7,1,false,0,257,75203203,3395198,5000,0,10000,78613401
1,0.1.0,model-level causal evidence; not a WAN measurement,screening,50,carousel,7,2,true,0,257,75203203,3395198,5000,0,10000,78613401
1,0.1.0,model-level causal evidence; not a WAN measurement,screening,50,carousel,8,0,false,0,257,74934803,2193200,5000,0,10000,77143003
1,0.1.0,model-level causal evidence; not a WAN measurement,screening,50,carousel,8,1,false,0,257,74934803,3220800,5000,0,10000,78170603
1,0.1.0,model-level causal evidence; not a WAN measurement,screening,50,carousel,8,2,true,0,257,74934803,3220800,5000,0,10000,78170603
1,0.1.0,model-level causal evidence; not a WAN measurement,screening,50,carousel,9,0,false,0,256,76737602,2193200,5000,0,10000,78945802
1,0.1.0,model-level causal evidence; not a WAN measurement,screening,50,carousel,9,1,false,0,256,76737602,3220800,5000,0,10000,79973402
1,0.1.0,model-level causal evidence; not a WAN measurement,screening,50,carousel,9,2,true,0,256,76737602,3220800,5000,0,10000,79973402
1,0.1.0,model-level causal evidence; not a WAN measurement,screening,50,carousel,10,0,false,1,257,76755205,2234796,5000,0,10000,79005001
1,0.1.0,model-level causal evidence; not a WAN measurement,screening,50,carousel,10,1,false,1,257,76755205,3262396,5000,0,10000,80032601
1,0.1.0,model-level causal evidence; not a WAN measurement,screening,50,carousel,10,2,true,1,257,76755205,3262396,5000,0,10000,80032601
1,0.1.0,model-level causal evidence; not a WAN measurement,screening,50,carousel,11,0,false,1,257,77003602,2220799,5000,0,10000,79239401
1,0.1.0,model-level causal evidence; not a WAN measurement,screening,50,carousel,11,1,false,1,257,77003602,3248399,5000,0,10000,80267001
1,0.1.0,model-level causal evidence; not a WAN measurement,screening,50,carousel,11,2,true,1,257,77003602,3248399,5000,0,10000,80267001
1,0.1.0,model-level causal evidence; not a WAN measurement,screening,50,carousel,12,0,false,1,257,75851602,2193200,5000,0,10000,78059802
1,0.1.0,model-level causal evidence; not a WAN measurement,screening,50,carousel,12,1,false,1,257,75851602,3220800,5000,0,10000,79087402
1,0.1.0,model-level causal evidence; not a WAN measurement,screening,50,carousel,12,2,true,1,257,75851602,3220800,5000,0,10000,79087402
1,0.1.0,model-level causal evidence; not a WAN measurement,screening,50,carousel,13,0,false,0,257,75940402,2240399,5000,0,10000,78195801
1,0.1.0,model-level causal evidence; not a WAN measurement,screening,50,carousel,13,1,false,0,257,75940402,3267999,5000,0,10000,79223401
1,0.1.0,model-level causal evidence; not a WAN measurement,screening,50,carousel,13,2,true,0,257,75940402,3267999,5000,0,10000,79223401
1,0.1.0,model-level causal evidence; not a WAN measurement,screening,50,carousel,14,0,false,1,257,75922802,2193200,5000,0,10000,78131002
1,0.1.0,model-level causal evidence; not a WAN measurement,screening,50,carousel,14,1,false,1,257,75922802,3220800,5000,0,10000,79158602
1,0.1.0,model-level causal evidence; not a WAN measurement,screening,50,carousel,14,2,true,1,257,75922802,3220800,5000,0,10000,79158602
1,0.1.0,model-level causal evidence; not a WAN measurement,screening,50,carousel,15,0,false,0,257,76345202,2193200,5000,0,10000,78553402
1,0.1.0,model-level causal evidence; not a WAN measurement,screening,50,carousel,15,1,false,0,257,76345202,3220800,5000,0,10000,79581002
1,0.1.0,model-level causal evidence; not a WAN measurement,screening,50,carousel,15,2,true,0,257,76345202,3220800,5000,0,10000,79581002
1,0.1.0,model-level causal evidence; not a WAN measurement,screening,50,carousel,16,0,false,0,256,76410002,2193200,5000,0,10000,78618202
1,0.1.0,model-level causal evidence; not a WAN measurement,screening,50,carousel,16,1,false,0,256,76410002,3220800,5000,0,10000,79645802
1,0.1.0,model-level causal evidence; not a WAN measurement,screening,50,carousel,16,2,true,0,256,76410002,3220800,5000,0,10000,79645802
1,0.1.0,model-level causal evidence; not a WAN measurement,screening,50,carousel,17,0,false,1,257,74916003,2385598,5000,0,10000,77316601
1,0.1.0,model-level causal evidence; not a WAN measurement,screening,50,carousel,17,1,false,1,257,74916003,3413198,5000,0,10000,78344201
1,0.1.0,model-level causal evidence; not a WAN measurement,screening,50,carousel,17,2,true,1,257,74916003,3413198,5000,0,10000,78344201
1,0.1.0,model-level causal evidence; not a WAN measurement,screening,50,carousel,18,0,false,0,257,75989602,2325999,5000,0,10000,78330601
1,0.1.0,model-level causal evidence; not a WAN measurement,screening,50,carousel,18,1,false,0,257,75989602,3353599,5000,0,10000,79358201
1,0.1.0,model-level causal evidence; not a WAN measurement,screening,50,carousel,18,2,true,0,257,75989602,3353599,5000,0,10000,79358201
1,0.1.0,model-level causal evidence; not a WAN measurement,screening,50,carousel,19,0,false,0,257,75106010,2193597,5000,0,10000,77314607
1,0.1.0,model-level causal evidence; not a WAN measurement,screening,50,carousel,19,1,false,0,257,75106010,3221197,5000,0,10000,78342207
1,0.1.0,model-level causal evidence; not a WAN measurement,screening,50,carousel,19,2,true,0,257,75106010,3221197,5000,0,10000,78342207
1,0.1.0,model-level causal evidence; not a WAN measurement,screening,50,carousel,20,0,false,0,257,75498802,2193200,5000,0,10000,77707002
1,0.1.0,model-level causal evidence; not a WAN measurement,screening,50,carousel,20,1,false,0,257,75498802,3220800,5000,0,10000,78734602
1,0.1.0,model-level causal evidence; not a WAN measurement,screening,50,carousel,20,2,true,0,257,75498802,3220800,5000,0,10000,78734602
1,0.1.0,model-level causal evidence; not a WAN measurement,screening,50,carousel,21,0,false,0,254,76121602,2235599,5000,0,10000,78372201
1,0.1.0,model-level causal evidence; not a WAN measurement,screening,50,carousel,21,1,false,0,254,76121602,3263199,5000,0,10000,79399801
1,0.1.0,model-level causal evidence; not a WAN measurement,screening,50,carousel,21,2,true,0,254,76121602,3263199,5000,0,10000,79399801
1,0.1.0,model-level causal evidence; not a WAN measurement,screening,50,carousel,22,0,false,0,258,74391606,2193200,5000,0,10000,76599806
1,0.1.0,model-level causal evidence; not a WAN measurement,screening,50,carousel,22,1,false,0,258,74391606,3220800,5000,0,10000,77627406
1,0.1.0,model-level causal evidence; not a WAN measurement,screening,50,carousel,22,2,true,0,258,74391606,3220800,5000,0,10000,77627406
1,0.1.0,model-level causal evidence; not a WAN measurement,screening,50,carousel,23,0,false,0,257,74970402,2234799,5000,0,10000,77220201
1,0.1.0,model-level causal evidence; not a WAN measurement,screening,50,carousel,23,1,false,0,257,74970402,3262399,5000,0,10000,78247801
1,0.1.0,model-level causal evidence; not a WAN measurement,screening,50,carousel,23,2,true,0,257,74970402,3262399,5000,0,10000,78247801
1,0.1.0,model-level causal evidence; not a WAN measurement,screening,50,carousel,24,0,false,1,254,76167203,2193200,5000,0,10000,78375403
1,0.1.0,model-level causal evidence; not a WAN measurement,screening,50,carousel,24,1,false,1,254,76167203,3220800,5000,0,10000,79403003
1,0.1.0,model-level causal evidence; not a WAN measurement,screening,50,carousel,24,2,true,1,254,76167203,3220800,5000,0,10000,79403003
1,0.1.0,model-level causal evidence; not a WAN measurement,screening,50,carousel,25,0,false,1,256,75976402,2193200,5000,0,10000,78184602
1,0.1.0,model-level causal evidence; not a WAN measurement,screening,50,carousel,25,1,false,1,256,75976402,3220800,5000,0,10000,79212202
1,0.1.0,model-level causal evidence; not a WAN measurement,screening,50,carousel,25,2,true,1,256,75976402,3220800,5000,0,10000,79212202
1,0.1.0,model-level causal evidence; not a WAN measurement,screening,50,carousel,26,0,false,1,255,75916004,2252400,5000,0,10000,78183404
1,0.1.0,model-level causal evidence; not a WAN measurement,screening,50,carousel,26,1,false,1,255,75916004,3280000,5000,0,10000,79211004
1,0.1.0,model-level causal evidence; not a WAN measurement,screening,50,carousel,26,2,true,1,255,75916004,3280000,5000,0,10000,79211004
1,0.1.0,model-level causal evidence; not a WAN measurement,screening,50,carousel,27,0,false,1,257,75210402,2439999,5000,0,10000,77665401
1,0.1.0,model-level causal evidence; not a WAN measurement,screening,50,carousel,27,1,false,1,257,75210402,3467599,5000,0,10000,78693001
1,0.1.0,model-level causal evidence; not a WAN measurement,screening,50,carousel,27,2,true,1,257,75210402,3467599,5000,0,10000,78693001
1,0.1.0,model-level causal evidence; not a WAN measurement,screening,50,carousel,28,0,false,0,258,75384008,2193200,5000,0,10000,77592208
1,0.1.0,model-level causal evidence; not a WAN measurement,screening,50,carousel,28,1,false,0,258,75384008,3220800,5000,0,10000,78619808
1,0.1.0,model-level causal evidence; not a WAN measurement,screening,50,carousel,28,2,true,0,258,75384008,3220800,5000,0,10000,78619808
1,0.1.0,model-level causal evidence; not a WAN measurement,screening,50,carousel,29,0,false,0,257,76737204,2248397,5000,0,10000,79000601
1,0.1.0,model-level causal evidence; not a WAN measurement,screening,50,carousel,29,1,false,0,257,76737204,3275997,5000,0,10000,80028201
1,0.1.0,model-level causal evidence; not a WAN measurement,screening,50,carousel,29,2,true,0,257,76737204,3275997,5000,0,10000,80028201
1,0.1.0,model-level causal evidence; not a WAN measurement,screening,50,carousel,30,0,false,1,257,75798804,2291197,5000,0,10000,78105001
1,0.1.0,model-level causal evidence; not a WAN measurement,screening,50,carousel,30,1,false,1,257,75798804,3318797,5000,0,10000,79132601
1,0.1.0,model-level causal evidence; not a WAN measurement,screening,50,carousel,30,2,true,1,257,75798804,3318797,5000,0,10000,79132601
1,0.1.0,model-level causal evidence; not a WAN measurement,screening,50,carousel,31,0,false,0,257,75666406,2193200,5000,0,10000,77874606
1,0.1.0,model-level causal evidence; not a WAN measurement,screening,50,carousel,31,1,false,0,257,75666406,3220800,5000,0,10000,78902206
1,0.1.0,model-level causal evidence; not a WAN measurement,screening,50,carousel,31,2,true,0,257,75666406,3220800,5000,0,10000,78902206
1,0.1.0,model-level causal evidence; not a WAN measurement,screening,50,per_stripe_fec,0,0,false,1,255,76328005,2290797,5000,0,10000,78633802
1,0.1.0,model-level causal evidence; not a WAN measurement,screening,50,per_stripe_fec,0,1,false,1,255,76328005,3318397,5000,0,10000,79661402
1,0.1.0,model-level causal evidence; not a WAN measurement,screening,50,per_stripe_fec,0,2,true,1,255,76328005,3318397,5000,0,10000,79661402
1,0.1.0,model-level causal evidence; not a WAN measurement,screening,50,per_stripe_fec,1,0,false,1,255,76926802,2293999,5000,0,10000,79235801
1,0.1.0,model-level causal evidence; not a WAN measurement,screening,50,per_stripe_fec,1,1,false,1,255,76926802,3321599,5000,0,10000,80263401
1,0.1.0,model-level causal evidence; not a WAN measurement,screening,50,per_stripe_fec,1,2,true,1,255,76926802,3321599,5000,0,10000,80263401
1,0.1.0,model-level causal evidence; not a WAN measurement,screening,50,per_stripe_fec,2,0,false,0,255,75205202,2634401,5000,0,10000,77854603
1,0.1.0,model-level causal evidence; not a WAN measurement,screening,50,per_stripe_fec,2,1,false,0,255,75205202,3662001,5000,0,10000,78882203
1,0.1.0,model-level causal evidence; not a WAN measurement,screening,50,per_stripe_fec,2,2,true,0,255,75205202,3662001,5000,0,10000,78882203
1,0.1.0,model-level causal evidence; not a WAN measurement,screening,50,per_stripe_fec,3,0,false,0,255,77486006,2598398,5000,0,10000,80099404
1,0.1.0,model-level causal evidence; not a WAN measurement,screening,50,per_stripe_fec,3,1,false,0,255,77486006,3625998,5000,0,10000,81127004
1,0.1.0,model-level causal evidence; not a WAN measurement,screening,50,per_stripe_fec,3,2,true,0,255,77486006,3625998,5000,0,10000,81127004
1,0.1.0,model-level causal evidence; not a WAN measurement,screening,50,per_stripe_fec,4,0,false,1,255,77063203,2197199,5000,0,10000,79275402
1,0.1.0,model-level causal evidence; not a WAN measurement,screening,50,per_stripe_fec,4,1,false,1,255,77063203,3224799,5000,0,10000,80303002
1,0.1.0,model-level causal evidence; not a WAN measurement,screening,50,per_stripe_fec,4,2,true,1,255,77063203,3224799,5000,0,10000,80303002
1,0.1.0,model-level causal evidence; not a WAN measurement,screening,50,per_stripe_fec,5,0,false,0,255,77138802,2851199,5000,0,10000,80005001
1,0.1.0,model-level causal evidence; not a WAN measurement,screening,50,per_stripe_fec,5,1,false,0,255,77138802,3878799,5000,0,10000,81032601
1,0.1.0,model-level causal evidence; not a WAN measurement,screening,50,per_stripe_fec,5,2,true,0,255,77138802,3878799,5000,0,10000,81032601
1,0.1.0,model-level causal evidence; not a WAN measurement,screening,50,per_stripe_fec,6,0,false,1,255,76307205,2548396,5000,0,10000,78870601
1,0.1.0,model-level causal evidence; not a WAN measurement,screening,50,per_stripe_fec,6,1,false,1,255,76307205,3575996,5000,0,10000,79898201
1,0.1.0,model-level causal evidence; not a WAN measurement,screening,50,per_stripe_fec,6,2,true,1,255,76307205,3575996,5000,0,10000,79898201
1,0.1.0,model-level causal evidence; not a WAN measurement,screening,50,per_stripe_fec,7,0,false,1,255,75965604,2405599,5000,0,10000,78386203
1,0.1.0,model-level causal evidence; not a WAN measurement,screening,50,per_stripe_fec,7,1,false,1,255,75965604,3433199,5000,0,10000,79413803
1,0.1.0,model-level causal evidence; not a WAN measurement,screening,50,per_stripe_fec,7,2,true,1,255,75965604,3433199,5000,0,10000,79413803
1,0.1.0,model-level causal evidence; not a WAN measurement,screening,50,per_stripe_fec,8,0,false,0,255,76252003,2244798,5000,0,10000,78511801
1,0.1.0,model-level causal evidence; not a WAN measurement,screening,50,per_stripe_fec,8,1,false,0,255,76252003,3272398,5000,0,10000,79539401
1,0.1.0,model-level causal evidence; not a WAN measurement,screening,50,per_stripe_fec,8,2,true,0,255,76252003,3272398,5000,0,10000,79539401
1,0.1.0,model-level causal evidence; not a WAN measurement,screening,50,per_stripe_fec,9,0,false,0,255,75646808,2205993,5000,0,10000,77867801
1,0.1.0,model-level causal evidence; not a WAN measurement,screening,50,per_stripe_fec,9,1,false,0,255,75646808,3233593,5000,0,10000,78895401
1,0.1.0,model-level causal evidence; not a WAN measurement,screening,50,per_stripe_fec,9,2,true,0,255,75646808,3233593,5000,0,10000,78895401
1,0.1.0,model-level causal evidence; not a WAN measurement,screening,50,per_stripe_fec,10,0,false,1,255,75500805,2193200,5000,0,10000,77709005
1,0.1.0,model-level causal evidence; not a WAN measurement,screening,50,per_stripe_fec,10,1,false,1,255,75500805,3220800,5000,0,10000,78736605
1,0.1.0,model-level causal evidence; not a WAN measurement,screening,50,per_stripe_fec,10,2,true,1,255,75500805,3220800,5000,0,10000,78736605
1,0.1.0,model-level causal evidence; not a WAN measurement,screening,50,per_stripe_fec,11,0,false,1,255,76618802,2218799,5000,0,10000,78852601
1,0.1.0,model-level causal evidence; not a WAN measurement,screening,50,per_stripe_fec,11,1,false,1,255,76618802,3246399,5000,0,10000,79880201
1,0.1.0,model-level causal evidence; not a WAN measurement,screening,50,per_stripe_fec,11,2,true,1,255,76618802,3246399,5000,0,10000,79880201
1,0.1.0,model-level causal evidence; not a WAN measurement,screening,50,per_stripe_fec,12,0,false,0,255,76995603,2220800,5000,0,10000,79231403
1,0.1.0,model-level causal evidence; not a WAN measurement,screening,50,per_stripe_fec,12,1,false,0,255,76995603,3248400,5000,0,10000,80259003
1,0.1.0,model-level causal evidence; not a WAN measurement,screening,50,per_stripe_fec,12,2,true,0,255,76995603,3248400,5000,0,10000,80259003
1,0.1.0,model-level causal evidence; not a WAN measurement,screening,50,per_stripe_fec,13,0,false,1,255,77128006,2193200,5000,0,10000,79336206
1,0.1.0,model-level causal evidence; not a WAN measurement,screening,50,per_stripe_fec,13,1,false,1,255,77128006,3220800,5000,0,10000,80363806
1,0.1.0,model-level causal evidence; not a WAN measurement,screening,50,per_stripe_fec,13,2,true,1,255,77128006,3220800,5000,0,10000,80363806
1,0.1.0,model-level causal evidence; not a WAN measurement,screening,50,per_stripe_fec,14,0,false,1,255,74614813,2236399,5000,0,10000,76866212
1,0.1.0,model-level causal evidence; not a WAN measurement,screening,50,per_stripe_fec,14,1,false,1,255,74614813,3263999,5000,0,10000,77893812
1,0.1.0,model-level causal evidence; not a WAN measurement,screening,50,per_stripe_fec,14,2,true,1,255,74614813,3263999,5000,0,10000,77893812
1,0.1.0,model-level causal evidence; not a WAN measurement,screening,50,per_stripe_fec,15,0,false,0,255,75814404,2240400,5000,0,10000,78069804
1,0.1.0,model-level causal evidence; not a WAN measurement,screening,50,per_stripe_fec,15,1,false,0,255,75814404,3268000,5000,0,10000,79097404
1,0.1.0,model-level causal evidence; not a WAN measurement,screening,50,per_stripe_fec,15,2,true,0,255,75814404,3268000,5000,0,10000,79097404
1,0.1.0,model-level causal evidence; not a WAN measurement,screening,50,per_stripe_fec,16,0,false,1,255,75457605,2197200,5000,0,10000,77669805
1,0.1.0,model-level causal evidence; not a WAN measurement,screening,50,per_stripe_fec,16,1,false,1,255,75457605,3224800,5000,0,10000,78697405
1,0.1.0,model-level causal evidence; not a WAN measurement,screening,50,per_stripe_fec,16,2,true,1,255,75457605,3224800,5000,0,10000,78697405
1,0.1.0,model-level causal evidence; not a WAN measurement,screening,50,per_stripe_fec,17,0,false,0,255,76148002,2882799,5000,0,10000,79045801
1,0.1.0,model-level causal evidence; not a WAN measurement,screening,50,per_stripe_fec,17,1,false,0,255,76148002,3910399,5000,0,10000,80073401
1,0.1.0,model-level causal evidence; not a WAN measurement,screening,50,per_stripe_fec,17,2,true,0,255,76148002,3910399,5000,0,10000,80073401
1,0.1.0,model-level causal evidence; not a WAN measurement,screening,50,per_stripe_fec,18,0,false,1,255,75792403,2647599,5000,0,10000,78455002
1,0.1.0,model-level causal evidence; not a WAN measurement,screening,50,per_stripe_fec,18,1,false,1,255,75792403,3675199,5000,0,10000,79482602
1,0.1.0,model-level causal evidence; not a WAN measurement,screening,50,per_stripe_fec,18,2,true,1,255,75792403,3675199,5000,0,10000,79482602
1,0.1.0,model-level causal evidence; not a WAN measurement,screening,50,per_stripe_fec,19,0,false,1,255,76330804,2220399,5000,0,10000,78566203
1,0.1.0,model-level causal evidence; not a WAN measurement,screening,50,per_stripe_fec,19,1,false,1,255,76330804,3247999,5000,0,10000,79593803
1,0.1.0,model-level causal evidence; not a WAN measurement,screening,50,per_stripe_fec,19,2,true,1,255,76330804,3247999,5000,0,10000,79593803
1,0.1.0,model-level causal evidence; not a WAN measurement,screening,50,per_stripe_fec,20,0,false,1,255,76310002,2750802,5000,0,10000,79075804
1,0.1.0,model-level causal evidence; not a WAN measurement,screening,50,per_stripe_fec,20,1,false,1,255,76310002,3778402,5000,0,10000,80103404
1,0.1.0,model-level causal evidence; not a WAN measurement,screening,50,per_stripe_fec,20,2,true,1,255,76310002,3778402,5000,0,10000,80103404
1,0.1.0,model-level causal evidence; not a WAN measurement,screening,50,per_stripe_fec,21,0,false,1,255,75638405,2296798,5000,0,10000,77950203
1,0.1.0,model-level causal evidence; not a WAN measurement,screening,50,per_stripe_fec,21,1,false,1,255,75638405,3324398,5000,0,10000,78977803
1,0.1.0,model-level causal evidence; not a WAN measurement,screening,50,per_stripe_fec,21,2,true,1,255,75638405,3324398,5000,0,10000,78977803
1,0.1.0,model-level causal evidence; not a WAN measurement,screening,50,per_stripe_fec,22,0,false,0,255,75988005,2311196,5000,0,10000,78314201
1,0.1.0,model-level causal evidence; not a WAN measurement,screening,50,per_stripe_fec,22,1,false,0,255,75988005,3338796,5000,0,10000,79341801
1,0.1.0,model-level causal evidence; not a WAN measurement,screening,50,per_stripe_fec,22,2,true,0,255,75988005,3338796,5000,0,10000,79341801
1,0.1.0,model-level causal evidence; not a WAN measurement,screening,50,per_stripe_fec,23,0,false,1,255,76939603,2233599,5000,0,10000,79188202
1,0.1.0,model-level causal evidence; not a WAN measurement,screening,50,per_stripe_fec,23,1,false,1,255,76939603,3261199,5000,0,10000,80215802
1,0.1.0,model-level causal evidence; not a WAN measurement,screening,50,per_stripe_fec,23,2,true,1,255,76939603,3261199,5000,0,10000,80215802
1,0.1.0,model-level causal evidence; not a WAN measurement,screening,50,per_stripe_fec,24,0,false,0,255,77565603,2250399,5000,0,10000,79831002
1,0.1.0,model-level causal evidence; not a WAN measurement,screening,50,per_stripe_fec,24,1,false,0,255,77565603,3277999,5000,0,10000,80858602
1,0.1.0,model-level causal evidence; not a WAN measurement,screening,50,per_stripe_fec,24,2,true,0,255,77565603,3277999,5000,0,10000,80858602
1,0.1.0,model-level causal evidence; not a WAN measurement,screening,50,per_stripe_fec,25,0,false,1,255,76934406,2193200,5000,0,10000,79142606
1,0.1.0,model-level causal evidence; not a WAN measurement,screening,50,per_stripe_fec,25,1,false,1,255,76934406,3220800,5000,0,10000,80170206
1,0.1.0,model-level causal evidence; not a WAN measurement,screening,50,per_stripe_fec,25,2,true,1,255,76934406,3220800,5000,0,10000,80170206
1,0.1.0,model-level causal evidence; not a WAN measurement,screening,50,per_stripe_fec,26,0,false,0,255,75121206,2375597,5000,0,10000,77511803
1,0.1.0,model-level causal evidence; not a WAN measurement,screening,50,per_stripe_fec,26,1,false,0,255,75121206,3403197,5000,0,10000,78539403
1,0.1.0,model-level causal evidence; not a WAN measurement,screening,50,per_stripe_fec,26,2,true,0,255,75121206,3403197,5000,0,10000,78539403
1,0.1.0,model-level causal evidence; not a WAN measurement,screening,50,per_stripe_fec,27,0,false,0,255,78008805,2193200,5000,0,10000,80217005
1,0.1.0,model-level causal evidence; not a WAN measurement,screening,50,per_stripe_fec,27,1,false,0,255,78008805,3220800,5000,0,10000,81244605
1,0.1.0,model-level causal evidence; not a WAN measurement,screening,50,per_stripe_fec,27,2,true,0,255,78008805,3220800,5000,0,10000,81244605
1,0.1.0,model-level causal evidence; not a WAN measurement,screening,50,per_stripe_fec,28,0,false,1,255,76123202,2193200,5000,0,10000,78331402
1,0.1.0,model-level causal evidence; not a WAN measurement,screening,50,per_stripe_fec,28,1,false,1,255,76123202,3220800,5000,0,10000,79359002
1,0.1.0,model-level causal evidence; not a WAN measurement,screening,50,per_stripe_fec,28,2,true,1,255,76123202,3220800,5000,0,10000,79359002
1,0.1.0,model-level causal evidence; not a WAN measurement,screening,50,per_stripe_fec,29,0,false,0,255,77386405,2193200,5000,0,10000,79594605
1,0.1.0,model-level causal evidence; not a WAN measurement,screening,50,per_stripe_fec,29,1,false,0,255,77386405,3220800,5000,0,10000,80622205
1,0.1.0,model-level causal evidence; not a WAN measurement,screening,50,per_stripe_fec,29,2,true,0,255,77386405,3220800,5000,0,10000,80622205
1,0.1.0,model-level causal evidence; not a WAN measurement,screening,50,per_stripe_fec,30,0,false,1,255,74973204,2193997,5000,0,10000,77182201
1,0.1.0,model-level causal evidence; not a WAN measurement,screening,50,per_stripe_fec,30,1,false,1,255,74973204,3221597,5000,0,10000,78209801
1,0.1.0,model-level causal evidence; not a WAN measurement,screening,50,per_stripe_fec,30,2,true,1,255,74973204,3221597,5000,0,10000,78209801
1,0.1.0,model-level causal evidence; not a WAN measurement,screening,50,per_stripe_fec,31,0,false,0,255,76574002,2424799,5000,0,10000,79013801
1,0.1.0,model-level causal evidence; not a WAN measurement,screening,50,per_stripe_fec,31,1,false,0,255,76574002,3452399,5000,0,10000,80041401
1,0.1.0,model-level causal evidence; not a WAN measurement,screening,50,per_stripe_fec,31,2,true,0,255,76574002,3452399,5000,0,10000,80041401
1,0.1.0,model-level causal evidence; not a WAN measurement,screening,50,best_tree0_candidate,0,0,false,0,511,152471607,2240399,5000,0,10000,154727006
1,0.1.0,model-level causal evidence; not a WAN measurement,screening,50,best_tree0_candidate,0,1,false,0,511,152471607,3267999,5000,0,10000,155754606
1,0.1.0,model-level causal evidence; not a WAN measurement,screening,50,best_tree0_candidate,0,2,true,0,511,152471607,3267999,5000,0,10000,155754606
1,0.1.0,model-level causal evidence; not a WAN measurement,screening,50,best_tree0_candidate,1,0,false,0,511,150995206,2193200,5000,0,10000,153203406
1,0.1.0,model-level causal evidence; not a WAN measurement,screening,50,best_tree0_candidate,1,1,false,0,511,150995206,3220800,5000,0,10000,154231006
1,0.1.0,model-level causal evidence; not a WAN measurement,screening,50,best_tree0_candidate,1,2,true,0,511,150995206,3220800,5000,0,10000,154231006
1,0.1.0,model-level causal evidence; not a WAN measurement,screening,50,best_tree0_candidate,2,0,false,0,511,151234409,2240392,5000,0,10000,153489801
1,0.1.0,model-level causal evidence; not a WAN measurement,screening,50,best_tree0_candidate,2,1,false,0,511,151234409,3267992,5000,0,10000,154517401
1,0.1.0,model-level causal evidence; not a WAN measurement,screening,50,best_tree0_candidate,2,2,true,0,511,151234409,3267992,5000,0,10000,154517401
1,0.1.0,model-level causal evidence; not a WAN measurement,screening,50,best_tree0_candidate,3,0,false,0,511,146883602,2202799,5000,0,10000,149101401
1,0.1.0,model-level causal evidence; not a WAN measurement,screening,50,best_tree0_candidate,3,1,false,0,511,146883602,3230399,5000,0,10000,150129001
1,0.1.0,model-level causal evidence; not a WAN measurement,screening,50,best_tree0_candidate,3,2,true,0,511,146883602,3230399,5000,0,10000,150129001
1,0.1.0,model-level causal evidence; not a WAN measurement,screening,50,best_tree0_candidate,4,0,false,0,511,150822804,2193200,5000,0,10000,153031004
1,0.1.0,model-level causal evidence; not a WAN measurement,screening,50,best_tree0_candidate,4,1,false,0,511,150822804,3220800,5000,0,10000,154058604
1,0.1.0,model-level causal evidence; not a WAN measurement,screening,50,best_tree0_candidate,4,2,true,0,511,150822804,3220800,5000,0,10000,154058604
1,0.1.0,model-level causal evidence; not a WAN measurement,screening,50,best_tree0_candidate,5,0,false,0,511,147575603,2301599,5000,0,10000,149892202
1,0.1.0,model-level causal evidence; not a WAN measurement,screening,50,best_tree0_candidate,5,1,false,0,511,147575603,3329199,5000,0,10000,150919802
1,0.1.0,model-level causal evidence; not a WAN measurement,screening,50,best_tree0_candidate,5,2,true,0,511,147575603,3329199,5000,0,10000,150919802
1,0.1.0,model-level causal evidence; not a WAN measurement,screening,50,best_tree0_candidate,6,0,false,0,511,149831603,2240399,5000,0,10000,152087002
1,0.1.0,model-level causal evidence; not a WAN measurement,screening,50,best_tree0_candidate,6,1,false,0,511,149831603,3267999,5000,0,10000,153114602
1,0.1.0,model-level causal evidence; not a WAN measurement,screening,50,best_tree0_candidate,6,2,true,0,511,149831603,3267999,5000,0,10000,153114602
1,0.1.0,model-level causal evidence; not a WAN measurement,screening,50,best_tree0_candidate,7,0,false,0,511,152376804,2193200,5000,0,10000,154585004
1,0.1.0,model-level causal evidence; not a WAN measurement,screening,50,best_tree0_candidate,7,1,false,0,511,152376804,3220800,5000,0,10000,155612604
1,0.1.0,model-level causal evidence; not a WAN measurement,screening,50,best_tree0_candidate,7,2,true,0,511,152376804,3220800,5000,0,10000,155612604
1,0.1.0,model-level causal evidence; not a WAN measurement,screening,50,best_tree0_candidate,8,0,false,0,511,151988005,2725197,5000,0,10000,154728202
1,0.1.0,model-level causal evidence; not a WAN measurement,screening,50,best_tree0_candidate,8,1,false,0,511,151988005,3752797,5000,0,10000,155755802
1,0.1.0,model-level causal evidence; not a WAN measurement,screening,50,best_tree0_candidate,8,2,true,0,511,151988005,3752797,5000,0,10000,155755802
1,0.1.0,model-level causal evidence; not a WAN measurement,screening,50,best_tree0_candidate,9,0,false,0,511,149320005,2199999,5000,0,10000,151535004
1,0.1.0,model-level causal evidence; not a WAN measurement,screening,50,best_tree0_candidate,9,1,false,0,511,149320005,3227599,5000,0,10000,152562604
1,0.1.0,model-level causal evidence; not a WAN measurement,screening,50,best_tree0_candidate,9,2,true,0,511,149320005,3227599,5000,0,10000,152562604
1,0.1.0,model-level causal evidence; not a WAN measurement,screening,50,best_tree0_candidate,10,0,false,0,511,151644802,2517999,5000,0,10000,154177801
1,0.1.0,model-level causal evidence; not a WAN measurement,screening,50,best_tree0_candidate,10,1,false,0,511,151644802,3545599,5000,0,10000,155205401
1,0.1.0,model-level causal evidence; not a WAN measurement,screening,50,best_tree0_candidate,10,2,true,0,511,151644802,3545599,5000,0,10000,155205401
1,0.1.0,model-level causal evidence; not a WAN measurement,screening,50,best_tree0_candidate,11,0,false,0,511,149286002,2249999,5000,0,10000,151551001
1,0.1.0,model-level causal evidence; not a WAN measurement,screening,50,best_tree0_candidate,11,1,false,0,511,149286002,3277599,5000,0,10000,152578601
1,0.1.0,model-level causal evidence; not a WAN measurement,screening,50,best_tree0_candidate,11,2,true,0,511,149286002,3277599,5000,0,10000,152578601
1,0.1.0,model-level causal evidence; not a WAN measurement,screening,50,best_tree0_candidate,12,0,false,0,511,151178802,2303599,5000,0,10000,153497401
1,0.1.0,model-level causal evidence; not a WAN measurement,screening,50,best_tree0_candidate,12,1,false,0,511,151178802,3331199,5000,0,10000,154525001
1,0.1.0,model-level causal evidence; not a WAN measurement,screening,50,best_tree0_candidate,12,2,true,0,511,151178802,3331199,5000,0,10000,154525001
1,0.1.0,model-level causal evidence; not a WAN measurement,screening,50,best_tree0_candidate,13,0,false,0,511,148461606,2193200,5000,0,10000,150669806
1,0.1.0,model-level causal evidence; not a WAN measurement,screening,50,best_tree0_candidate,13,1,false,0,511,148461606,3220800,5000,0,10000,151697406
1,0.1.0,model-level causal evidence; not a WAN measurement,screening,50,best_tree0_candidate,13,2,true,0,511,148461606,3220800,5000,0,10000,151697406
1,0.1.0,model-level causal evidence; not a WAN measurement,screening,50,best_tree0_candidate,14,0,false,0,511,147755202,2214799,5000,0,10000,149985001
1,0.1.0,model-level causal evidence; not a WAN measurement,screening,50,best_tree0_candidate,14,1,false,0,511,147755202,3242399,5000,0,10000,151012601
1,0.1.0,model-level causal evidence; not a WAN measurement,screening,50,best_tree0_candidate,14,2,true,0,511,147755202,3242399,5000,0,10000,151012601
1,0.1.0,model-level causal evidence; not a WAN measurement,screening,50,best_tree0_candidate,15,0,false,0,511,147660406,2193200,5000,0,10000,149868606
1,0.1.0,model-level causal evidence; not a WAN measurement,screening,50,best_tree0_candidate,15,1,false,0,511,147660406,3220800,5000,0,10000,150896206
1,0.1.0,model-level causal evidence; not a WAN measurement,screening,50,best_tree0_candidate,15,2,true,0,511,147660406,3220800,5000,0,10000,150896206
1,0.1.0,model-level causal evidence; not a WAN measurement,screening,50,best_tree0_candidate,16,0,false,0,511,151149602,2289999,5000,0,10000,153454601
1,0.1.0,model-level causal evidence; not a WAN measurement,screening,50,best_tree0_candidate,16,1,false,0,511,151149602,3317599,5000,0,10000,154482201
1,0.1.0,model-level causal evidence; not a WAN measurement,screening,50,best_tree0_candidate,16,2,true,0,511,151149602,3317599,5000,0,10000,154482201
1,0.1.0,model-level causal evidence; not a WAN measurement,screening,50,best_tree0_candidate,17,0,false,0,511,149306802,2238400,5000,0,10000,151560202
1,0.1.0,model-level causal evidence; not a WAN measurement,screening,50,best_tree0_candidate,17,1,false,0,511,149306802,3266000,5000,0,10000,152587802
1,0.1.0,model-level causal evidence; not a WAN measurement,screening,50,best_tree0_candidate,17,2,true,0,511,149306802,3266000,5000,0,10000,152587802
1,0.1.0,model-level causal evidence; not a WAN measurement,screening,50,best_tree0_candidate,18,0,false,0,511,148294404,2193200,5000,0,10000,150502604
1,0.1.0,model-level causal evidence; not a WAN measurement,screening,50,best_tree0_candidate,18,1,false,0,511,148294404,3220800,5000,0,10000,151530204
1,0.1.0,model-level causal evidence; not a WAN measurement,screening,50,best_tree0_candidate,18,2,true,0,511,148294404,3220800,5000,0,10000,151530204
1,0.1.0,model-level causal evidence; not a WAN measurement,screening,50,best_tree0_candidate,19,0,false,0,511,150369606,2198801,5000,0,10000,152583407
1,0.1.0,model-level causal evidence; not a WAN measurement,screening,50,best_tree0_candidate,19,1,false,0,511,150369606,3226401,5000,0,10000,153611007
1,0.1.0,model-level causal evidence; not a WAN measurement,screening,50,best_tree0_candidate,19,2,true,0,511,150369606,3226401,5000,0,10000,153611007
1,0.1.0,model-level causal evidence; not a WAN measurement,screening,50,best_tree0_candidate,20,0,false,0,511,148146806,2342799,5000,0,10000,150504605
1,0.1.0,model-level causal evidence; not a WAN measurement,screening,50,best_tree0_candidate,20,1,false,0,511,148146806,3370399,5000,0,10000,151532205
1,0.1.0,model-level causal evidence; not a WAN measurement,screening,50,best_tree0_candidate,20,2,true,0,511,148146806,3370399,5000,0,10000,151532205
1,0.1.0,model-level causal evidence; not a WAN measurement,screening,50,best_tree0_candidate,21,0,false,0,511,146824003,2226799,5000,0,10000,149065802
1,0.1.0,model-level causal evidence; not a WAN measurement,screening,50,best_tree0_candidate,21,1,false,0,511,146824003,3254399,5000,0,10000,150093402
1,0.1.0,model-level causal evidence; not a WAN measurement,screening,50,best_tree0_candidate,21,2,true,0,511,146824003,3254399,5000,0,10000,150093402
1,0.1.0,model-level causal evidence; not a WAN measurement,screening,50,best_tree0_candidate,22,0,false,0,511,152006806,2207200,5000,0,10000,154229006
1,0.1.0,model-level causal evidence; not a WAN measurement,screening,50,best_tree0_candidate,22,1,false,0,511,152006806,3234800,5000,0,10000,155256606
1,0.1.0,model-level causal evidence; not a WAN measurement,screening,50,best_tree0_candidate,22,2,true,0,511,152006806,3234800,5000,0,10000,155256606
1,0.1.0,model-level causal evidence; not a WAN measurement,screening,50,best_tree0_candidate,23,0,false,0,511,149947612,2193200,5000,0,10000,152155812
1,0.1.0,model-level causal evidence; not a WAN measurement,screening,50,best_tree0_candidate,23,1,false,0,511,149947612,3220800,5000,0,10000,153183412
1,0.1.0,model-level causal evidence; not a WAN measurement,screening,50,best_tree0_candidate,23,2,true,0,511,149947612,3220800,5000,0,10000,153183412
1,0.1.0,model-level causal evidence; not a WAN measurement,screening,50,best_tree0_candidate,24,0,false,0,511,147564403,2221202,5000,0,10000,149800605
1,0.1.0,model-level causal evidence; not a WAN measurement,screening,50,best_tree0_candidate,24,1,false,0,511,147564403,3248802,5000,0,10000,150828205
1,0.1.0,model-level causal evidence; not a WAN measurement,screening,50,best_tree0_candidate,24,2,true,0,511,147564403,3248802,5000,0,10000,150828205
1,0.1.0,model-level causal evidence; not a WAN measurement,screening,50,best_tree0_candidate,25,0,false,0,511,149882807,2280000,5000,0,10000,152177807
1,0.1.0,model-level causal evidence; not a WAN measurement,screening,50,best_tree0_candidate,25,1,false,0,511,149882807,3307600,5000,0,10000,153205407
1,0.1.0,model-level causal evidence; not a WAN measurement,screening,50,best_tree0_candidate,25,2,true,0,511,149882807,3307600,5000,0,10000,153205407
1,0.1.0,model-level causal evidence; not a WAN measurement,screening,50,best_tree0_candidate,26,0,false,0,511,149792802,2193200,5000,0,10000,152001002
1,0.1.0,model-level causal evidence; not a WAN measurement,screening,50,best_tree0_candidate,26,1,false,0,511,149792802,3220800,5000,0,10000,153028602
1,0.1.0,model-level causal evidence; not a WAN measurement,screening,50,best_tree0_candidate,26,2,true,0,511,149792802,3220800,5000,0,10000,153028602
1,0.1.0,model-level causal evidence; not a WAN measurement,screening,50,best_tree0_candidate,27,0,false,0,511,149735602,2193200,5000,0,10000,151943802
1,0.1.0,model-level causal evidence; not a WAN measurement,screening,50,best_tree0_candidate,27,1,false,0,511,149735602,3220800,5000,0,10000,152971402
1,0.1.0,model-level causal evidence; not a WAN measurement,screening,50,best_tree0_candidate,27,2,true,0,511,149735602,3220800,5000,0,10000,152971402
1,0.1.0,model-level causal evidence; not a WAN measurement,screening,50,best_tree0_candidate,28,0,false,0,511,148034407,2223997,5000,0,10000,150273404
1,0.1.0,model-level causal evidence; not a WAN measurement,screening,50,best_tree0_candidate,28,1,false,0,511,148034407,3251597,5000,0,10000,151301004
1,0.1.0,model-level causal evidence; not a WAN measurement,screening,50,best_tree0_candidate,28,2,true,0,511,148034407,3251597,5000,0,10000,151301004
1,0.1.0,model-level causal evidence; not a WAN measurement,screening,50,best_tree0_candidate,29,0,false,0,511,147545603,2283200,5000,0,10000,149843803
1,0.1.0,model-level causal evidence; not a WAN measurement,screening,50,best_tree0_candidate,29,1,false,0,511,147545603,3310800,5000,0,10000,150871403
1,0.1.0,model-level causal evidence; not a WAN measurement,screening,50,best_tree0_candidate,29,2,true,0,511,147545603,3310800,5000,0,10000,150871403
1,0.1.0,model-level causal evidence; not a WAN measurement,screening,50,best_tree0_candidate,30,0,false,0,511,149392408,2193200,5000,0,10000,151600608
1,0.1.0,model-level causal evidence; not a WAN measurement,screening,50,best_tree0_candidate,30,1,false,0,511,149392408,3220800,5000,0,10000,152628208
1,0.1.0,model-level causal evidence; not a WAN measurement,screening,50,best_tree0_candidate,30,2,true,0,511,149392408,3220800,5000,0,10000,152628208
1,0.1.0,model-level causal evidence; not a WAN measurement,screening,50,best_tree0_candidate,31,0,false,0,511,149173602,2415599,5000,0,10000,151604201
1,0.1.0,model-level causal evidence; not a WAN measurement,screening,50,best_tree0_candidate,31,1,false,0,511,149173602,3443199,5000,0,10000,152631801
1,0.1.0,model-level causal evidence; not a WAN measurement,screening,50,best_tree0_candidate,31,2,true,0,511,149173602,3443199,5000,0,10000,152631801
1,0.1.0,model-level causal evidence; not a WAN measurement,screening,50,best_tree1_candidate,0,0,false,1,511,150879202,2678400,5000,0,10000,153572602
1,0.1.0,model-level causal evidence; not a WAN measurement,screening,50,best_tree1_candidate,0,1,false,1,511,150879202,3706000,5000,0,10000,154600202
1,0.1.0,model-level causal evidence; not a WAN measurement,screening,50,best_tree1_candidate,0,2,true,1,511,150879202,3706000,5000,0,10000,154600202
1,0.1.0,model-level causal evidence; not a WAN measurement,screening,50,best_tree1_candidate,1,0,false,1,511,148873204,2193200,5000,0,10000,151081404
1,0.1.0,model-level causal evidence; not a WAN measurement,screening,50,best_tree1_candidate,1,1,false,1,511,148873204,3220800,5000,0,10000,152109004
1,0.1.0,model-level causal evidence; not a WAN measurement,screening,50,best_tree1_candidate,1,2,true,1,511,148873204,3220800,5000,0,10000,152109004
1,0.1.0,model-level causal evidence; not a WAN measurement,screening,50,best_tree1_candidate,2,0,false,1,511,151508004,2193200,5000,0,10000,153716204
1,0.1.0,model-level causal evidence; not a WAN measurement,screening,50,best_tree1_candidate,2,1,false,1,511,151508004,3220800,5000,0,10000,154743804
1,0.1.0,model-level causal evidence; not a WAN measurement,screening,50,best_tree1_candidate,2,2,true,1,511,151508004,3220800,5000,0,10000,154743804
1,0.1.0,model-level causal evidence; not a WAN measurement,screening,50,best_tree1_candidate,3,0,false,1,511,147854002,2287599,5000,0,10000,150156601
1,0.1.0,model-level causal evidence; not a WAN measurement,screening,50,best_tree1_candidate,3,1,false,1,511,147854002,3315199,5000,0,10000,151184201
1,0.1.0,model-level causal evidence; not a WAN measurement,screening,50,best_tree1_candidate,3,2,true,1,511,147854002,3315199,5000,0,10000,151184201
1,0.1.0,model-level causal evidence; not a WAN measurement,screening,50,best_tree1_candidate,4,0,false,1,511,148464802,2221199,5000,0,10000,150701001
1,0.1.0,model-level causal evidence; not a WAN measurement,screening,50,best_tree1_candidate,4,1,false,1,511,148464802,3248799,5000,0,10000,151728601
1,0.1.0,model-level causal evidence; not a WAN measurement,screening,50,best_tree1_candidate,4,2,true,1,511,148464802,3248799,5000,0,10000,151728601
1,0.1.0,model-level causal evidence; not a WAN measurement,screening,50,best_tree1_candidate,5,0,false,1,511,149607602,2525999,5000,0,10000,152148601
1,0.1.0,model-level causal evidence; not a WAN measurement,screening,50,best_tree1_candidate,5,1,false,1,511,149607602,3553599,5000,0,10000,153176201
1,0.1.0,model-level causal evidence; not a WAN measurement,screening,50,best_tree1_candidate,5,2,true,1,511,149607602,3553599,5000,0,10000,153176201
1,0.1.0,model-level causal evidence; not a WAN measurement,screening,50,best_tree1_candidate,6,0,false,1,511,150002004,2634800,5000,0,10000,152651804
1,0.1.0,model-level causal evidence; not a WAN measurement,screening,50,best_tree1_candidate,6,1,false,1,511,150002004,3662400,5000,0,10000,153679404
1,0.1.0,model-level causal evidence; not a WAN measurement,screening,50,best_tree1_candidate,6,2,true,1,511,150002004,3662400,5000,0,10000,153679404
1,0.1.0,model-level causal evidence; not a WAN measurement,screening,50,best_tree1_candidate,7,0,false,1,511,148558002,2270399,5000,0,10000,150843401
1,0.1.0,model-level causal evidence; not a WAN measurement,screening,50,best_tree1_candidate,7,1,false,1,511,148558002,3297999,5000,0,10000,151871001
1,0.1.0,model-level causal evidence; not a WAN measurement,screening,50,best_tree1_candidate,7,2,true,1,511,148558002,3297999,5000,0,10000,151871001
1,0.1.0,model-level causal evidence; not a WAN measurement,screening,50,best_tree1_candidate,8,0,false,1,511,148510805,2251996,5000,0,10000,150777801
1,0.1.0,model-level causal evidence; not a WAN measurement,screening,50,best_tree1_candidate,8,1,false,1,511,148510805,3279596,5000,0,10000,151805401
1,0.1.0,model-level causal evidence; not a WAN measurement,screening,50,best_tree1_candidate,8,2,true,1,511,148510805,3279596,5000,0,10000,151805401
1,0.1.0,model-level causal evidence; not a WAN measurement,screening,50,best_tree1_candidate,9,0,false,1,511,150873603,2220800,5000,0,10000,153109403
1,0.1.0,model-level causal evidence; not a WAN measurement,screening,50,best_tree1_candidate,9,1,false,1,511,150873603,3248400,5000,0,10000,154137003
1,0.1.0,model-level causal evidence; not a WAN measurement,screening,50,best_tree1_candidate,9,2,true,1,511,150873603,3248400,5000,0,10000,154137003
1,0.1.0,model-level causal evidence; not a WAN measurement,screening,50,best_tree1_candidate,10,0,false,1,511,147990406,2193200,5000,0,10000,150198606
1,0.1.0,model-level causal evidence; not a WAN measurement,screening,50,best_tree1_candidate,10,1,false,1,511,147990406,3220800,5000,0,10000,151226206
1,0.1.0,model-level causal evidence; not a WAN measurement,screening,50,best_tree1_candidate,10,2,true,1,511,147990406,3220800,5000,0,10000,151226206
1,0.1.0,model-level causal evidence; not a WAN measurement,screening,50,best_tree1_candidate,11,0,false,1,511,147924005,2218799,5000,0,10000,150157804
1,0.1.0,model-level causal evidence; not a WAN measurement,screening,50,best_tree1_candidate,11,1,false,1,511,147924005,3246399,5000,0,10000,151185404
1,0.1.0,model-level causal evidence; not a WAN measurement,screening,50,best_tree1_candidate,11,2,true,1,511,147924005,3246399,5000,0,10000,151185404
1,0.1.0,model-level causal evidence; not a WAN measurement,screening,50,best_tree1_candidate,12,0,false,1,511,150566808,2250399,5000,0,10000,152832207
1,0.1.0,model-level causal evidence; not a WAN measurement,screening,50,best_tree1_candidate,12,1,false,1,511,150566808,3277999,5000,0,10000,153859807
1,0.1.0,model-level causal evidence; not a WAN measurement,screening,50,best_tree1_candidate,12,2,true,1,511,150566808,3277999,5000,0,10000,153859807
1,0.1.0,model-level causal evidence; not a WAN measurement,screening,50,best_tree1_candidate,13,0,false,1,511,146054404,2193200,5000,0,10000,148262604
1,0.1.0,model-level causal evidence; not a WAN measurement,screening,50,best_tree1_candidate,13,1,false,1,511,146054404,3220800,5000,0,10000,149290204
1,0.1.0,model-level causal evidence; not a WAN measurement,screening,50,best_tree1_candidate,13,2,true,1,511,146054404,3220800,5000,0,10000,149290204
1,0.1.0,model-level causal evidence; not a WAN measurement,screening,50,best_tree1_candidate,14,0,false,1,511,149533202,2352799,5000,0,10000,151901001
1,0.1.0,model-level causal evidence; not a WAN measurement,screening,50,best_tree1_candidate,14,1,false,1,511,149533202,3380399,5000,0,10000,152928601
1,0.1.0,model-level causal evidence; not a WAN measurement,screening,50,best_tree1_candidate,14,2,true,1,511,149533202,3380399,5000,0,10000,152928601
1,0.1.0,model-level causal evidence; not a WAN measurement,screening,50,best_tree1_candidate,15,0,false,1,511,146586402,2574800,5000,0,10000,149176202
1,0.1.0,model-level causal evidence; not a WAN measurement,screening,50,best_tree1_candidate,15,1,false,1,511,146586402,3602400,5000,0,10000,150203802
1,0.1.0,model-level causal evidence; not a WAN measurement,screening,50,best_tree1_candidate,15,2,true,1,511,146586402,3602400,5000,0,10000,150203802
1,0.1.0,model-level causal evidence; not a WAN measurement,screening,50,best_tree1_candidate,16,0,false,1,511,148707202,2193200,5000,0,10000,150915402
1,0.1.0,model-level causal evidence; not a WAN measurement,screening,50,best_tree1_candidate,16,1,false,1,511,148707202,3220800,5000,0,10000,151943002
1,0.1.0,model-level causal evidence; not a WAN measurement,screening,50,best_tree1_candidate,16,2,true,1,511,148707202,3220800,5000,0,10000,151943002
1,0.1.0,model-level causal evidence; not a WAN measurement,screening,50,best_tree1_candidate,17,0,false,1,511,149376009,2831999,5000,0,10000,152223008
1,0.1.0,model-level causal evidence; not a WAN measurement,screening,50,best_tree1_candidate,17,1,false,1,511,149376009,3859599,5000,0,10000,153250608
1,0.1.0,model-level causal evidence; not a WAN measurement,screening,50,best_tree1_candidate,17,2,true,1,511,149376009,3859599,5000,0,10000,153250608
1,0.1.0,model-level causal evidence; not a WAN measurement,screening,50,best_tree1_candidate,18,0,false,1,511,150272402,2210800,5000,0,10000,152498202
1,0.1.0,model-level causal evidence; not a WAN measurement,screening,50,best_tree1_candidate,18,1,false,1,511,150272402,3238400,5000,0,10000,153525802
1,0.1.0,model-level causal evidence; not a WAN measurement,screening,50,best_tree1_candidate,18,2,true,1,511,150272402,3238400,5000,0,10000,153525802
1,0.1.0,model-level causal evidence; not a WAN measurement,screening,50,best_tree1_candidate,19,0,false,1,511,152312404,2193200,5000,0,10000,154520604
1,0.1.0,model-level causal evidence; not a WAN measurement,screening,50,best_tree1_candidate,19,1,false,1,511,152312404,3220800,5000,0,10000,155548204
1,0.1.0,model-level causal evidence; not a WAN measurement,screening,50,best_tree1_candidate,19,2,true,1,511,152312404,3220800,5000,0,10000,155548204
1,0.1.0,model-level causal evidence; not a WAN measurement,screening,50,best_tree1_candidate,20,0,false,1,511,150494802,2193200,5000,0,10000,152703002
1,0.1.0,model-level causal evidence; not a WAN measurement,screening,50,best_tree1_candidate,20,1,false,1,511,150494802,3220800,5000,0,10000,153730602
1,0.1.0,model-level causal evidence; not a WAN measurement,screening,50,best_tree1_candidate,20,2,true,1,511,150494802,3220800,5000,0,10000,153730602
1,0.1.0,model-level causal evidence; not a WAN measurement,screening,50,best_tree1_candidate,21,0,false,1,511,148122804,2644397,5000,0,10000,150782201
1,0.1.0,model-level causal evidence; not a WAN measurement,screening,50,best_tree1_candidate,21,1,false,1,511,148122804,3671997,5000,0,10000,151809801
1,0.1.0,model-level causal evidence; not a WAN measurement,screening,50,best_tree1_candidate,21,2,true,1,511,148122804,3671997,5000,0,10000,151809801
1,0.1.0,model-level causal evidence; not a WAN measurement,screening,50,best_tree1_candidate,22,0,false,1,511,149535602,2237199,5000,0,10000,151787801
1,0.1.0,model-level causal evidence; not a WAN measurement,screening,50,best_tree1_candidate,22,1,false,1,511,149535602,3264799,5000,0,10000,152815401
1,0.1.0,model-level causal evidence; not a WAN measurement,screening,50,best_tree1_candidate,22,2,true,1,511,149535602,3264799,5000,0,10000,152815401
1,0.1.0,model-level causal evidence; not a WAN measurement,screening,50,best_tree1_candidate,23,0,false,1,511,150035208,2193200,5000,0,10000,152243408
1,0.1.0,model-level causal evidence; not a WAN measurement,screening,50,best_tree1_candidate,23,1,false,1,511,150035208,3220800,5000,0,10000,153271008
1,0.1.0,model-level causal evidence; not a WAN measurement,screening,50,best_tree1_candidate,23,2,true,1,511,150035208,3220800,5000,0,10000,153271008
1,0.1.0,model-level causal evidence; not a WAN measurement,screening,50,best_tree1_candidate,24,0,false,1,511,150919203,2224800,5000,0,10000,153159003
1,0.1.0,model-level causal evidence; not a WAN measurement,screening,50,best_tree1_candidate,24,1,false,1,511,150919203,3252400,5000,0,10000,154186603
1,0.1.0,model-level causal evidence; not a WAN measurement,screening,50,best_tree1_candidate,24,2,true,1,511,150919203,3252400,5000,0,10000,154186603
1,0.1.0,model-level causal evidence; not a WAN measurement,screening,50,best_tree1_candidate,25,0,false,1,511,148766803,2285998,5000,0,10000,151067801
1,0.1.0,model-level causal evidence; not a WAN measurement,screening,50,best_tree1_candidate,25,1,false,1,511,148766803,3313598,5000,0,10000,152095401
1,0.1.0,model-level causal evidence; not a WAN measurement,screening,50,best_tree1_candidate,25,2,true,1,511,148766803,3313598,5000,0,10000,152095401
1,0.1.0,model-level causal evidence; not a WAN measurement,screening,50,best_tree1_candidate,26,0,false,1,511,147210402,2240007,5000,0,10000,149465409
1,0.1.0,model-level causal evidence; not a WAN measurement,screening,50,best_tree1_candidate,26,1,false,1,511,147210402,3267607,5000,0,10000,150493009
1,0.1.0,model-level causal evidence; not a WAN measurement,screening,50,best_tree1_candidate,26,2,true,1,511,147210402,3267607,5000,0,10000,150493009
1,0.1.0,model-level causal evidence; not a WAN measurement,screening,50,best_tree1_candidate,27,0,false,1,511,148141602,2321199,5000,0,10000,150477801
1,0.1.0,model-level causal evidence; not a WAN measurement,screening,50,best_tree1_candidate,27,1,false,1,511,148141602,3348799,5000,0,10000,151505401
1,0.1.0,model-level causal evidence; not a WAN measurement,screening,50,best_tree1_candidate,27,2,true,1,511,148141602,3348799,5000,0,10000,151505401
1,0.1.0,model-level causal evidence; not a WAN measurement,screening,50,best_tree1_candidate,28,0,false,1,511,147728009,2453200,5000,0,10000,150196209
1,0.1.0,model-level causal evidence; not a WAN measurement,screening,50,best_tree1_candidate,28,1,false,1,511,147728009,3480800,5000,0,10000,151223809
1,0.1.0,model-level causal evidence; not a WAN measurement,screening,50,best_tree1_candidate,28,2,true,1,511,147728009,3480800,5000,0,10000,151223809
1,0.1.0,model-level causal evidence; not a WAN measurement,screening,50,best_tree1_candidate,29,0,false,1,511,152605204,2337199,5000,0,10000,154957403
1,0.1.0,model-level causal evidence; not a WAN measurement,screening,50,best_tree1_candidate,29,1,false,1,511,152605204,3364799,5000,0,10000,155985003
1,0.1.0,model-level causal evidence; not a WAN measurement,screening,50,best_tree1_candidate,29,2,true,1,511,152605204,3364799,5000,0,10000,155985003
1,0.1.0,model-level causal evidence; not a WAN measurement,screening,50,best_tree1_candidate,30,0,false,1,511,150159607,2193200,5000,0,10000,152367807
1,0.1.0,model-level causal evidence; not a WAN measurement,screening,50,best_tree1_candidate,30,1,false,1,511,150159607,3220800,5000,0,10000,153395407
1,0.1.0,model-level causal evidence; not a WAN measurement,screening,50,best_tree1_candidate,30,2,true,1,511,150159607,3220800,5000,0,10000,153395407
1,0.1.0,model-level causal evidence; not a WAN measurement,screening,50,best_tree1_candidate,31,0,false,1,511,150298405,2218796,5000,0,10000,152532201
1,0.1.0,model-level causal evidence; not a WAN measurement,screening,50,best_tree1_candidate,31,1,false,1,511,150298405,3246396,5000,0,10000,153559801
1,0.1.0,model-level causal evidence; not a WAN measurement,screening,50,best_tree1_candidate,31,2,true,1,511,150298405,3246396,5000,0,10000,153559801
1,0.1.0,model-level causal evidence; not a WAN measurement,decisive,100,carousel,0,0,false,0,257,72102004,2138000,5000,0,10000,74255004
1,0.1.0,model-level causal evidence; not a WAN measurement,decisive,100,carousel,0,1,false,0,257,72102004,3165600,5000,0,10000,75282604
1,0.1.0,model-level causal evidence; not a WAN measurement,decisive,100,carousel,0,2,true,0,257,72102004,3165600,5000,0,10000,75282604
1,0.1.0,model-level causal evidence; not a WAN measurement,decisive,100,carousel,1,0,false,0,257,71899606,2138000,5000,0,10000,74052606
1,0.1.0,model-level causal evidence; not a WAN measurement,decisive,100,carousel,1,1,false,0,257,71899606,3165600,5000,0,10000,75080206
1,0.1.0,model-level causal evidence; not a WAN measurement,decisive,100,carousel,1,2,true,0,257,71899606,3165600,5000,0,10000,75080206
1,0.1.0,model-level causal evidence; not a WAN measurement,decisive,100,carousel,2,0,false,0,257,71895202,2138000,5000,0,10000,74048202
1,0.1.0,model-level causal evidence; not a WAN measurement,decisive,100,carousel,2,1,false,0,257,71895202,3165600,5000,0,10000,75075802
1,0.1.0,model-level causal evidence; not a WAN measurement,decisive,100,carousel,2,2,true,0,257,71895202,3165600,5000,0,10000,75075802
1,0.1.0,model-level causal evidence; not a WAN measurement,decisive,100,carousel,3,0,false,0,257,71812402,2138000,5000,0,10000,73965402
1,0.1.0,model-level causal evidence; not a WAN measurement,decisive,100,carousel,3,1,false,0,257,71812402,3165600,5000,0,10000,74993002
1,0.1.0,model-level causal evidence; not a WAN measurement,decisive,100,carousel,3,2,true,0,257,71812402,3165600,5000,0,10000,74993002
1,0.1.0,model-level causal evidence; not a WAN measurement,decisive,100,carousel,4,0,false,0,257,73309602,2163599,5000,0,10000,75488201
1,0.1.0,model-level causal evidence; not a WAN measurement,decisive,100,carousel,4,1,false,0,257,73309602,3191199,5000,0,10000,76515801
1,0.1.0,model-level causal evidence; not a WAN measurement,decisive,100,carousel,4,2,true,0,257,73309602,3191199,5000,0,10000,76515801
1,0.1.0,model-level causal evidence; not a WAN measurement,decisive,100,carousel,5,0,false,0,257,71885603,2138000,5000,0,10000,74038603
1,0.1.0,model-level causal evidence; not a WAN measurement,decisive,100,carousel,5,1,false,0,257,71885603,3165600,5000,0,10000,75066203
1,0.1.0,model-level causal evidence; not a WAN measurement,decisive,100,carousel,5,2,true,0,257,71885603,3165600,5000,0,10000,75066203
1,0.1.0,model-level causal evidence; not a WAN measurement,decisive,100,carousel,6,0,false,0,257,72899606,2138000,5000,0,10000,75052606
1,0.1.0,model-level causal evidence; not a WAN measurement,decisive,100,carousel,6,1,false,0,257,72899606,3165600,5000,0,10000,76080206
1,0.1.0,model-level causal evidence; not a WAN measurement,decisive,100,carousel,6,2,true,0,257,72899606,3165600,5000,0,10000,76080206
1,0.1.0,model-level causal evidence; not a WAN measurement,decisive,100,carousel,7,0,false,0,257,72506806,2138000,5000,0,10000,74659806
1,0.1.0,model-level causal evidence; not a WAN measurement,decisive,100,carousel,7,1,false,0,257,72506806,3165600,5000,0,10000,75687406
1,0.1.0,model-level causal evidence; not a WAN measurement,decisive,100,carousel,7,2,true,0,257,72506806,3165600,5000,0,10000,75687406
1,0.1.0,model-level causal evidence; not a WAN measurement,decisive,100,carousel,8,0,false,0,257,72510403,2138000,5000,0,10000,74663403
1,0.1.0,model-level causal evidence; not a WAN measurement,decisive,100,carousel,8,1,false,0,257,72510403,3165600,5000,0,10000,75691003
1,0.1.0,model-level causal evidence; not a WAN measurement,decisive,100,carousel,8,2,true,0,257,72510403,3165600,5000,0,10000,75691003
1,0.1.0,model-level causal evidence; not a WAN measurement,decisive,100,carousel,9,0,false,0,257,72903203,2138000,5000,0,10000,75056203
1,0.1.0,model-level causal evidence; not a WAN measurement,decisive,100,carousel,9,1,false,0,257,72903203,3165600,5000,0,10000,76083803
1,0.1.0,model-level causal evidence; not a WAN measurement,decisive,100,carousel,9,2,true,0,257,72903203,3165600,5000,0,10000,76083803
1,0.1.0,model-level causal evidence; not a WAN measurement,decisive,100,carousel,10,0,false,0,257,72406007,2138000,5000,0,10000,74559007
1,0.1.0,model-level causal evidence; not a WAN measurement,decisive,100,carousel,10,1,false,0,257,72406007,3165600,5000,0,10000,75586607
1,0.1.0,model-level causal evidence; not a WAN measurement,decisive,100,carousel,10,2,true,0,257,72406007,3165600,5000,0,10000,75586607
1,0.1.0,model-level causal evidence; not a WAN measurement,decisive,100,carousel,11,0,false,0,257,71762803,2138000,5000,0,10000,73915803
1,0.1.0,model-level causal evidence; not a WAN measurement,decisive,100,carousel,11,1,false,0,257,71762803,3165600,5000,0,10000,74943403
1,0.1.0,model-level causal evidence; not a WAN measurement,decisive,100,carousel,11,2,true,0,257,71762803,3165600,5000,0,10000,74943403
1,0.1.0,model-level causal evidence; not a WAN measurement,decisive,100,carousel,12,0,false,0,257,72794007,2138000,5000,0,10000,74947007
1,0.1.0,model-level causal evidence; not a WAN measurement,decisive,100,carousel,12,1,false,0,257,72794007,3165600,5000,0,10000,75974607
1,0.1.0,model-level causal evidence; not a WAN measurement,decisive,100,carousel,12,2,true,0,257,72794007,3165600,5000,0,10000,75974607
1,0.1.0,model-level causal evidence; not a WAN measurement,decisive,100,carousel,13,0,false,0,257,72384004,2290397,5000,0,10000,74689401
1,0.1.0,model-level causal evidence; not a WAN measurement,decisive,100,carousel,13,1,false,0,257,72384004,3317997,5000,0,10000,75717001
1,0.1.0,model-level causal evidence; not a WAN measurement,decisive,100,carousel,13,2,true,0,257,72384004,3317997,5000,0,10000,75717001
1,0.1.0,model-level causal evidence; not a WAN measurement,decisive,100,carousel,14,0,false,0,257,72018007,2138000,5000,0,10000,74171007
1,0.1.0,model-level causal evidence; not a WAN measurement,decisive,100,carousel,14,1,false,0,257,72018007,3165600,5000,0,10000,75198607
1,0.1.0,model-level causal evidence; not a WAN measurement,decisive,100,carousel,14,2,true,0,257,72018007,3165600,5000,0,10000,75198607
1,0.1.0,model-level causal evidence; not a WAN measurement,decisive,100,carousel,15,0,false,0,257,73404003,2138000,5000,0,10000,75557003
1,0.1.0,model-level causal evidence; not a WAN measurement,decisive,100,carousel,15,1,false,0,257,73404003,3165600,5000,0,10000,76584603
1,0.1.0,model-level causal evidence; not a WAN measurement,decisive,100,carousel,15,2,true,0,257,73404003,3165600,5000,0,10000,76584603
1,0.1.0,model-level causal evidence; not a WAN measurement,decisive,100,carousel,16,0,false,0,257,73354404,2358800,5000,0,10000,75728204
1,0.1.0,model-level causal evidence; not a WAN measurement,decisive,100,carousel,16,1,false,0,257,73354404,3386400,5000,0,10000,76755804
1,0.1.0,model-level causal evidence; not a WAN measurement,decisive,100,carousel,16,2,true,0,257,73354404,3386400,5000,0,10000,76755804
1,0.1.0,model-level causal evidence; not a WAN measurement,decisive,100,carousel,17,0,false,0,257,72206002,2216799,5000,0,10000,74437801
1,0.1.0,model-level causal evidence; not a WAN measurement,decisive,100,carousel,17,1,false,0,257,72206002,3244399,5000,0,10000,75465401
1,0.1.0,model-level causal evidence; not a WAN measurement,decisive,100,carousel,17,2,true,0,257,72206002,3244399,5000,0,10000,75465401
1,0.1.0,model-level causal evidence; not a WAN measurement,decisive,100,carousel,18,0,false,0,257,72136408,2138000,5000,0,10000,74289408
1,0.1.0,model-level causal evidence; not a WAN measurement,decisive,100,carousel,18,1,false,0,257,72136408,3165600,5000,0,10000,75317008
1,0.1.0,model-level causal evidence; not a WAN measurement,decisive,100,carousel,18,2,true,0,257,72136408,3165600,5000,0,10000,75317008
1,0.1.0,model-level causal evidence; not a WAN measurement,decisive,100,carousel,19,0,false,0,257,72329602,2281599,5000,0,10000,74626201
1,0.1.0,model-level causal evidence; not a WAN measurement,decisive,100,carousel,19,1,false,0,257,72329602,3309199,5000,0,10000,75653801
1,0.1.0,model-level causal evidence; not a WAN measurement,decisive,100,carousel,19,2,true,0,257,72329602,3309199,5000,0,10000,75653801
1,0.1.0,model-level causal evidence; not a WAN measurement,decisive,100,carousel,20,0,false,0,257,72491611,2336390,5000,0,10000,74843001
1,0.1.0,model-level causal evidence; not a WAN measurement,decisive,100,carousel,20,1,false,0,257,72491611,3363990,5000,0,10000,75870601
1,0.1.0,model-level causal evidence; not a WAN measurement,decisive,100,carousel,20,2,true,0,257,72491611,3363990,5000,0,10000,75870601
1,0.1.0,model-level causal evidence; not a WAN measurement,decisive,100,carousel,21,0,false,0,257,71810404,2325197,5000,0,10000,74150601
1,0.1.0,model-level causal evidence; not a WAN measurement,decisive,100,carousel,21,1,false,0,257,71810404,3352797,5000,0,10000,75178201
1,0.1.0,model-level causal evidence; not a WAN measurement,decisive,100,carousel,21,2,true,0,257,71810404,3352797,5000,0,10000,75178201
1,0.1.0,model-level causal evidence; not a WAN measurement,decisive,100,carousel,22,0,false,0,257,72713203,2197998,5000,0,10000,74926201
1,0.1.0,model-level causal evidence; not a WAN measurement,decisive,100,carousel,22,1,false,0,257,72713203,3225598,5000,0,10000,75953801
1,0.1.0,model-level causal evidence; not a WAN measurement,decisive,100,carousel,22,2,true,0,257,72713203,3225598,5000,0,10000,75953801
1,0.1.0,model-level causal evidence; not a WAN measurement,decisive,100,carousel,23,0,false,0,257,72838002,2138000,5000,0,10000,74991002
1,0.1.0,model-level causal evidence; not a WAN measurement,decisive,100,carousel,23,1,false,0,257,72838002,3165600,5000,0,10000,76018602
1,0.1.0,model-level causal evidence; not a WAN measurement,decisive,100,carousel,23,2,true,0,257,72838002,3165600,5000,0,10000,76018602
1,0.1.0,model-level causal evidence; not a WAN measurement,decisive,100,carousel,24,0,false,0,257,74305602,2139999,5000,0,10000,76460601
1,0.1.0,model-level causal evidence; not a WAN measurement,decisive,100,carousel,24,1,false,0,257,74305602,3167599,5000,0,10000,77488201
1,0.1.0,model-level causal evidence; not a WAN measurement,decisive,100,carousel,24,2,true,0,257,74305602,3167599,5000,0,10000,77488201
1,0.1.0,model-level causal evidence; not a WAN measurement,decisive,100,carousel,25,0,false,0,257,72710003,2138000,5000,0,10000,74863003
1,0.1.0,model-level causal evidence; not a WAN measurement,decisive,100,carousel,25,1,false,0,257,72710003,3165600,5000,0,10000,75890603
1,0.1.0,model-level causal evidence; not a WAN measurement,decisive,100,carousel,25,2,true,0,257,72710003,3165600,5000,0,10000,75890603
1,0.1.0,model-level causal evidence; not a WAN measurement,decisive,100,carousel,26,0,false,0,257,72899606,2138000,5000,0,10000,75052606
1,0.1.0,model-level causal evidence; not a WAN measurement,decisive,100,carousel,26,1,false,0,257,72899606,3165600,5000,0,10000,76080206
1,0.1.0,model-level causal evidence; not a WAN measurement,decisive,100,carousel,26,2,true,0,257,72899606,3165600,5000,0,10000,76080206
1,0.1.0,model-level causal evidence; not a WAN measurement,decisive,100,carousel,27,0,false,0,257,72299607,2138000,5000,0,10000,74452607
1,0.1.0,model-level causal evidence; not a WAN measurement,decisive,100,carousel,27,1,false,0,257,72299607,3165600,5000,0,10000,75480207
1,0.1.0,model-level causal evidence; not a WAN measurement,decisive,100,carousel,27,2,true,0,257,72299607,3165600,5000,0,10000,75480207
1,0.1.0,model-level causal evidence; not a WAN measurement,decisive,100,carousel,28,0,false,0,257,72938804,2138000,5000,0,10000,75091804
1,0.1.0,model-level causal evidence; not a WAN measurement,decisive,100,carousel,28,1,false,0,257,72938804,3165600,5000,0,10000,76119404
1,0.1.0,model-level causal evidence; not a WAN measurement,decisive,100,carousel,28,2,true,0,257,72938804,3165600,5000,0,10000,76119404
1,0.1.0,model-level causal evidence; not a WAN measurement,decisive,100,carousel,29,0,false,0,257,73025204,2138000,5000,0,10000,75178204
1,0.1.0,model-level causal evidence; not a WAN measurement,decisive,100,carousel,29,1,false,0,257,73025204,3165600,5000,0,10000,76205804
1,0.1.0,model-level causal evidence; not a WAN measurement,decisive,100,carousel,29,2,true,0,257,73025204,3165600,5000,0,10000,76205804
1,0.1.0,model-level causal evidence; not a WAN measurement,decisive,100,carousel,30,0,false,0,257,72186807,2151595,5000,0,10000,74353402
1,0.1.0,model-level causal evidence; not a WAN measurement,decisive,100,carousel,30,1,false,0,257,72186807,3179195,5000,0,10000,75381002
1,0.1.0,model-level causal evidence; not a WAN measurement,decisive,100,carousel,30,2,true,0,257,72186807,3179195,5000,0,10000,75381002
1,0.1.0,model-level causal evidence; not a WAN measurement,decisive,100,carousel,31,0,false,0,257,72616802,2138000,5000,0,10000,74769802
1,0.1.0,model-level causal evidence; not a WAN measurement,decisive,100,carousel,31,1,false,0,257,72616802,3165600,5000,0,10000,75797402
1,0.1.0,model-level causal evidence; not a WAN measurement,decisive,100,carousel,31,2,true,0,257,72616802,3165600,5000,0,10000,75797402
1,0.1.0,model-level causal evidence; not a WAN measurement,decisive,100,carousel,32,0,false,0,257,72537606,2138000,5000,0,10000,74690606
1,0.1.0,model-level causal evidence; not a WAN measurement,decisive,100,carousel,32,1,false,0,257,72537606,3165600,5000,0,10000,75718206
1,0.1.0,model-level causal evidence; not a WAN measurement,decisive,100,carousel,32,2,true,0,257,72537606,3165600,5000,0,10000,75718206
1,0.1.0,model-level causal evidence; not a WAN measurement,decisive,100,carousel,33,0,false,0,257,72964002,2138000,5000,0,10000,75117002
1,0.1.0,model-level causal evidence; not a WAN measurement,decisive,100,carousel,33,1,false,0,257,72964002,3165600,5000,0,10000,76144602
1,0.1.0,model-level causal evidence; not a WAN measurement,decisive,100,carousel,33,2,true,0,257,72964002,3165600,5000,0,10000,76144602
1,0.1.0,model-level causal evidence; not a WAN measurement,decisive,100,carousel,34,0,false,0,257,72932403,2138000,5000,0,10000,75085403
1,0.1.0,model-level causal evidence; not a WAN measurement,decisive,100,carousel,34,1,false,0,257,72932403,3165600,5000,0,10000,76113003
1,0.1.0,model-level causal evidence; not a WAN measurement,decisive,100,carousel,34,2,true,0,257,72932403,3165600,5000,0,10000,76113003
1,0.1.0,model-level causal evidence; not a WAN measurement,decisive,100,carousel,35,0,false,0,257,73447603,2138000,5000,0,10000,75600603
1,0.1.0,model-level causal evidence; not a WAN measurement,decisive,100,carousel,35,1,false,0,257,73447603,3165600,5000,0,10000,76628203
1,0.1.0,model-level causal evidence; not a WAN measurement,decisive,100,carousel,35,2,true,0,257,73447603,3165600,5000,0,10000,76628203
1,0.1.0,model-level causal evidence; not a WAN measurement,decisive,100,carousel,36,0,false,0,257,72167605,2138000,5000,0,10000,74320605
1,0.1.0,model-level causal evidence; not a WAN measurement,decisive,100,carousel,36,1,false,0,257,72167605,3165600,5000,0,10000,75348205
1,0.1.0,model-level causal evidence; not a WAN measurement,decisive,100,carousel,36,2,true,0,257,72167605,3165600,5000,0,10000,75348205
1,0.1.0,model-level causal evidence; not a WAN measurement,decisive,100,carousel,37,0,false,0,257,72591602,2138000,5000,0,10000,74744602
1,0.1.0,model-level causal evidence; not a WAN measurement,decisive,100,carousel,37,1,false,0,257,72591602,3165600,5000,0,10000,75772202
1,0.1.0,model-level causal evidence; not a WAN measurement,decisive,100,carousel,37,2,true,0,257,72591602,3165600,5000,0,10000,75772202
1,0.1.0,model-level causal evidence; not a WAN measurement,decisive,100,carousel,38,0,false,0,257,72449202,2138000,5000,0,10000,74602202
1,0.1.0,model-level causal evidence; not a WAN measurement,decisive,100,carousel,38,1,false,0,257,72449202,3165600,5000,0,10000,75629802
1,0.1.0,model-level causal evidence; not a WAN measurement,decisive,100,carousel,38,2,true,0,257,72449202,3165600,5000,0,10000,75629802
1,0.1.0,model-level causal evidence; not a WAN measurement,decisive,100,carousel,39,0,false,0,257,72544403,2138000,5000,0,10000,74697403
1,0.1.0,model-level causal evidence; not a WAN measurement,decisive,100,carousel,39,1,false,0,257,72544403,3165600,5000,0,10000,75725003
1,0.1.0,model-level causal evidence; not a WAN measurement,decisive,100,carousel,39,2,true,0,257,72544403,3165600,5000,0,10000,75725003
1,0.1.0,model-level causal evidence; not a WAN measurement,decisive,100,carousel,40,0,false,0,257,72175202,2138000,5000,0,10000,74328202
1,0.1.0,model-level causal evidence; not a WAN measurement,decisive,100,carousel,40,1,false,0,257,72175202,3165600,5000,0,10000,75355802
1,0.1.0,model-level causal evidence; not a WAN measurement,decisive,100,carousel,40,2,true,0,257,72175202,3165600,5000,0,10000,75355802
1,0.1.0,model-level causal evidence; not a WAN measurement,decisive,100,carousel,41,0,false,0,257,72994002,2287599,5000,0,10000,75296601
1,0.1.0,model-level causal evidence; not a WAN measurement,decisive,100,carousel,41,1,false,0,257,72994002,3315199,5000,0,10000,76324201
1,0.1.0,model-level causal evidence; not a WAN measurement,decisive,100,carousel,41,2,true,0,257,72994002,3315199,5000,0,10000,76324201
1,0.1.0,model-level causal evidence; not a WAN measurement,decisive,100,carousel,42,0,false,0,257,71211207,2138000,5000,0,10000,73364207
1,0.1.0,model-level causal evidence; not a WAN measurement,decisive,100,carousel,42,1,false,0,257,71211207,3165600,5000,0,10000,74391807
1,0.1.0,model-level causal evidence; not a WAN measurement,decisive,100,carousel,42,2,true,0,257,71211207,3165600,5000,0,10000,74391807
1,0.1.0,model-level causal evidence; not a WAN measurement,decisive,100,carousel,43,0,false,0,257,72329602,2281599,5000,0,10000,74626201
1,0.1.0,model-level causal evidence; not a WAN measurement,decisive,100,carousel,43,1,false,0,257,72329602,3309199,5000,0,10000,75653801
1,0.1.0,model-level causal evidence; not a WAN measurement,decisive,100,carousel,43,2,true,0,257,72329602,3309199,5000,0,10000,75653801
1,0.1.0,model-level causal evidence; not a WAN measurement,decisive,100,carousel,44,0,false,0,257,72034405,2138000,5000,0,10000,74187405
1,0.1.0,model-level causal evidence; not a WAN measurement,decisive,100,carousel,44,1,false,0,257,72034405,3165600,5000,0,10000,75215005
1,0.1.0,model-level causal evidence; not a WAN measurement,decisive,100,carousel,44,2,true,0,257,72034405,3165600,5000,0,10000,75215005
1,0.1.0,model-level causal evidence; not a WAN measurement,decisive,100,carousel,45,0,false,0,257,72508802,2138000,5000,0,10000,74661802
1,0.1.0,model-level causal evidence; not a WAN measurement,decisive,100,carousel,45,1,false,0,257,72508802,3165600,5000,0,10000,75689402
1,0.1.0,model-level causal evidence; not a WAN measurement,decisive,100,carousel,45,2,true,0,257,72508802,3165600,5000,0,10000,75689402
1,0.1.0,model-level causal evidence; not a WAN measurement,decisive,100,carousel,46,0,false,0,257,72719604,2333197,5000,0,10000,75067801
1,0.1.0,model-level causal evidence; not a WAN measurement,decisive,100,carousel,46,1,false,0,257,72719604,3360797,5000,0,10000,76095401
1,0.1.0,model-level causal evidence; not a WAN measurement,decisive,100,carousel,46,2,true,0,257,72719604,3360797,5000,0,10000,76095401
1,0.1.0,model-level causal evidence; not a WAN measurement,decisive,100,carousel,47,0,false,0,257,73042803,2138000,5000,0,10000,75195803
1,0.1.0,model-level causal evidence; not a WAN measurement,decisive,100,carousel,47,1,false,0,257,73042803,3165600,5000,0,10000,76223403
1,0.1.0,model-level causal evidence; not a WAN measurement,decisive,100,carousel,47,2,true,0,257,73042803,3165600,5000,0,10000,76223403
1,0.1.0,model-level causal evidence; not a WAN measurement,decisive,100,carousel,48,0,false,0,257,73076404,2138000,5000,0,10000,75229404
1,0.1.0,model-level causal evidence; not a WAN measurement,decisive,100,carousel,48,1,false,0,257,73076404,3165600,5000,0,10000,76257004
1,0.1.0,model-level causal evidence; not a WAN measurement,decisive,100,carousel,48,2,true,0,257,73076404,3165600,5000,0,10000,76257004
1,0.1.0,model-level causal evidence; not a WAN measurement,decisive,100,carousel,49,0,false,0,257,72722005,2138000,5000,0,10000,74875005
1,0.1.0,model-level causal evidence; not a WAN measurement,decisive,100,carousel,49,1,false,0,257,72722005,3165600,5000,0,10000,75902605
1,0.1.0,model-level causal evidence; not a WAN measurement,decisive,100,carousel,49,2,true,0,257,72722005,3165600,5000,0,10000,75902605
1,0.1.0,model-level causal evidence; not a WAN measurement,decisive,100,carousel,50,0,false,0,257,72173605,2138000,5000,0,10000,74326605
1,0.1.0,model-level causal evidence; not a WAN measurement,decisive,100,carousel,50,1,false,0,257,72173605,3165600,5000,0,10000,75354205
1,0.1.0,model-level causal evidence; not a WAN measurement,decisive,100,carousel,50,2,true,0,257,72173605,3165600,5000,0,10000,75354205
1,0.1.0,model-level causal evidence; not a WAN measurement,decisive,100,carousel,51,0,false,0,257,72041203,2332798,5000,0,10000,74389001
1,0.1.0,model-level causal evidence; not a WAN measurement,decisive,100,carousel,51,1,false,0,257,72041203,3360398,5000,0,10000,75416601
1,0.1.0,model-level causal evidence; not a WAN measurement,decisive,100,carousel,51,2,true,0,257,72041203,3360398,5000,0,10000,75416601
1,0.1.0,model-level causal evidence; not a WAN measurement,decisive,100,carousel,52,0,false,0,257,73118002,2163599,5000,0,10000,75296601
1,0.1.0,model-level causal evidence; not a WAN measurement,decisive,100,carousel,52,1,false,0,257,73118002,3191199,5000,0,10000,76324201
1,0.1.0,model-level causal evidence; not a WAN measurement,decisive,100,carousel,52,2,true,0,257,73118002,3191199,5000,0,10000,76324201
1,0.1.0,model-level causal evidence; not a WAN measurement,decisive,100,carousel,53,0,false,0,257,73029605,2138000,5000,0,10000,75182605
1,0.1.0,model-level causal evidence; not a WAN measurement,decisive,100,carousel,53,1,false,0,257,73029605,3165600,5000,0,10000,76210205
1,0.1.0,model-level causal evidence; not a WAN measurement,decisive,100,carousel,53,2,true,0,257,73029605,3165600,5000,0,10000,76210205
1,0.1.0,model-level causal evidence; not a WAN measurement,decisive,100,carousel,54,0,false,0,257,72569204,2138000,5000,0,10000,74722204
1,0.1.0,model-level causal evidence; not a WAN measurement,decisive,100,carousel,54,1,false,0,257,72569204,3165600,5000,0,10000,75749804
1,0.1.0,model-level causal evidence; not a WAN measurement,decisive,100,carousel,54,2,true,0,257,72569204,3165600,5000,0,10000,75749804
1,0.1.0,model-level causal evidence; not a WAN measurement,decisive,100,carousel,55,0,false,0,257,72258002,2256399,5000,0,10000,74529401
1,0.1.0,model-level causal evidence; not a WAN measurement,decisive,100,carousel,55,1,false,0,257,72258002,3283999,5000,0,10000,75557001
1,0.1.0,model-level causal evidence; not a WAN measurement,decisive,100,carousel,55,2,true,0,257,72258002,3283999,5000,0,10000,75557001
1,0.1.0,model-level causal evidence; not a WAN measurement,decisive,100,carousel,56,0,false,0,257,72330804,2138000,5000,0,10000,74483804
1,0.1.0,model-level causal evidence; not a WAN measurement,decisive,100,carousel,56,1,false,0,257,72330804,3165600,5000,0,10000,75511404
1,0.1.0,model-level causal evidence; not a WAN measurement,decisive,100,carousel,56,2,true,0,257,72330804,3165600,5000,0,10000,75511404
1,0.1.0,model-level causal evidence; not a WAN measurement,decisive,100,carousel,57,0,false,0,257,73313602,2187199,5000,0,10000,75515801
1,0.1.0,model-level causal evidence; not a WAN measurement,decisive,100,carousel,57,1,false,0,257,73313602,3214799,5000,0,10000,76543401
1,0.1.0,model-level causal evidence; not a WAN measurement,decisive,100,carousel,57,2,true,0,257,73313602,3214799,5000,0,10000,76543401
1,0.1.0,model-level causal evidence; not a WAN measurement,decisive,100,carousel,58,0,false,0,257,71680811,2138000,5000,0,10000,73833811
1,0.1.0,model-level causal evidence; not a WAN measurement,decisive,100,carousel,58,1,false,0,257,71680811,3165600,5000,0,10000,74861411
1,0.1.0,model-level causal evidence; not a WAN measurement,decisive,100,carousel,58,2,true,0,257,71680811,3165600,5000,0,10000,74861411
1,0.1.0,model-level causal evidence; not a WAN measurement,decisive,100,carousel,59,0,false,0,257,72133604,2138000,5000,0,10000,74286604
1,0.1.0,model-level causal evidence; not a WAN measurement,decisive,100,carousel,59,1,false,0,257,72133604,3165600,5000,0,10000,75314204
1,0.1.0,model-level causal evidence; not a WAN measurement,decisive,100,carousel,59,2,true,0,257,72133604,3165600,5000,0,10000,75314204
1,0.1.0,model-level causal evidence; not a WAN measurement,decisive,100,carousel,60,0,false,0,257,72447209,2138000,5000,0,10000,74600209
1,0.1.0,model-level causal evidence; not a WAN measurement,decisive,100,carousel,60,1,false,0,257,72447209,3165600,5000,0,10000,75627809
1,0.1.0,model-level causal evidence; not a WAN measurement,decisive,100,carousel,60,2,true,0,257,72447209,3165600,5000,0,10000,75627809
1,0.1.0,model-level causal evidence; not a WAN measurement,decisive,100,carousel,61,0,false,0,257,72927206,2138000,5000,0,10000,75080206
1,0.1.0,model-level causal evidence; not a WAN measurement,decisive,100,carousel,61,1,false,0,257,72927206,3165600,5000,0,10000,76107806
1,0.1.0,model-level causal evidence; not a WAN measurement,decisive,100,carousel,61,2,true,0,257,72927206,3165600,5000,0,10000,76107806
1,0.1.0,model-level causal evidence; not a WAN measurement,decisive,100,carousel,62,0,false,0,257,72546407,2138000,5000,0,10000,74699407
1,0.1.0,model-level causal evidence; not a WAN measurement,decisive,100,carousel,62,1,false,0,257,72546407,3165600,5000,0,10000,75727007
1,0.1.0,model-level causal evidence; not a WAN measurement,decisive,100,carousel,62,2,true,0,257,72546407,3165600,5000,0,10000,75727007
1,0.1.0,model-level causal evidence; not a WAN measurement,decisive,100,carousel,63,0,false,0,257,73536402,2138000,5000,0,10000,75689402
1,0.1.0,model-level causal evidence; not a WAN measurement,decisive,100,carousel,63,1,false,0,257,73536402,3165600,5000,0,10000,76717002
1,0.1.0,model-level causal evidence; not a WAN measurement,decisive,100,carousel,63,2,true,0,257,73536402,3165600,5000,0,10000,76717002
1,0.1.0,model-level causal evidence; not a WAN measurement,decisive,100,carousel,64,0,false,0,257,72620004,2138000,5000,0,10000,74773004
1,0.1.0,model-level causal evidence; not a WAN measurement,decisive,100,carousel,64,1,false,0,257,72620004,3165600,5000,0,10000,75800604
1,0.1.0,model-level causal evidence; not a WAN measurement,decisive,100,carousel,64,2,true,0,257,72620004,3165600,5000,0,10000,75800604
1,0.1.0,model-level causal evidence; not a WAN measurement,decisive,100,carousel,65,0,false,0,257,73013603,2138000,5000,0,10000,75166603
1,0.1.0,model-level causal evidence; not a WAN measurement,decisive,100,carousel,65,1,false,0,257,73013603,3165600,5000,0,10000,76194203
1,0.1.0,model-level causal evidence; not a WAN measurement,decisive,100,carousel,65,2,true,0,257,73013603,3165600,5000,0,10000,76194203
1,0.1.0,model-level causal evidence; not a WAN measurement,decisive,100,carousel,66,0,false,0,257,73106003,2138000,5000,0,10000,75259003
1,0.1.0,model-level causal evidence; not a WAN measurement,decisive,100,carousel,66,1,false,0,257,73106003,3165600,5000,0,10000,76286603
1,0.1.0,model-level causal evidence; not a WAN measurement,decisive,100,carousel,66,2,true,0,257,73106003,3165600,5000,0,10000,76286603
1,0.1.0,model-level causal evidence; not a WAN measurement,decisive,100,carousel,67,0,false,0,257,72039607,2138000,5000,0,10000,74192607
1,0.1.0,model-level causal evidence; not a WAN measurement,decisive,100,carousel,67,1,false,0,257,72039607,3165600,5000,0,10000,75220207
1,0.1.0,model-level causal evidence; not a WAN measurement,decisive,100,carousel,67,2,true,0,257,72039607,3165600,5000,0,10000,75220207
1,0.1.0,model-level causal evidence; not a WAN measurement,decisive,100,carousel,68,0,false,0,257,71960003,2138000,5000,0,10000,74113003
1,0.1.0,model-level causal evidence; not a WAN measurement,decisive,100,carousel,68,1,false,0,257,71960003,3165600,5000,0,10000,75140603
1,0.1.0,model-level causal evidence; not a WAN measurement,decisive,100,carousel,68,2,true,0,257,71960003,3165600,5000,0,10000,75140603
1,0.1.0,model-level causal evidence; not a WAN measurement,decisive,100,carousel,69,0,false,0,257,72869202,2138000,5000,0,10000,75022202
1,0.1.0,model-level causal evidence; not a WAN measurement,decisive,100,carousel,69,1,false,0,257,72869202,3165600,5000,0,10000,76049802
1,0.1.0,model-level causal evidence; not a WAN measurement,decisive,100,carousel,69,2,true,0,257,72869202,3165600,5000,0,10000,76049802
1,0.1.0,model-level causal evidence; not a WAN measurement,decisive,100,carousel,70,0,false,0,257,72084805,2138000,5000,0,10000,74237805
1,0.1.0,model-level causal evidence; not a WAN measurement,decisive,100,carousel,70,1,false,0,257,72084805,3165600,5000,0,10000,75265405
1,0.1.0,model-level causal evidence; not a WAN measurement,decisive,100,carousel,70,2,true,0,257,72084805,3165600,5000,0,10000,75265405
1,0.1.0,model-level causal evidence; not a WAN measurement,decisive,100,carousel,71,0,false,0,257,72481202,2138000,5000,0,10000,74634202
1,0.1.0,model-level causal evidence; not a WAN measurement,decisive,100,carousel,71,1,false,0,257,72481202,3165600,5000,0,10000,75661802
1,0.1.0,model-level causal evidence; not a WAN measurement,decisive,100,carousel,71,2,true,0,257,72481202,3165600,5000,0,10000,75661802
1,0.1.0,model-level causal evidence; not a WAN measurement,decisive,100,carousel,72,0,false,0,257,72854008,2176793,5000,0,10000,75045801
1,0.1.0,model-level causal evidence; not a WAN measurement,decisive,100,carousel,72,1,false,0,257,72854008,3204393,5000,0,10000,76073401
1,0.1.0,model-level causal evidence; not a WAN measurement,decisive,100,carousel,72,2,true,0,257,72854008,3204393,5000,0,10000,76073401
1,0.1.0,model-level causal evidence; not a WAN measurement,decisive,100,carousel,73,0,false,0,257,72325602,2257999,5000,0,10000,74598601
1,0.1.0,model-level causal evidence; not a WAN measurement,decisive,100,carousel,73,1,false,0,257,72325602,3285599,5000,0,10000,75626201
1,0.1.0,model-level causal evidence; not a WAN measurement,decisive,100,carousel,73,2,true,0,257,72325602,3285599,5000,0,10000,75626201
1,0.1.0,model-level causal evidence; not a WAN measurement,decisive,100,carousel,74,0,false,0,257,72147602,2138000,5000,0,10000,74300602
1,0.1.0,model-level causal evidence; not a WAN measurement,decisive,100,carousel,74,1,false,0,257,72147602,3165600,5000,0,10000,75328202
1,0.1.0,model-level causal evidence; not a WAN measurement,decisive,100,carousel,74,2,true,0,257,72147602,3165600,5000,0,10000,75328202
1,0.1.0,model-level causal evidence; not a WAN measurement,decisive,100,carousel,75,0,false,0,257,71183607,2138000,5000,0,10000,73336607
1,0.1.0,model-level causal evidence; not a WAN measurement,decisive,100,carousel,75,1,false,0,257,71183607,3165600,5000,0,10000,74364207
1,0.1.0,model-level causal evidence; not a WAN measurement,decisive,100,carousel,75,2,true,0,257,71183607,3165600,5000,0,10000,74364207
1,0.1.0,model-level causal evidence; not a WAN measurement,decisive,100,carousel,76,0,false,0,257,72508802,2138000,5000,0,10000,74661802
1,0.1.0,model-level causal evidence; not a WAN measurement,decisive,100,carousel,76,1,false,0,257,72508802,3165600,5000,0,10000,75689402
1,0.1.0,model-level causal evidence; not a WAN measurement,decisive,100,carousel,76,2,true,0,257,72508802,3165600,5000,0,10000,75689402
1,0.1.0,model-level causal evidence; not a WAN measurement,decisive,100,carousel,77,0,false,0,257,73182004,2178397,5000,0,10000,75375401
1,0.1.0,model-level causal evidence; not a WAN measurement,decisive,100,carousel,77,1,false,0,257,73182004,3205997,5000,0,10000,76403001
1,0.1.0,model-level causal evidence; not a WAN measurement,decisive,100,carousel,77,2,true,0,257,73182004,3205997,5000,0,10000,76403001
1,0.1.0,model-level causal evidence; not a WAN measurement,decisive,100,carousel,78,0,false,0,257,72578402,2446799,5000,0,10000,75040201
1,0.1.0,model-level causal evidence; not a WAN measurement,decisive,100,carousel,78,1,false,0,257,72578402,3474399,5000,0,10000,76067801
1,0.1.0,model-level causal evidence; not a WAN measurement,decisive,100,carousel,78,2,true,0,257,72578402,3474399,5000,0,10000,76067801
1,0.1.0,model-level causal evidence; not a WAN measurement,decisive,100,carousel,79,0,false,0,257,72382802,2138000,5000,0,10000,74535802
1,0.1.0,model-level causal evidence; not a WAN measurement,decisive,100,carousel,79,1,false,0,257,72382802,3165600,5000,0,10000,75563402
1,0.1.0,model-level causal evidence; not a WAN measurement,decisive,100,carousel,79,2,true,0,257,72382802,3165600,5000,0,10000,75563402
1,0.1.0,model-level causal evidence; not a WAN measurement,decisive,100,carousel,80,0,false,0,257,71911204,2138000,5000,0,10000,74064204
1,0.1.0,model-level causal evidence; not a WAN measurement,decisive,100,carousel,80,1,false,0,257,71911204,3165600,5000,0,10000,75091804
1,0.1.0,model-level causal evidence; not a WAN measurement,decisive,100,carousel,80,2,true,0,257,71911204,3165600,5000,0,10000,75091804
1,0.1.0,model-level causal evidence; not a WAN measurement,decisive,100,carousel,81,0,false,0,257,72258002,2138000,5000,0,10000,74411002
1,0.1.0,model-level causal evidence; not a WAN measurement,decisive,100,carousel,81,1,false,0,257,72258002,3165600,5000,0,10000,75438602
1,0.1.0,model-level causal evidence; not a WAN measurement,decisive,100,carousel,81,2,true,0,257,72258002,3165600,5000,0,10000,75438602
1,0.1.0,model-level causal evidence; not a WAN measurement,decisive,100,carousel,82,0,false,0,257,72867608,2138000,5000,0,10000,75020608
1,0.1.0,model-level causal evidence; not a WAN measurement,decisive,100,carousel,82,1,false,0,257,72867608,3165600,5000,0,10000,76048208
1,0.1.0,model-level causal evidence; not a WAN measurement,decisive,100,carousel,82,2,true,0,257,72867608,3165600,5000,0,10000,76048208
1,0.1.0,model-level causal evidence; not a WAN measurement,decisive,100,carousel,83,0,false,0,257,71635207,2170794,5000,0,10000,73821001
1,0.1.0,model-level causal evidence; not a WAN measurement,decisive,100,carousel,83,1,false,0,257,71635207,3198394,5000,0,10000,74848601
1,0.1.0,model-level causal evidence; not a WAN measurement,decisive,100,carousel,83,2,true,0,257,71635207,3198394,5000,0,10000,74848601
1,0.1.0,model-level causal evidence; not a WAN measurement,decisive,100,carousel,84,0,false,0,257,72737603,2138000,5000,0,10000,74890603
1,0.1.0,model-level causal evidence; not a WAN measurement,decisive,100,carousel,84,1,false,0,257,72737603,3165600,5000,0,10000,75918203
1,0.1.0,model-level causal evidence; not a WAN measurement,decisive,100,carousel,84,2,true,0,257,72737603,3165600,5000,0,10000,75918203
1,0.1.0,model-level causal evidence; not a WAN measurement,decisive,100,carousel,85,0,false,0,257,73262002,2216799,5000,0,10000,75493801
1,0.1.0,model-level causal evidence; not a WAN measurement,decisive,100,carousel,85,1,false,0,257,73262002,3244399,5000,0,10000,76521401
1,0.1.0,model-level causal evidence; not a WAN measurement,decisive,100,carousel,85,2,true,0,257,73262002,3244399,5000,0,10000,76521401
1,0.1.0,model-level causal evidence; not a WAN measurement,decisive,100,carousel,86,0,false,0,257,72649210,2138000,5000,0,10000,74802210
1,0.1.0,model-level causal evidence; not a WAN measurement,decisive,100,carousel,86,1,false,0,257,72649210,3165600,5000,0,10000,75829810
1,0.1.0,model-level causal evidence; not a WAN measurement,decisive,100,carousel,86,2,true,0,257,72649210,3165600,5000,0,10000,75829810
1,0.1.0,model-level causal evidence; not a WAN measurement,decisive,100,carousel,87,0,false,0,257,72196804,2355197,5000,0,10000,74567001
1,0.1.0,model-level causal evidence; not a WAN measurement,decisive,100,carousel,87,1,false,0,257,72196804,3382797,5000,0,10000,75594601
1,0.1.0,model-level causal evidence; not a WAN measurement,decisive,100,carousel,87,2,true,0,257,72196804,3382797,5000,0,10000,75594601
1,0.1.0,model-level causal evidence; not a WAN measurement,decisive,100,carousel,88,0,false,0,257,71795211,2138000,5000,0,10000,73948211
1,0.1.0,model-level causal evidence; not a WAN measurement,decisive,100,carousel,88,1,false,0,257,71795211,3165600,5000,0,10000,74975811
1,0.1.0,model-level causal evidence; not a WAN measurement,decisive,100,carousel,88,2,true,0,257,71795211,3165600,5000,0,10000,74975811
1,0.1.0,model-level causal evidence; not a WAN measurement,decisive,100,carousel,89,0,false,0,257,72998004,2145597,5000,0,10000,75158601
1,0.1.0,model-level causal evidence; not a WAN measurement,decisive,100,carousel,89,1,false,0,257,72998004,3173197,5000,0,10000,76186201
1,0.1.0,model-level causal evidence; not a WAN measurement,decisive,100,carousel,89,2,true,0,257,72998004,3173197,5000,0,10000,76186201
1,0.1.0,model-level causal evidence; not a WAN measurement,decisive,100,carousel,90,0,false,0,257,72859602,2138000,5000,0,10000,75012602
1,0.1.0,model-level causal evidence; not a WAN measurement,decisive,100,carousel,90,1,false,0,257,72859602,3165600,5000,0,10000,76040202
1,0.1.0,model-level causal evidence; not a WAN measurement,decisive,100,carousel,90,2,true,0,257,72859602,3165600,5000,0,10000,76040202
1,0.1.0,model-level causal evidence; not a WAN measurement,decisive,100,carousel,91,0,false,0,257,73266003,2358798,5000,0,10000,75639801
1,0.1.0,model-level causal evidence; not a WAN measurement,decisive,100,carousel,91,1,false,0,257,73266003,3386398,5000,0,10000,76667401
1,0.1.0,model-level causal evidence; not a WAN measurement,decisive,100,carousel,91,2,true,0,257,73266003,3386398,5000,0,10000,76667401
1,0.1.0,model-level causal evidence; not a WAN measurement,decisive,100,carousel,92,0,false,0,257,72072804,2138000,5000,0,10000,74225804
1,0.1.0,model-level causal evidence; not a WAN measurement,decisive,100,carousel,92,1,false,0,257,72072804,3165600,5000,0,10000,75253404
1,0.1.0,model-level causal evidence; not a WAN measurement,decisive,100,carousel,92,2,true,0,257,72072804,3165600,5000,0,10000,75253404
1,0.1.0,model-level causal evidence; not a WAN measurement,decisive,100,carousel,93,0,false,0,257,72120406,2138000,5000,0,10000,74273406
1,0.1.0,model-level causal evidence; not a WAN measurement,decisive,100,carousel,93,1,false,0,257,72120406,3165600,5000,0,10000,75301006
1,0.1.0,model-level causal evidence; not a WAN measurement,decisive,100,carousel,93,2,true,0,257,72120406,3165600,5000,0,10000,75301006
1,0.1.0,model-level causal evidence; not a WAN measurement,decisive,100,carousel,94,0,false,0,257,72798804,2138000,5000,0,10000,74951804
1,0.1.0,model-level causal evidence; not a WAN measurement,decisive,100,carousel,94,1,false,0,257,72798804,3165600,5000,0,10000,75979404
1,0.1.0,model-level causal evidence; not a WAN measurement,decisive,100,carousel,94,2,true,0,257,72798804,3165600,5000,0,10000,75979404
1,0.1.0,model-level causal evidence; not a WAN measurement,decisive,100,carousel,95,0,false,0,257,71978002,2138000,5000,0,10000,74131002
1,0.1.0,model-level causal evidence; not a WAN measurement,decisive,100,carousel,95,1,false,0,257,71978002,3165600,5000,0,10000,75158602
1,0.1.0,model-level causal evidence; not a WAN measurement,decisive,100,carousel,95,2,true,0,257,71978002,3165600,5000,0,10000,75158602
1,0.1.0,model-level causal evidence; not a WAN measurement,decisive,100,carousel,96,0,false,0,257,72477202,2240399,5000,0,10000,74732601
1,0.1.0,model-level causal evidence; not a WAN measurement,decisive,100,carousel,96,1,false,0,257,72477202,3267999,5000,0,10000,75760201
1,0.1.0,model-level causal evidence; not a WAN measurement,decisive,100,carousel,96,2,true,0,257,72477202,3267999,5000,0,10000,75760201
1,0.1.0,model-level causal evidence; not a WAN measurement,decisive,100,carousel,97,0,false,0,257,73045607,2138000,5000,0,10000,75198607
1,0.1.0,model-level causal evidence; not a WAN measurement,decisive,100,carousel,97,1,false,0,257,73045607,3165600,5000,0,10000,76226207
1,0.1.0,model-level causal evidence; not a WAN measurement,decisive,100,carousel,97,2,true,0,257,73045607,3165600,5000,0,10000,76226207
1,0.1.0,model-level causal evidence; not a WAN measurement,decisive,100,carousel,98,0,false,0,257,73102002,2138000,5000,0,10000,75255002
1,0.1.0,model-level causal evidence; not a WAN measurement,decisive,100,carousel,98,1,false,0,257,73102002,3165600,5000,0,10000,76282602
1,0.1.0,model-level causal evidence; not a WAN measurement,decisive,100,carousel,98,2,true,0,257,73102002,3165600,5000,0,10000,76282602
1,0.1.0,model-level causal evidence; not a WAN measurement,decisive,100,carousel,99,0,false,0,257,71340802,2138000,5000,0,10000,73493802
1,0.1.0,model-level causal evidence; not a WAN measurement,decisive,100,carousel,99,1,false,0,257,71340802,3165600,5000,0,10000,74521402
1,0.1.0,model-level causal evidence; not a WAN measurement,decisive,100,carousel,99,2,true,0,257,71340802,3165600,5000,0,10000,74521402
1,0.1.0,model-level causal evidence; not a WAN measurement,decisive,100,carousel,100,0,false,0,257,71999604,2138000,5000,0,10000,74152604
1,0.1.0,model-level causal evidence; not a WAN measurement,decisive,100,carousel,100,1,false,0,257,71999604,3165600,5000,0,10000,75180204
1,0.1.0,model-level causal evidence; not a WAN measurement,decisive,100,carousel,100,2,true,0,257,71999604,3165600,5000,0,10000,75180204
1,0.1.0,model-level causal evidence; not a WAN measurement,decisive,100,carousel,101,0,false,0,257,72313602,2187199,5000,0,10000,74515801
1,0.1.0,model-level causal evidence; not a WAN measurement,decisive,100,carousel,101,1,false,0,257,72313602,3214799,5000,0,10000,75543401
1,0.1.0,model-level causal evidence; not a WAN measurement,decisive,100,carousel,101,2,true,0,257,72313602,3214799,5000,0,10000,75543401
1,0.1.0,model-level causal evidence; not a WAN measurement,decisive,100,carousel,102,0,false,0,257,72932007,2138000,5000,0,10000,75085007
1,0.1.0,model-level causal evidence; not a WAN measurement,decisive,100,carousel,102,1,false,0,257,72932007,3165600,5000,0,10000,76112607
1,0.1.0,model-level causal evidence; not a WAN measurement,decisive,100,carousel,102,2,true,0,257,72932007,3165600,5000,0,10000,76112607
1,0.1.0,model-level causal evidence; not a WAN measurement,decisive,100,carousel,103,0,false,0,257,72922802,2271601,5000,0,10000,75209403
1,0.1.0,model-level causal evidence; not a WAN measurement,decisive,100,carousel,103,1,false,0,257,72922802,3299201,5000,0,10000,76237003
1,0.1.0,model-level causal evidence; not a WAN measurement,decisive,100,carousel,103,2,true,0,257,72922802,3299201,5000,0,10000,76237003
1,0.1.0,model-level causal evidence; not a WAN measurement,decisive,100,carousel,104,0,false,0,257,72254002,2138000,5000,0,10000,74407002
1,0.1.0,model-level causal evidence; not a WAN measurement,decisive,100,carousel,104,1,false,0,257,72254002,3165600,5000,0,10000,75434602
1,0.1.0,model-level causal evidence; not a WAN measurement,decisive,100,carousel,104,2,true,0,257,72254002,3165600,5000,0,10000,75434602
1,0.1.0,model-level causal evidence; not a WAN measurement,decisive,100,carousel,105,0,false,0,257,72619202,2138000,5000,0,10000,74772202
1,0.1.0,model-level causal evidence; not a WAN measurement,decisive,100,carousel,105,1,false,0,257,72619202,3165600,5000,0,10000,75799802
1,0.1.0,model-level causal evidence; not a WAN measurement,decisive,100,carousel,105,2,true,0,257,72619202,3165600,5000,0,10000,75799802
1,0.1.0,model-level causal evidence; not a WAN measurement,decisive,100,carousel,106,0,false,0,257,71447605,2358796,5000,0,10000,73821401
1,0.1.0,model-level causal evidence; not a WAN measurement,decisive,100,carousel,106,1,false,0,257,71447605,3386396,5000,0,10000,74849001
1,0.1.0,model-level causal evidence; not a WAN measurement,decisive,100,carousel,106,2,true,0,257,71447605,3386396,5000,0,10000,74849001
1,0.1.0,model-level causal evidence; not a WAN measurement,decisive,100,carousel,107,0,false,0,257,73432002,2210799,5000,0,10000,75657801
1,0.1.0,model-level causal evidence; not a WAN measurement,decisive,100,carousel,107,1,false,0,257,73432002,3238399,5000,0,10000,76685401
1,0.1.0,model-level causal evidence; not a WAN measurement,decisive,100,carousel,107,2,true,0,257,73432002,3238399,5000,0,10000,76685401
1,0.1.0,model-level causal evidence; not a WAN measurement,decisive,100,carousel,108,0,false,0,257,72931207,2138000,5000,0,10000,75084207
1,0.1.0,model-level causal evidence; not a WAN measurement,decisive,100,carousel,108,1,false,0,257,72931207,3165600,5000,0,10000,76111807
1,0.1.0,model-level causal evidence; not a WAN measurement,decisive,100,carousel,108,2,true,0,257,72931207,3165600,5000,0,10000,76111807
1,0.1.0,model-level causal evidence; not a WAN measurement,decisive,100,carousel,109,0,false,0,257,73043607,2138000,5000,0,10000,75196607
1,0.1.0,model-level causal evidence; not a WAN measurement,decisive,100,carousel,109,1,false,0,257,73043607,3165600,5000,0,10000,76224207
1,0.1.0,model-level causal evidence; not a WAN measurement,decisive,100,carousel,109,2,true,0,257,73043607,3165600,5000,0,10000,76224207
1,0.1.0,model-level causal evidence; not a WAN measurement,decisive,100,carousel,110,0,false,0,257,72112405,2138000,5000,0,10000,74265405
1,0.1.0,model-level causal evidence; not a WAN measurement,decisive,100,carousel,110,1,false,0,257,72112405,3165600,5000,0,10000,75293005
1,0.1.0,model-level causal evidence; not a WAN measurement,decisive,100,carousel,110,2,true,0,257,72112405,3165600,5000,0,10000,75293005
1,0.1.0,model-level causal evidence; not a WAN measurement,decisive,100,carousel,111,0,false,0,257,72910805,2138000,5000,0,10000,75063805
1,0.1.0,model-level causal evidence; not a WAN measurement,decisive,100,carousel,111,1,false,0,257,72910805,3165600,5000,0,10000,76091405
1,0.1.0,model-level causal evidence; not a WAN measurement,decisive,100,carousel,111,2,true,0,257,72910805,3165600,5000,0,10000,76091405
1,0.1.0,model-level causal evidence; not a WAN measurement,decisive,100,carousel,112,0,false,0,257,73021604,2358800,5000,0,10000,75395404
1,0.1.0,model-level causal evidence; not a WAN measurement,decisive,100,carousel,112,1,false,0,257,73021604,3386400,5000,0,10000,76423004
1,0.1.0,model-level causal evidence; not a WAN measurement,decisive,100,carousel,112,2,true,0,257,73021604,3386400,5000,0,10000,76423004
1,0.1.0,model-level causal evidence; not a WAN measurement,decisive,100,carousel,113,0,false,0,257,72376402,2461199,5000,0,10000,74852601
1,0.1.0,model-level causal evidence; not a WAN measurement,decisive,100,carousel,113,1,false,0,257,72376402,3488799,5000,0,10000,75880201
1,0.1.0,model-level causal evidence; not a WAN measurement,decisive,100,carousel,113,2,true,0,257,72376402,3488799,5000,0,10000,75880201
1,0.1.0,model-level causal evidence; not a WAN measurement,decisive,100,carousel,114,0,false,0,257,71946805,2281196,5000,0,10000,74243001
1,0.1.0,model-level causal evidence; not a WAN measurement,decisive,100,carousel,114,1,false,0,257,71946805,3308796,5000,0,10000,75270601
1,0.1.0,model-level causal evidence; not a WAN measurement,decisive,100,carousel,114,2,true,0,257,71946805,3308796,5000,0,10000,75270601
1,0.1.0,model-level causal evidence; not a WAN measurement,decisive,100,carousel,115,0,false,0,257,72652803,2427598,5000,0,10000,75095401
1,0.1.0,model-level causal evidence; not a WAN measurement,decisive,100,carousel,115,1,false,0,257,72652803,3455198,5000,0,10000,76123001
1,0.1.0,model-level causal evidence; not a WAN measurement,decisive,100,carousel,115,2,true,0,257,72652803,3455198,5000,0,10000,76123001
1,0.1.0,model-level causal evidence; not a WAN measurement,decisive,100,carousel,116,0,false,0,257,72073205,2138000,5000,0,10000,74226205
1,0.1.0,model-level causal evidence; not a WAN measurement,decisive,100,carousel,116,1,false,0,257,72073205,3165600,5000,0,10000,75253805
1,0.1.0,model-level causal evidence; not a WAN measurement,decisive,100,carousel,116,2,true,0,257,72073205,3165600,5000,0,10000,75253805
1,0.1.0,model-level causal evidence; not a WAN measurement,decisive,100,carousel,117,0,false,0,257,72208807,2180794,5000,0,10000,74404601
1,0.1.0,model-level causal evidence; not a WAN measurement,decisive,100,carousel,117,1,false,0,257,72208807,3208394,5000,0,10000,75432201
1,0.1.0,model-level causal evidence; not a WAN measurement,decisive,100,carousel,117,2,true,0,257,72208807,3208394,5000,0,10000,75432201
1,0.1.0,model-level causal evidence; not a WAN measurement,decisive,100,carousel,118,0,false,0,257,73176802,2233599,5000,0,10000,75425401
1,0.1.0,model-level causal evidence; not a WAN measurement,decisive,100,carousel,118,1,false,0,257,73176802,3261199,5000,0,10000,76453001
1,0.1.0,model-level causal evidence; not a WAN measurement,decisive,100,carousel,118,2,true,0,257,73176802,3261199,5000,0,10000,76453001
1,0.1.0,model-level causal evidence; not a WAN measurement,decisive,100,carousel,119,0,false,0,257,72211207,2138000,5000,0,10000,74364207
1,0.1.0,model-level causal evidence; not a WAN measurement,decisive,100,carousel,119,1,false,0,257,72211207,3165600,5000,0,10000,75391807
1,0.1.0,model-level causal evidence; not a WAN measurement,decisive,100,carousel,119,2,true,0,257,72211207,3165600,5000,0,10000,75391807
1,0.1.0,model-level causal evidence; not a WAN measurement,decisive,100,carousel,120,0,false,0,257,72309602,2163599,5000,0,10000,74488201
1,0.1.0,model-level causal evidence; not a WAN measurement,decisive,100,carousel,120,1,false,0,257,72309602,3191199,5000,0,10000,75515801
1,0.1.0,model-level causal evidence; not a WAN measurement,decisive,100,carousel,120,2,true,0,257,72309602,3191199,5000,0,10000,75515801
1,0.1.0,model-level causal evidence; not a WAN measurement,decisive,100,carousel,121,0,false,0,257,73059205,2138000,5000,0,10000,75212205
1,0.1.0,model-level causal evidence; not a WAN measurement,decisive,100,carousel,121,1,false,0,257,73059205,3165600,5000,0,10000,76239805
1,0.1.0,model-level causal evidence; not a WAN measurement,decisive,100,carousel,121,2,true,0,257,73059205,3165600,5000,0,10000,76239805
1,0.1.0,model-level causal evidence; not a WAN measurement,decisive,100,carousel,122,0,false,0,257,71572003,2138000,5000,0,10000,73725003
1,0.1.0,model-level causal evidence; not a WAN measurement,decisive,100,carousel,122,1,false,0,257,71572003,3165600,5000,0,10000,74752603
1,0.1.0,model-level causal evidence; not a WAN measurement,decisive,100,carousel,122,2,true,0,257,71572003,3165600,5000,0,10000,74752603
1,0.1.0,model-level causal evidence; not a WAN measurement,decisive,100,carousel,123,0,false,0,257,72343209,2350792,5000,0,10000,74709001
1,0.1.0,model-level causal evidence; not a WAN measurement,decisive,100,carousel,123,1,false,0,257,72343209,3378392,5000,0,10000,75736601
1,0.1.0,model-level causal evidence; not a WAN measurement,decisive,100,carousel,123,2,true,0,257,72343209,3378392,5000,0,10000,75736601
1,0.1.0,model-level causal evidence; not a WAN measurement,decisive,100,carousel,124,0,false,0,257,73195205,2315196,5000,0,10000,75525401
1,0.1.0,model-level causal evidence; not a WAN measurement,decisive,100,carousel,124,1,false,0,257,73195205,3342796,5000,0,10000,76553001
1,0.1.0,model-level causal evidence; not a WAN measurement,decisive,100,carousel,124,2,true,0,257,73195205,3342796,5000,0,10000,76553001
1,0.1.0,model-level causal evidence; not a WAN measurement,decisive,100,carousel,125,0,false,0,257,72453602,2138000,5000,0,10000,74606602
1,0.1.0,model-level causal evidence; not a WAN measurement,decisive,100,carousel,125,1,false,0,257,72453602,3165600,5000,0,10000,75634202
1,0.1.0,model-level causal evidence; not a WAN measurement,decisive,100,carousel,125,2,true,0,257,72453602,3165600,5000,0,10000,75634202
1,0.1.0,model-level causal evidence; not a WAN measurement,decisive,100,carousel,126,0,false,0,257,71521619,2138000,5000,0,10000,73674619
1,0.1.0,model-level causal evidence; not a WAN measurement,decisive,100,carousel,126,1,false,0,257,71521619,3165600,5000,0,10000,74702219
1,0.1.0,model-level causal evidence; not a WAN measurement,decisive,100,carousel,126,2,true,0,257,71521619,3165600,5000,0,10000,74702219
1,0.1.0,model-level causal evidence; not a WAN measurement,decisive,100,carousel,127,0,false,0,257,72620404,2138000,5000,0,10000,74773404
1,0.1.0,model-level causal evidence; not a WAN measurement,decisive,100,carousel,127,1,false,0,257,72620404,3165600,5000,0,10000,75801004
1,0.1.0,model-level causal evidence; not a WAN measurement,decisive,100,carousel,127,2,true,0,257,72620404,3165600,5000,0,10000,75801004
1,0.1.0,model-level causal evidence; not a WAN measurement,decisive,100,per_stripe_fec,0,0,false,1,255,72554405,2138000,5000,0,10000,74707405
1,0.1.0,model-level causal evidence; not a WAN measurement,decisive,100,per_stripe_fec,0,1,false,1,255,72554405,3165600,5000,0,10000,75735005
1,0.1.0,model-level causal evidence; not a WAN measurement,decisive,100,per_stripe_fec,0,2,true,1,255,72554405,3165600,5000,0,10000,75735005
1,0.1.0,model-level causal evidence; not a WAN measurement,decisive,100,per_stripe_fec,1,0,false,1,255,73646802,2138000,5000,0,10000,75799802
1,0.1.0,model-level causal evidence; not a WAN measurement,decisive,100,per_stripe_fec,1,1,false,1,255,73646802,3165600,5000,0,10000,76827402
1,0.1.0,model-level causal evidence; not a WAN measurement,decisive,100,per_stripe_fec,1,2,true,1,255,73646802,3165600,5000,0,10000,76827402
1,0.1.0,model-level causal evidence; not a WAN measurement,decisive,100,per_stripe_fec,2,0,false,1,255,72599603,2138000,5000,0,10000,74752603
1,0.1.0,model-level causal evidence; not a WAN measurement,decisive,100,per_stripe_fec,2,1,false,1,255,72599603,3165600,5000,0,10000,75780203
1,0.1.0,model-level causal evidence; not a WAN measurement,decisive,100,per_stripe_fec,2,2,true,1,255,72599603,3165600,5000,0,10000,75780203
1,0.1.0,model-level causal evidence; not a WAN measurement,decisive,100,per_stripe_fec,3,0,false,1,255,73100403,2138000,5000,0,10000,75253403
1,0.1.0,model-level causal evidence; not a WAN measurement,decisive,100,per_stripe_fec,3,1,false,1,255,73100403,3165600,5000,0,10000,76281003
1,0.1.0,model-level causal evidence; not a WAN measurement,decisive,100,per_stripe_fec,3,2,true,1,255,73100403,3165600,5000,0,10000,76281003
1,0.1.0,model-level causal evidence; not a WAN measurement,decisive,100,per_stripe_fec,4,0,false,1,255,73060802,2138000,5000,0,10000,75213802
1,0.1.0,model-level causal evidence; not a WAN measurement,decisive,100,per_stripe_fec,4,1,false,1,255,73060802,3165600,5000,0,10000,76241402
1,0.1.0,model-level causal evidence; not a WAN measurement,decisive,100,per_stripe_fec,4,2,true,1,255,73060802,3165600,5000,0,10000,76241402
1,0.1.0,model-level causal evidence; not a WAN measurement,decisive,100,per_stripe_fec,5,0,false,1,255,72057205,2138000,5000,0,10000,74210205
1,0.1.0,model-level causal evidence; not a WAN measurement,decisive,100,per_stripe_fec,5,1,false,1,255,72057205,3165600,5000,0,10000,75237805
1,0.1.0,model-level causal evidence; not a WAN measurement,decisive,100,per_stripe_fec,5,2,true,1,255,72057205,3165600,5000,0,10000,75237805
1,0.1.0,model-level causal evidence; not a WAN measurement,decisive,100,per_stripe_fec,6,0,false,1,255,71948810,2138000,5000,0,10000,74101810
1,0.1.0,model-level causal evidence; not a WAN measurement,decisive,100,per_stripe_fec,6,1,false,1,255,71948810,3165600,5000,0,10000,75129410
1,0.1.0,model-level causal evidence; not a WAN measurement,decisive,100,per_stripe_fec,6,2,true,1,255,71948810,3165600,5000,0,10000,75129410
1,0.1.0,model-level causal evidence; not a WAN measurement,decisive,100,per_stripe_fec,7,0,false,1,255,72948405,2138000,5000,0,10000,75101405
1,0.1.0,model-level causal evidence; not a WAN measurement,decisive,100,per_stripe_fec,7,1,false,1,255,72948405,3165600,5000,0,10000,76129005
1,0.1.0,model-level causal evidence; not a WAN measurement,decisive,100,per_stripe_fec,7,2,true,1,255,72948405,3165600,5000,0,10000,76129005
1,0.1.0,model-level causal evidence; not a WAN measurement,decisive,100,per_stripe_fec,8,0,false,1,255,72674006,2138000,5000,0,10000,74827006
1,0.1.0,model-level causal evidence; not a WAN measurement,decisive,100,per_stripe_fec,8,1,false,1,255,72674006,3165600,5000,0,10000,75854606
1,0.1.0,model-level causal evidence; not a WAN measurement,decisive,100,per_stripe_fec,8,2,true,1,255,72674006,3165600,5000,0,10000,75854606
1,0.1.0,model-level causal evidence; not a WAN measurement,decisive,100,per_stripe_fec,9,0,false,1,255,73037209,2138000,5000,0,10000,75190209
1,0.1.0,model-level causal evidence; not a WAN measurement,decisive,100,per_stripe_fec,9,1,false,1,255,73037209,3165600,5000,0,10000,76217809
1,0.1.0,model-level causal evidence; not a WAN measurement,decisive,100,per_stripe_fec,9,2,true,1,255,73037209,3165600,5000,0,10000,76217809
1,0.1.0,model-level causal evidence; not a WAN measurement,decisive,100,per_stripe_fec,10,0,false,1,255,71508802,2138000,5000,0,10000,73661802
1,0.1.0,model-level causal evidence; not a WAN measurement,decisive,100,per_stripe_fec,10,1,false,1,255,71508802,3165600,5000,0,10000,74689402
1,0.1.0,model-level causal evidence; not a WAN measurement,decisive,100,per_stripe_fec,10,2,true,1,255,71508802,3165600,5000,0,10000,74689402
1,0.1.0,model-level causal evidence; not a WAN measurement,decisive,100,per_stripe_fec,11,0,false,1,255,72812806,2212395,5000,0,10000,75040201
1,0.1.0,model-level causal evidence; not a WAN measurement,decisive,100,per_stripe_fec,11,1,false,1,255,72812806,3239995,5000,0,10000,76067801
1,0.1.0,model-level causal evidence; not a WAN measurement,decisive,100,per_stripe_fec,11,2,true,1,255,72812806,3239995,5000,0,10000,76067801
1,0.1.0,model-level causal evidence; not a WAN measurement,decisive,100,per_stripe_fec,12,0,false,1,255,72504002,2413999,5000,0,10000,74933001
1,0.1.0,model-level causal evidence; not a WAN measurement,decisive,100,per_stripe_fec,12,1,false,1,255,72504002,3441599,5000,0,10000,75960601
1,0.1.0,model-level causal evidence; not a WAN measurement,decisive,100,per_stripe_fec,12,2,true,1,255,72504002,3441599,5000,0,10000,75960601
1,0.1.0,model-level causal evidence; not a WAN measurement,decisive,100,per_stripe_fec,13,0,false,1,255,73307202,2139999,5000,0,10000,75462201
1,0.1.0,model-level causal evidence; not a WAN measurement,decisive,100,per_stripe_fec,13,1,false,1,255,73307202,3167599,5000,0,10000,76489801
1,0.1.0,model-level causal evidence; not a WAN measurement,decisive,100,per_stripe_fec,13,2,true,1,255,73307202,3167599,5000,0,10000,76489801
1,0.1.0,model-level causal evidence; not a WAN measurement,decisive,100,per_stripe_fec,14,0,false,1,255,73765203,2138000,5000,0,10000,75918203
1,0.1.0,model-level causal evidence; not a WAN measurement,decisive,100,per_stripe_fec,14,1,false,1,255,73765203,3165600,5000,0,10000,76945803
1,0.1.0,model-level causal evidence; not a WAN measurement,decisive,100,per_stripe_fec,14,2,true,1,255,73765203,3165600,5000,0,10000,76945803
1,0.1.0,model-level causal evidence; not a WAN measurement,decisive,100,per_stripe_fec,15,0,false,1,255,72116002,2138000,5000,0,10000,74269002
1,0.1.0,model-level causal evidence; not a WAN measurement,decisive,100,per_stripe_fec,15,1,false,1,255,72116002,3165600,5000,0,10000,75296602
1,0.1.0,model-level causal evidence; not a WAN measurement,decisive,100,per_stripe_fec,15,2,true,1,255,72116002,3165600,5000,0,10000,75296602
1,0.1.0,model-level causal evidence; not a WAN measurement,decisive,100,per_stripe_fec,16,0,false,1,255,71483205,2138000,5000,0,10000,73636205
1,0.1.0,model-level causal evidence; not a WAN measurement,decisive,100,per_stripe_fec,16,1,false,1,255,71483205,3165600,5000,0,10000,74663805
1,0.1.0,model-level causal evidence; not a WAN measurement,decisive,100,per_stripe_fec,16,2,true,1,255,71483205,3165600,5000,0,10000,74663805
1,0.1.0,model-level causal evidence; not a WAN measurement,decisive,100,per_stripe_fec,17,0,false,1,255,72908803,2138000,5000,0,10000,75061803
1,0.1.0,model-level causal evidence; not a WAN measurement,decisive,100,per_stripe_fec,17,1,false,1,255,72908803,3165600,5000,0,10000,76089403
1,0.1.0,model-level causal evidence; not a WAN measurement,decisive,100,per_stripe_fec,17,2,true,1,255,72908803,3165600,5000,0,10000,76089403
1,0.1.0,model-level causal evidence; not a WAN measurement,decisive,100,per_stripe_fec,18,0,false,1,255,72460003,2138000,5000,0,10000,74613003
1,0.1.0,model-level causal evidence; not a WAN measurement,decisive,100,per_stripe_fec,18,1,false,1,255,72460003,3165600,5000,0,10000,75640603
1,0.1.0,model-level causal evidence; not a WAN measurement,decisive,100,per_stripe_fec,18,2,true,1,255,72460003,3165600,5000,0,10000,75640603
1,0.1.0,model-level causal evidence; not a WAN measurement,decisive,100,per_stripe_fec,19,0,false,1,255,73558402,2234399,5000,0,10000,75807801
1,0.1.0,model-level causal evidence; not a WAN measurement,decisive,100,per_stripe_fec,19,1,false,1,255,73558402,3261999,5000,0,10000,76835401
1,0.1.0,model-level causal evidence; not a WAN measurement,decisive,100,per_stripe_fec,19,2,true,1,255,73558402,3261999,5000,0,10000,76835401
1,0.1.0,model-level causal evidence; not a WAN measurement,decisive,100,per_stripe_fec,20,0,false,1,255,73719603,2138000,5000,0,10000,75872603
1,0.1.0,model-level causal evidence; not a WAN measurement,decisive,100,per_stripe_fec,20,1,false,1,255,73719603,3165600,5000,0,10000,76900203
1,0.1.0,model-level causal evidence; not a WAN measurement,decisive,100,per_stripe_fec,20,2,true,1,255,73719603,3165600,5000,0,10000,76900203
1,0.1.0,model-level causal evidence; not a WAN measurement,decisive,100,per_stripe_fec,21,0,false,1,255,73602802,2138000,5000,0,10000,75755802
1,0.1.0,model-level causal evidence; not a WAN measurement,decisive,100,per_stripe_fec,21,1,false,1,255,73602802,3165600,5000,0,10000,76783402
1,0.1.0,model-level causal evidence; not a WAN measurement,decisive,100,per_stripe_fec,21,2,true,1,255,73602802,3165600,5000,0,10000,76783402
1,0.1.0,model-level causal evidence; not a WAN measurement,decisive,100,per_stripe_fec,22,0,false,1,255,73351609,2138000,5000,0,10000,75504609
1,0.1.0,model-level causal evidence; not a WAN measurement,decisive,100,per_stripe_fec,22,1,false,1,255,73351609,3165600,5000,0,10000,76532209
1,0.1.0,model-level causal evidence; not a WAN measurement,decisive,100,per_stripe_fec,22,2,true,1,255,73351609,3165600,5000,0,10000,76532209
1,0.1.0,model-level causal evidence; not a WAN measurement,decisive,100,per_stripe_fec,23,0,false,1,255,71882805,2138000,5000,0,10000,74035805
1,0.1.0,model-level causal evidence; not a WAN measurement,decisive,100,per_stripe_fec,23,1,false,1,255,71882805,3165600,5000,0,10000,75063405
1,0.1.0,model-level causal evidence; not a WAN measurement,decisive,100,per_stripe_fec,23,2,true,1,255,71882805,3165600,5000,0,10000,75063405
1,0.1.0,model-level causal evidence; not a WAN measurement,decisive,100,per_stripe_fec,24,0,false,1,255,73453611,2138000,5000,0,10000,75606611
1,0.1.0,model-level causal evidence; not a WAN measurement,decisive,100,per_stripe_fec,24,1,false,1,255,73453611,3165600,5000,0,10000,76634211
1,0.1.0,model-level causal evidence; not a WAN measurement,decisive,100,per_stripe_fec,24,2,true,1,255,73453611,3165600,5000,0,10000,76634211
1,0.1.0,model-level causal evidence; not a WAN measurement,decisive,100,per_stripe_fec,25,0,false,1,255,72757202,2138000,5000,0,10000,74910202
1,0.1.0,model-level causal evidence; not a WAN measurement,decisive,100,per_stripe_fec,25,1,false,1,255,72757202,3165600,5000,0,10000,75937802
1,0.1.0,model-level causal evidence; not a WAN measurement,decisive,100,per_stripe_fec,25,2,true,1,255,72757202,3165600,5000,0,10000,75937802
1,0.1.0,model-level causal evidence; not a WAN measurement,decisive,100,per_stripe_fec,26,0,false,1,255,72899606,2138000,5000,0,10000,75052606
1,0.1.0,model-level causal evidence; not a WAN measurement,decisive,100,per_stripe_fec,26,1,false,1,255,72899606,3165600,5000,0,10000,76080206
1,0.1.0,model-level causal evidence; not a WAN measurement,decisive,100,per_stripe_fec,26,2,true,1,255,72899606,3165600,5000,0,10000,76080206
1,0.1.0,model-level causal evidence; not a WAN measurement,decisive,100,per_stripe_fec,27,0,false,1,255,73459203,2138000,5000,0,10000,75612203
1,0.1.0,model-level causal evidence; not a WAN measurement,decisive,100,per_stripe_fec,27,1,false,1,255,73459203,3165600,5000,0,10000,76639803
1,0.1.0,model-level causal evidence; not a WAN measurement,decisive,100,per_stripe_fec,27,2,true,1,255,73459203,3165600,5000,0,10000,76639803
1,0.1.0,model-level causal evidence; not a WAN measurement,decisive,100,per_stripe_fec,28,0,false,1,255,73116002,2159199,5000,0,10000,75290201
1,0.1.0,model-level causal evidence; not a WAN measurement,decisive,100,per_stripe_fec,28,1,false,1,255,73116002,3186799,5000,0,10000,76317801
1,0.1.0,model-level causal evidence; not a WAN measurement,decisive,100,per_stripe_fec,28,2,true,1,255,73116002,3186799,5000,0,10000,76317801
1,0.1.0,model-level causal evidence; not a WAN measurement,decisive,100,per_stripe_fec,29,0,false,1,255,73692005,2195196,5000,0,10000,75902201
1,0.1.0,model-level causal evidence; not a WAN measurement,decisive,100,per_stripe_fec,29,1,false,1,255,73692005,3222796,5000,0,10000,76929801
1,0.1.0,model-level causal evidence; not a WAN measurement,decisive,100,per_stripe_fec,29,2,true,1,255,73692005,3222796,5000,0,10000,76929801
1,0.1.0,model-level causal evidence; not a WAN measurement,decisive,100,per_stripe_fec,30,0,false,1,255,71956002,2138000,5000,0,10000,74109002
1,0.1.0,model-level causal evidence; not a WAN measurement,decisive,100,per_stripe_fec,30,1,false,1,255,71956002,3165600,5000,0,10000,75136602
1,0.1.0,model-level causal evidence; not a WAN measurement,decisive,100,per_stripe_fec,30,2,true,1,255,71956002,3165600,5000,0,10000,75136602
1,0.1.0,model-level causal evidence; not a WAN measurement,decisive,100,per_stripe_fec,31,0,false,1,255,72757202,2138000,5000,0,10000,74910202
1,0.1.0,model-level causal evidence; not a WAN measurement,decisive,100,per_stripe_fec,31,1,false,1,255,72757202,3165600,5000,0,10000,75937802
1,0.1.0,model-level causal evidence; not a WAN measurement,decisive,100,per_stripe_fec,31,2,true,1,255,72757202,3165600,5000,0,10000,75937802
1,0.1.0,model-level causal evidence; not a WAN measurement,decisive,100,per_stripe_fec,32,0,false,1,255,72697605,2138000,5000,0,10000,74850605
1,0.1.0,model-level causal evidence; not a WAN measurement,decisive,100,per_stripe_fec,32,1,false,1,255,72697605,3165600,5000,0,10000,75878205
1,0.1.0,model-level causal evidence; not a WAN measurement,decisive,100,per_stripe_fec,32,2,true,1,255,72697605,3165600,5000,0,10000,75878205
1,0.1.0,model-level causal evidence; not a WAN measurement,decisive,100,per_stripe_fec,33,0,false,1,255,73699602,2435999,5000,0,10000,76150601
1,0.1.0,model-level causal evidence; not a WAN measurement,decisive,100,per_stripe_fec,33,1,false,1,255,73699602,3463599,5000,0,10000,77178201
1,0.1.0,model-level causal evidence; not a WAN measurement,decisive,100,per_stripe_fec,33,2,true,1,255,73699602,3463599,5000,0,10000,77178201
1,0.1.0,model-level causal evidence; not a WAN measurement,decisive,100,per_stripe_fec,34,0,false,1,255,71895605,2379596,5000,0,10000,74290201
1,0.1.0,model-level causal evidence; not a WAN measurement,decisive,100,per_stripe_fec,34,1,false,1,255,71895605,3407196,5000,0,10000,75317801
1,0.1.0,model-level causal evidence; not a WAN measurement,decisive,100,per_stripe_fec,34,2,true,1,255,71895605,3407196,5000,0,10000,75317801
1,0.1.0,model-level causal evidence; not a WAN measurement,decisive,100,per_stripe_fec,35,0,false,1,255,73757202,2138000,5000,0,10000,75910202
1,0.1.0,model-level causal evidence; not a WAN measurement,decisive,100,per_stripe_fec,35,1,false,1,255,73757202,3165600,5000,0,10000,76937802
1,0.1.0,model-level causal evidence; not a WAN measurement,decisive,100,per_stripe_fec,35,2,true,1,255,73757202,3165600,5000,0,10000,76937802
1,0.1.0,model-level causal evidence; not a WAN measurement,decisive,100,per_stripe_fec,36,0,false,1,255,72910808,2197193,5000,0,10000,75123001
1,0.1.0,model-level causal evidence; not a WAN measurement,decisive,100,per_stripe_fec,36,1,false,1,255,72910808,3224793,5000,0,10000,76150601
1,0.1.0,model-level causal evidence; not a WAN measurement,decisive,100,per_stripe_fec,36,2,true,1,255,72910808,3224793,5000,0,10000,76150601
1,0.1.0,model-level causal evidence; not a WAN measurement,decisive,100,per_stripe_fec,37,0,false,1,255,73017603,2138000,5000,0,10000,75170603
1,0.1.0,model-level causal evidence; not a WAN measurement,decisive,100,per_stripe_fec,37,1,false,1,255,73017603,3165600,5000,0,10000,76198203
1,0.1.0,model-level causal evidence; not a WAN measurement,decisive,100,per_stripe_fec,37,2,true,1,255,73017603,3165600,5000,0,10000,76198203
1,0.1.0,model-level causal evidence; not a WAN measurement,decisive,100,per_stripe_fec,38,0,false,1,255,72068803,2138000,5000,0,10000,74221803
1,0.1.0,model-level causal evidence; not a WAN measurement,decisive,100,per_stripe_fec,38,1,false,1,255,72068803,3165600,5000,0,10000,75249403
1,0.1.0,model-level causal evidence; not a WAN measurement,decisive,100,per_stripe_fec,38,2,true,1,255,72068803,3165600,5000,0,10000,75249403
1,0.1.0,model-level causal evidence; not a WAN measurement,decisive,100,per_stripe_fec,39,0,false,1,255,71682403,2138000,5000,0,10000,73835403
1,0.1.0,model-level causal evidence; not a WAN measurement,decisive,100,per_stripe_fec,39,1,false,1,255,71682403,3165600,5000,0,10000,74863003
1,0.1.0,model-level causal evidence; not a WAN measurement,decisive,100,per_stripe_fec,39,2,true,1,255,71682403,3165600,5000,0,10000,74863003
1,0.1.0,model-level causal evidence; not a WAN measurement,decisive,100,per_stripe_fec,40,0,false,1,255,72710003,2138000,5000,0,10000,74863003
1,0.1.0,model-level causal evidence; not a WAN measurement,decisive,100,per_stripe_fec,40,1,false,1,255,72710003,3165600,5000,0,10000,75890603
1,0.1.0,model-level causal evidence; not a WAN measurement,decisive,100,per_stripe_fec,40,2,true,1,255,72710003,3165600,5000,0,10000,75890603
1,0.1.0,model-level causal evidence; not a WAN measurement,decisive,100,per_stripe_fec,41,0,false,1,255,72822003,2263998,5000,0,10000,75101001
1,0.1.0,model-level causal evidence; not a WAN measurement,decisive,100,per_stripe_fec,41,1,false,1,255,72822003,3291598,5000,0,10000,76128601
1,0.1.0,model-level causal evidence; not a WAN measurement,decisive,100,per_stripe_fec,41,2,true,1,255,72822003,3291598,5000,0,10000,76128601
1,0.1.0,model-level causal evidence; not a WAN measurement,decisive,100,per_stripe_fec,42,0,false,1,255,72759604,2215997,5000,0,10000,74990601
1,0.1.0,model-level causal evidence; not a WAN measurement,decisive,100,per_stripe_fec,42,1,false,1,255,72759604,3243597,5000,0,10000,76018201
1,0.1.0,model-level causal evidence; not a WAN measurement,decisive,100,per_stripe_fec,42,2,true,1,255,72759604,3243597,5000,0,10000,76018201
1,0.1.0,model-level causal evidence; not a WAN measurement,decisive,100,per_stripe_fec,43,0,false,1,255,72654803,2138000,5000,0,10000,74807803
1,0.1.0,model-level causal evidence; not a WAN measurement,decisive,100,per_stripe_fec,43,1,false,1,255,72654803,3165600,5000,0,10000,75835403
1,0.1.0,model-level causal evidence; not a WAN measurement,decisive,100,per_stripe_fec,43,2,true,1,255,72654803,3165600,5000,0,10000,75835403
1,0.1.0,model-level causal evidence; not a WAN measurement,decisive,100,per_stripe_fec,44,0,false,1,255,73557607,2138000,5000,0,10000,75710607
1,0.1.0,model-level causal evidence; not a WAN measurement,decisive,100,per_stripe_fec,44,1,false,1,255,73557607,3165600,5000,0,10000,76738207
1,0.1.0,model-level causal evidence; not a WAN measurement,decisive,100,per_stripe_fec,44,2,true,1,255,73557607,3165600,5000,0,10000,76738207
1,0.1.0,model-level causal evidence; not a WAN measurement,decisive,100,per_stripe_fec,45,0,false,1,255,72903211,2149590,5000,0,10000,75067801
1,0.1.0,model-level causal evidence; not a WAN measurement,decisive,100,per_stripe_fec,45,1,false,1,255,72903211,3177190,5000,0,10000,76095401
1,0.1.0,model-level causal evidence; not a WAN measurement,decisive,100,per_stripe_fec,45,2,true,1,255,72903211,3177190,5000,0,10000,76095401
1,0.1.0,model-level causal evidence; not a WAN measurement,decisive,100,per_stripe_fec,46,0,false,1,255,71350023,2138000,5000,0,10000,73503023
1,0.1.0,model-level causal evidence; not a WAN measurement,decisive,100,per_stripe_fec,46,1,false,1,255,71350023,3165600,5000,0,10000,74530623
1,0.1.0,model-level causal evidence; not a WAN measurement,decisive,100,per_stripe_fec,46,2,true,1,255,71350023,3165600,5000,0,10000,74530623
1,0.1.0,model-level causal evidence; not a WAN measurement,decisive,100,per_stripe_fec,47,0,false,1,255,72073207,2340794,5000,0,10000,74429001
1,0.1.0,model-level causal evidence; not a WAN measurement,decisive,100,per_stripe_fec,47,1,false,1,255,72073207,3368394,5000,0,10000,75456601
1,0.1.0,model-level causal evidence; not a WAN measurement,decisive,100,per_stripe_fec,47,2,true,1,255,72073207,3368394,5000,0,10000,75456601
1,0.1.0,model-level causal evidence; not a WAN measurement,decisive,100,per_stripe_fec,48,0,false,1,255,73068803,2138000,5000,0,10000,75221803
1,0.1.0,model-level causal evidence; not a WAN measurement,decisive,100,per_stripe_fec,48,1,false,1,255,73068803,3165600,5000,0,10000,76249403
1,0.1.0,model-level causal evidence; not a WAN measurement,decisive,100,per_stripe_fec,48,2,true,1,255,73068803,3165600,5000,0,10000,76249403
1,0.1.0,model-level causal evidence; not a WAN measurement,decisive,100,per_stripe_fec,49,0,false,1,255,72219208,2138000,5000,0,10000,74372208
1,0.1.0,model-level causal evidence; not a WAN measurement,decisive,100,per_stripe_fec,49,1,false,1,255,72219208,3165600,5000,0,10000,75399808
1,0.1.0,model-level causal evidence; not a WAN measurement,decisive,100,per_stripe_fec,49,2,true,1,255,72219208,3165600,5000,0,10000,75399808
1,0.1.0,model-level causal evidence; not a WAN measurement,decisive,100,per_stripe_fec,50,0,false,1,255,72865202,2138000,5000,0,10000,75018202
1,0.1.0,model-level causal evidence; not a WAN measurement,decisive,100,per_stripe_fec,50,1,false,1,255,72865202,3165600,5000,0,10000,76045802
1,0.1.0,model-level causal evidence; not a WAN measurement,decisive,100,per_stripe_fec,50,2,true,1,255,72865202,3165600,5000,0,10000,76045802
1,0.1.0,model-level causal evidence; not a WAN measurement,decisive,100,per_stripe_fec,51,0,false,1,255,72194006,2138000,5000,0,10000,74347006
1,0.1.0,model-level causal evidence; not a WAN measurement,decisive,100,per_stripe_fec,51,1,false,1,255,72194006,3165600,5000,0,10000,75374606
1,0.1.0,model-level causal evidence; not a WAN measurement,decisive,100,per_stripe_fec,51,2,true,1,255,72194006,3165600,5000,0,10000,75374606
1,0.1.0,model-level causal evidence; not a WAN measurement,decisive,100,per_stripe_fec,52,0,false,1,255,72408407,2138000,5000,0,10000,74561407
1,0.1.0,model-level causal evidence; not a WAN measurement,decisive,100,per_stripe_fec,52,1,false,1,255,72408407,3165600,5000,0,10000,75589007
1,0.1.0,model-level causal evidence; not a WAN measurement,decisive,100,per_stripe_fec,52,2,true,1,255,72408407,3165600,5000,0,10000,75589007
1,0.1.0,model-level causal evidence; not a WAN measurement,decisive,100,per_stripe_fec,53,0,false,1,255,72952002,2191599,5000,0,10000,75158601
1,0.1.0,model-level causal evidence; not a WAN measurement,decisive,100,per_stripe_fec,53,1,false,1,255,72952002,3219199,5000,0,10000,76186201
1,0.1.0,model-level causal evidence; not a WAN measurement,decisive,100,per_stripe_fec,53,2,true,1,255,72952002,3219199,5000,0,10000,76186201
1,0.1.0,model-level causal evidence; not a WAN measurement,decisive,100,per_stripe_fec,54,0,false,1,255,72503209,2138000,5000,0,10000,74656209
1,0.1.0,model-level causal evidence; not a WAN measurement,decisive,100,per_stripe_fec,54,1,false,1,255,72503209,3165600,5000,0,10000,75683809
1,0.1.0,model-level causal evidence; not a WAN measurement,decisive,100,per_stripe_fec,54,2,true,1,255,72503209,3165600,5000,0,10000,75683809
1,0.1.0,model-level causal evidence; not a WAN measurement,decisive,100,per_stripe_fec,55,0,false,1,255,73413604,2138000,5000,0,10000,75566604
1,0.1.0,model-level causal evidence; not a WAN measurement,decisive,100,per_stripe_fec,55,1,false,1,255,73413604,3165600,5000,0,10000,76594204
1,0.1.0,model-level causal evidence; not a WAN measurement,decisive,100,per_stripe_fec,55,2,true,1,255,73413604,3165600,5000,0,10000,76594204
1,0.1.0,model-level causal evidence; not a WAN measurement,decisive,100,per_stripe_fec,56,0,false,1,255,72816410,2138000,5000,0,10000,74969410
1,0.1.0,model-level causal evidence; not a WAN measurement,decisive,100,per_stripe_fec,56,1,false,1,255,72816410,3165600,5000,0,10000,75997010
1,0.1.0,model-level causal evidence; not a WAN measurement,decisive,100,per_stripe_fec,56,2,true,1,255,72816410,3165600,5000,0,10000,75997010
1,0.1.0,model-level causal evidence; not a WAN measurement,decisive,100,per_stripe_fec,57,0,false,1,255,72864005,2138000,5000,0,10000,75017005
1,0.1.0,model-level causal evidence; not a WAN measurement,decisive,100,per_stripe_fec,57,1,false,1,255,72864005,3165600,5000,0,10000,76044605
1,0.1.0,model-level causal evidence; not a WAN measurement,decisive,100,per_stripe_fec,57,2,true,1,255,72864005,3165600,5000,0,10000,76044605
1,0.1.0,model-level causal evidence; not a WAN measurement,decisive,100,per_stripe_fec,58,0,false,1,255,72305602,2139999,5000,0,10000,74460601
1,0.1.0,model-level causal evidence; not a WAN measurement,decisive,100,per_stripe_fec,58,1,false,1,255,72305602,3167599,5000,0,10000,75488201
1,0.1.0,model-level causal evidence; not a WAN measurement,decisive,100,per_stripe_fec,58,2,true,1,255,72305602,3167599,5000,0,10000,75488201
1,0.1.0,model-level causal evidence; not a WAN measurement,decisive,100,per_stripe_fec,59,0,false,1,255,72674402,2138000,5000,0,10000,74827402
1,0.1.0,model-level causal evidence; not a WAN measurement,decisive,100,per_stripe_fec,59,1,false,1,255,72674402,3165600,5000,0,10000,75855002
1,0.1.0,model-level causal evidence; not a WAN measurement,decisive,100,per_stripe_fec,59,2,true,1,255,72674402,3165600,5000,0,10000,75855002
1,0.1.0,model-level causal evidence; not a WAN measurement,decisive,100,per_stripe_fec,60,0,false,1,255,72167605,2138000,5000,0,10000,74320605
1,0.1.0,model-level causal evidence; not a WAN measurement,decisive,100,per_stripe_fec,60,1,false,1,255,72167605,3165600,5000,0,10000,75348205
1,0.1.0,model-level causal evidence; not a WAN measurement,decisive,100,per_stripe_fec,60,2,true,1,255,72167605,3165600,5000,0,10000,75348205
1,0.1.0,model-level causal evidence; not a WAN measurement,decisive,100,per_stripe_fec,61,0,false,1,255,72542407,2138000,5000,0,10000,74695407
1,0.1.0,model-level causal evidence; not a WAN measurement,decisive,100,per_stripe_fec,61,1,false,1,255,72542407,3165600,5000,0,10000,75723007
1,0.1.0,model-level causal evidence; not a WAN measurement,decisive,100,per_stripe_fec,61,2,true,1,255,72542407,3165600,5000,0,10000,75723007
1,0.1.0,model-level causal evidence; not a WAN measurement,decisive,100,per_stripe_fec,62,0,false,1,255,72856004,2256397,5000,0,10000,75127401
1,0.1.0,model-level causal evidence; not a WAN measurement,decisive,100,per_stripe_fec,62,1,false,1,255,72856004,3283997,5000,0,10000,76155001
1,0.1.0,model-level causal evidence; not a WAN measurement,decisive,100,per_stripe_fec,62,2,true,1,255,72856004,3283997,5000,0,10000,76155001
1,0.1.0,model-level causal evidence; not a WAN measurement,decisive,100,per_stripe_fec,63,0,false,1,255,73086802,2701999,5000,0,10000,75803801
1,0.1.0,model-level causal evidence; not a WAN measurement,decisive,100,per_stripe_fec,63,1,false,1,255,73086802,3729599,5000,0,10000,76831401
1,0.1.0,model-level causal evidence; not a WAN measurement,decisive,100,per_stripe_fec,63,2,true,1,255,73086802,3729599,5000,0,10000,76831401
1,0.1.0,model-level causal evidence; not a WAN measurement,decisive,100,per_stripe_fec,64,0,false,1,255,73049204,2138000,5000,0,10000,75202204
1,0.1.0,model-level causal evidence; not a WAN measurement,decisive,100,per_stripe_fec,64,1,false,1,255,73049204,3165600,5000,0,10000,76229804
1,0.1.0,model-level causal evidence; not a WAN measurement,decisive,100,per_stripe_fec,64,2,true,1,255,73049204,3165600,5000,0,10000,76229804
1,0.1.0,model-level causal evidence; not a WAN measurement,decisive,100,per_stripe_fec,65,0,false,1,255,72873202,2138000,5000,0,10000,75026202
1,0.1.0,model-level causal evidence; not a WAN measurement,decisive,100,per_stripe_fec,65,1,false,1,255,72873202,3165600,5000,0,10000,76053802
1,0.1.0,model-level causal evidence; not a WAN measurement,decisive,100,per_stripe_fec,65,2,true,1,255,72873202,3165600,5000,0,10000,76053802
1,0.1.0,model-level causal evidence; not a WAN measurement,decisive,100,per_stripe_fec,66,0,false,1,255,72789202,2324799,5000,0,10000,75129001
1,0.1.0,model-level causal evidence; not a WAN measurement,decisive,100,per_stripe_fec,66,1,false,1,255,72789202,3352399,5000,0,10000,76156601
1,0.1.0,model-level causal evidence; not a WAN measurement,decisive,100,per_stripe_fec,66,2,true,1,255,72789202,3352399,5000,0,10000,76156601
1,0.1.0,model-level causal evidence; not a WAN measurement,decisive,100,per_stripe_fec,67,0,false,1,255,73948405,2138000,5000,0,10000,76101405
1,0.1.0,model-level causal evidence; not a WAN measurement,decisive,100,per_stripe_fec,67,1,false,1,255,73948405,3165600,5000,0,10000,77129005
1,0.1.0,model-level causal evidence; not a WAN measurement,decisive,100,per_stripe_fec,67,2,true,1,255,73948405,3165600,5000,0,10000,77129005
1,0.1.0,model-level causal evidence; not a WAN measurement,decisive,100,per_stripe_fec,68,0,false,1,255,73458402,2138000,5000,0,10000,75611402
1,0.1.0,model-level causal evidence; not a WAN measurement,decisive,100,per_stripe_fec,68,1,false,1,255,73458402,3165600,5000,0,10000,76639002
1,0.1.0,model-level causal evidence; not a WAN measurement,decisive,100,per_stripe_fec,68,2,true,1,255,73458402,3165600,5000,0,10000,76639002
1,0.1.0,model-level causal evidence; not a WAN measurement,decisive,100,per_stripe_fec,69,0,false,1,255,72674402,2138000,5000,0,10000,74827402
1,0.1.0,model-level causal evidence; not a WAN measurement,decisive,100,per_stripe_fec,69,1,false,1,255,72674402,3165600,5000,0,10000,75855002
1,0.1.0,model-level causal evidence; not a WAN measurement,decisive,100,per_stripe_fec,69,2,true,1,255,72674402,3165600,5000,0,10000,75855002
1,0.1.0,model-level causal evidence; not a WAN measurement,decisive,100,per_stripe_fec,70,0,false,1,255,72904803,2138000,5000,0,10000,75057803
1,0.1.0,model-level causal evidence; not a WAN measurement,decisive,100,per_stripe_fec,70,1,false,1,255,72904803,3165600,5000,0,10000,76085403
1,0.1.0,model-level causal evidence; not a WAN measurement,decisive,100,per_stripe_fec,70,2,true,1,255,72904803,3165600,5000,0,10000,76085403
1,0.1.0,model-level causal evidence; not a WAN measurement,decisive,100,per_stripe_fec,71,0,false,1,255,72536402,2138000,5000,0,10000,74689402
1,0.1.0,model-level causal evidence; not a WAN measurement,decisive,100,per_stripe_fec,71,1,false,1,255,72536402,3165600,5000,0,10000,75717002
1,0.1.0,model-level causal evidence; not a WAN measurement,decisive,100,per_stripe_fec,71,2,true,1,255,72536402,3165600,5000,0,10000,75717002
1,0.1.0,model-level causal evidence; not a WAN measurement,decisive,100,per_stripe_fec,72,0,false,1,255,72184804,2358800,5000,0,10000,74558604
1,0.1.0,model-level causal evidence; not a WAN measurement,decisive,100,per_stripe_fec,72,1,false,1,255,72184804,3386400,5000,0,10000,75586204
1,0.1.0,model-level causal evidence; not a WAN measurement,decisive,100,per_stripe_fec,72,2,true,1,255,72184804,3386400,5000,0,10000,75586204
1,0.1.0,model-level causal evidence; not a WAN measurement,decisive,100,per_stripe_fec,73,0,false,1,255,73658803,2138000,5000,0,10000,75811803
1,0.1.0,model-level causal evidence; not a WAN measurement,decisive,100,per_stripe_fec,73,1,false,1,255,73658803,3165600,5000,0,10000,76839403
1,0.1.0,model-level causal evidence; not a WAN measurement,decisive,100,per_stripe_fec,73,2,true,1,255,73658803,3165600,5000,0,10000,76839403
1,0.1.0,model-level causal evidence; not a WAN measurement,decisive,100,per_stripe_fec,74,0,false,1,255,72731202,2138000,5000,0,10000,74884202
1,0.1.0,model-level causal evidence; not a WAN measurement,decisive,100,per_stripe_fec,74,1,false,1,255,72731202,3165600,5000,0,10000,75911802
1,0.1.0,model-level causal evidence; not a WAN measurement,decisive,100,per_stripe_fec,74,2,true,1,255,72731202,3165600,5000,0,10000,75911802
1,0.1.0,model-level causal evidence; not a WAN measurement,decisive,100,per_stripe_fec,75,0,false,1,255,73002005,2138000,5000,0,10000,75155005
1,0.1.0,model-level causal evidence; not a WAN measurement,decisive,100,per_stripe_fec,75,1,false,1,255,73002005,3165600,5000,0,10000,76182605
1,0.1.0,model-level causal evidence; not a WAN measurement,decisive,100,per_stripe_fec,75,2,true,1,255,73002005,3165600,5000,0,10000,76182605
1,0.1.0,model-level causal evidence; not a WAN measurement,decisive,100,per_stripe_fec,76,0,false,1,255,72674402,2138000,5000,0,10000,74827402
1,0.1.0,model-level causal evidence; not a WAN measurement,decisive,100,per_stripe_fec,76,1,false,1,255,72674402,3165600,5000,0,10000,75855002
1,0.1.0,model-level causal evidence; not a WAN measurement,decisive,100,per_stripe_fec,76,2,true,1,255,72674402,3165600,5000,0,10000,75855002
1,0.1.0,model-level causal evidence; not a WAN measurement,decisive,100,per_stripe_fec,77,0,false,1,255,72181611,2138000,5000,0,10000,74334611
1,0.1.0,model-level causal evidence; not a WAN measurement,decisive,100,per_stripe_fec,77,1,false,1,255,72181611,3165600,5000,0,10000,75362211
1,0.1.0,model-level causal evidence; not a WAN measurement,decisive,100,per_stripe_fec,77,2,true,1,255,72181611,3165600,5000,0,10000,75362211
1,0.1.0,model-level causal evidence; not a WAN measurement,decisive,100,per_stripe_fec,78,0,false,1,255,72922802,2138000,5000,0,10000,75075802
1,0.1.0,model-level causal evidence; not a WAN measurement,decisive,100,per_stripe_fec,78,1,false,1,255,72922802,3165600,5000,0,10000,76103402
1,0.1.0,model-level causal evidence; not a WAN measurement,decisive,100,per_stripe_fec,78,2,true,1,255,72922802,3165600,5000,0,10000,76103402
1,0.1.0,model-level causal evidence; not a WAN measurement,decisive,100,per_stripe_fec,79,0,false,1,255,73124404,2138000,5000,0,10000,75277404
1,0.1.0,model-level causal evidence; not a WAN measurement,decisive,100,per_stripe_fec,79,1,false,1,255,73124404,3165600,5000,0,10000,76305004
1,0.1.0,model-level causal evidence; not a WAN measurement,decisive,100,per_stripe_fec,79,2,true,1,255,73124404,3165600,5000,0,10000,76305004
1,0.1.0,model-level causal evidence; not a WAN measurement,decisive,100,per_stripe_fec,80,0,false,1,255,71716008,2168793,5000,0,10000,73899801
1,0.1.0,model-level causal evidence; not a WAN measurement,decisive,100,per_stripe_fec,80,1,false,1,255,71716008,3196393,5000,0,10000,74927401
1,0.1.0,model-level causal evidence; not a WAN measurement,decisive,100,per_stripe_fec,80,2,true,1,255,71716008,3196393,5000,0,10000,74927401
1,0.1.0,model-level causal evidence; not a WAN measurement,decisive,100,per_stripe_fec,81,0,false,1,255,73096403,2138000,5000,0,10000,75249403
1,0.1.0,model-level causal evidence; not a WAN measurement,decisive,100,per_stripe_fec,81,1,false,1,255,73096403,3165600,5000,0,10000,76277003
1,0.1.0,model-level causal evidence; not a WAN measurement,decisive,100,per_stripe_fec,81,2,true,1,255,73096403,3165600,5000,0,10000,76277003
1,0.1.0,model-level causal evidence; not a WAN measurement,decisive,100,per_stripe_fec,82,0,false,1,255,73143602,2138000,5000,0,10000,75296602
1,0.1.0,model-level causal evidence; not a WAN measurement,decisive,100,per_stripe_fec,82,1,false,1,255,73143602,3165600,5000,0,10000,76324202
1,0.1.0,model-level causal evidence; not a WAN measurement,decisive,100,per_stripe_fec,82,2,true,1,255,73143602,3165600,5000,0,10000,76324202
1,0.1.0,model-level causal evidence; not a WAN measurement,decisive,100,per_stripe_fec,83,0,false,1,255,72731602,2138000,5000,0,10000,74884602
1,0.1.0,model-level causal evidence; not a WAN measurement,decisive,100,per_stripe_fec,83,1,false,1,255,72731602,3165600,5000,0,10000,75912202
1,0.1.0,model-level causal evidence; not a WAN measurement,decisive,100,per_stripe_fec,83,2,true,1,255,72731602,3165600,5000,0,10000,75912202
1,0.1.0,model-level causal evidence; not a WAN measurement,decisive,100,per_stripe_fec,84,0,false,1,255,72919205,2138000,5000,0,10000,75072205
1,0.1.0,model-level causal evidence; not a WAN measurement,decisive,100,per_stripe_fec,84,1,false,1,255,72919205,3165600,5000,0,10000,76099805
1,0.1.0,model-level causal evidence; not a WAN measurement,decisive,100,per_stripe_fec,84,2,true,1,255,72919205,3165600,5000,0,10000,76099805
1,0.1.0,model-level causal evidence; not a WAN measurement,decisive,100,per_stripe_fec,85,0,false,1,255,71770019,2138000,5000,0,10000,73923019
1,0.1.0,model-level causal evidence; not a WAN measurement,decisive,100,per_stripe_fec,85,1,false,1,255,71770019,3165600,5000,0,10000,74950619
1,0.1.0,model-level causal evidence; not a WAN measurement,decisive,100,per_stripe_fec,85,2,true,1,255,71770019,3165600,5000,0,10000,74950619
1,0.1.0,model-level causal evidence; not a WAN measurement,decisive,100,per_stripe_fec,86,0,false,1,255,72865605,2138000,5000,0,10000,75018605
1,0.1.0,model-level causal evidence; not a WAN measurement,decisive,100,per_stripe_fec,86,1,false,1,255,72865605,3165600,5000,0,10000,76046205
1,0.1.0,model-level causal evidence; not a WAN measurement,decisive,100,per_stripe_fec,86,2,true,1,255,72865605,3165600,5000,0,10000,76046205
1,0.1.0,model-level causal evidence; not a WAN measurement,decisive,100,per_stripe_fec,87,0,false,1,255,72013603,2358800,5000,0,10000,74387403
1,0.1.0,model-level causal evidence; not a WAN measurement,decisive,100,per_stripe_fec,87,1,false,1,255,72013603,3386400,5000,0,10000,75415003
1,0.1.0,model-level causal evidence; not a WAN measurement,decisive,100,per_stripe_fec,87,2,true,1,255,72013603,3386400,5000,0,10000,75415003
1,0.1.0,model-level causal evidence; not a WAN measurement,decisive,100,per_stripe_fec,88,0,false,1,255,73098806,2206395,5000,0,10000,75320201
1,0.1.0,model-level causal evidence; not a WAN measurement,decisive,100,per_stripe_fec,88,1,false,1,255,73098806,3233995,5000,0,10000,76347801
1,0.1.0,model-level causal evidence; not a WAN measurement,decisive,100,per_stripe_fec,88,2,true,1,255,73098806,3233995,5000,0,10000,76347801
1,0.1.0,model-level causal evidence; not a WAN measurement,decisive,100,per_stripe_fec,89,0,false,1,255,72911204,2138000,5000,0,10000,75064204
1,0.1.0,model-level causal evidence; not a WAN measurement,decisive,100,per_stripe_fec,89,1,false,1,255,72911204,3165600,5000,0,10000,76091804
1,0.1.0,model-level causal evidence; not a WAN measurement,decisive,100,per_stripe_fec,89,2,true,1,255,72911204,3165600,5000,0,10000,76091804
1,0.1.0,model-level causal evidence; not a WAN measurement,decisive,100,per_stripe_fec,90,0,false,1,255,72313606,2358795,5000,0,10000,74687401
1,0.1.0,model-level causal evidence; not a WAN measurement,decisive,100,per_stripe_fec,90,1,false,1,255,72313606,3386395,5000,0,10000,75715001
1,0.1.0,model-level causal evidence; not a WAN measurement,decisive,100,per_stripe_fec,90,2,true,1,255,72313606,3386395,5000,0,10000,75715001
1,0.1.0,model-level causal evidence; not a WAN measurement,decisive,100,per_stripe_fec,91,0,false,1,255,73475202,2139999,5000,0,10000,75630201
1,0.1.0,model-level causal evidence; not a WAN measurement,decisive,100,per_stripe_fec,91,1,false,1,255,73475202,3167599,5000,0,10000,76657801
1,0.1.0,model-level causal evidence; not a WAN measurement,decisive,100,per_stripe_fec,91,2,true,1,255,73475202,3167599,5000,0,10000,76657801
1,0.1.0,model-level causal evidence; not a WAN measurement,decisive,100,per_stripe_fec,92,0,false,1,255,73481202,2138000,5000,0,10000,75634202
1,0.1.0,model-level causal evidence; not a WAN measurement,decisive,100,per_stripe_fec,92,1,false,1,255,73481202,3165600,5000,0,10000,76661802
1,0.1.0,model-level causal evidence; not a WAN measurement,decisive,100,per_stripe_fec,92,2,true,1,255,73481202,3165600,5000,0,10000,76661802
1,0.1.0,model-level causal evidence; not a WAN measurement,decisive,100,per_stripe_fec,93,0,false,1,255,71974405,2138000,5000,0,10000,74127405
1,0.1.0,model-level causal evidence; not a WAN measurement,decisive,100,per_stripe_fec,93,1,false,1,255,71974405,3165600,5000,0,10000,75155005
1,0.1.0,model-level causal evidence; not a WAN measurement,decisive,100,per_stripe_fec,93,2,true,1,255,71974405,3165600,5000,0,10000,75155005
1,0.1.0,model-level causal evidence; not a WAN measurement,decisive,100,per_stripe_fec,94,0,false,1,255,72674402,2138000,5000,0,10000,74827402
1,0.1.0,model-level causal evidence; not a WAN measurement,decisive,100,per_stripe_fec,94,1,false,1,255,72674402,3165600,5000,0,10000,75855002
1,0.1.0,model-level causal evidence; not a WAN measurement,decisive,100,per_stripe_fec,94,2,true,1,255,72674402,3165600,5000,0,10000,75855002
1,0.1.0,model-level causal evidence; not a WAN measurement,decisive,100,per_stripe_fec,95,0,false,1,255,72974405,2261201,5000,0,10000,75250606
1,0.1.0,model-level causal evidence; not a WAN measurement,decisive,100,per_stripe_fec,95,1,false,1,255,72974405,3288801,5000,0,10000,76278206
1,0.1.0,model-level causal evidence; not a WAN measurement,decisive,100,per_stripe_fec,95,2,true,1,255,72974405,3288801,5000,0,10000,76278206
1,0.1.0,model-level causal evidence; not a WAN measurement,decisive,100,per_stripe_fec,96,0,false,1,255,73946805,2138000,5000,0,10000,76099805
1,0.1.0,model-level causal evidence; not a WAN measurement,decisive,100,per_stripe_fec,96,1,false,1,255,73946805,3165600,5000,0,10000,77127405
1,0.1.0,model-level causal evidence; not a WAN measurement,decisive,100,per_stripe_fec,96,2,true,1,255,73946805,3165600,5000,0,10000,77127405
1,0.1.0,model-level causal evidence; not a WAN measurement,decisive,100,per_stripe_fec,97,0,false,1,255,73350808,2138000,5000,0,10000,75503808
1,0.1.0,model-level causal evidence; not a WAN measurement,decisive,100,per_stripe_fec,97,1,false,1,255,73350808,3165600,5000,0,10000,76531408
1,0.1.0,model-level causal evidence; not a WAN measurement,decisive,100,per_stripe_fec,97,2,true,1,255,73350808,3165600,5000,0,10000,76531408
1,0.1.0,model-level causal evidence; not a WAN measurement,decisive,100,per_stripe_fec,98,0,false,1,255,72088402,2138000,5000,0,10000,74241402
1,0.1.0,model-level causal evidence; not a WAN measurement,decisive,100,per_stripe_fec,98,1,false,1,255,72088402,3165600,5000,0,10000,75269002
1,0.1.0,model-level causal evidence; not a WAN measurement,decisive,100,per_stripe_fec,98,2,true,1,255,72088402,3165600,5000,0,10000,75269002
1,0.1.0,model-level causal evidence; not a WAN measurement,decisive,100,per_stripe_fec,99,0,false,1,255,71784802,2138000,5000,0,10000,73937802
1,0.1.0,model-level causal evidence; not a WAN measurement,decisive,100,per_stripe_fec,99,1,false,1,255,71784802,3165600,5000,0,10000,74965402
1,0.1.0,model-level causal evidence; not a WAN measurement,decisive,100,per_stripe_fec,99,2,true,1,255,71784802,3165600,5000,0,10000,74965402
1,0.1.0,model-level causal evidence; not a WAN measurement,decisive,100,per_stripe_fec,100,0,false,1,255,72828404,2138000,5000,0,10000,74981404
1,0.1.0,model-level causal evidence; not a WAN measurement,decisive,100,per_stripe_fec,100,1,false,1,255,72828404,3165600,5000,0,10000,76009004
1,0.1.0,model-level causal evidence; not a WAN measurement,decisive,100,per_stripe_fec,100,2,true,1,255,72828404,3165600,5000,0,10000,76009004
1,0.1.0,model-level causal evidence; not a WAN measurement,decisive,100,per_stripe_fec,101,0,false,1,255,72757202,2138000,5000,0,10000,74910202
1,0.1.0,model-level causal evidence; not a WAN measurement,decisive,100,per_stripe_fec,101,1,false,1,255,72757202,3165600,5000,0,10000,75937802
1,0.1.0,model-level causal evidence; not a WAN measurement,decisive,100,per_stripe_fec,101,2,true,1,255,72757202,3165600,5000,0,10000,75937802
1,0.1.0,model-level causal evidence; not a WAN measurement,decisive,100,per_stripe_fec,102,0,false,1,255,71688003,2138000,5000,0,10000,73841003
1,0.1.0,model-level causal evidence; not a WAN measurement,decisive,100,per_stripe_fec,102,1,false,1,255,71688003,3165600,5000,0,10000,74868603
1,0.1.0,model-level causal evidence; not a WAN measurement,decisive,100,per_stripe_fec,102,2,true,1,255,71688003,3165600,5000,0,10000,74868603
1,0.1.0,model-level causal evidence; not a WAN measurement,decisive,100,per_stripe_fec,103,0,false,1,255,72013603,2138000,5000,0,10000,74166603
1,0.1.0,model-level causal evidence; not a WAN measurement,decisive,100,per_stripe_fec,103,1,false,1,255,72013603,3165600,5000,0,10000,75194203
1,0.1.0,model-level causal evidence; not a WAN measurement,decisive,100,per_stripe_fec,103,2,true,1,255,72013603,3165600,5000,0,10000,75194203
1,0.1.0,model-level causal evidence; not a WAN measurement,decisive,100,per_stripe_fec,104,0,false,1,255,72425217,2138000,5000,0,10000,74578217
1,0.1.0,model-level causal evidence; not a WAN measurement,decisive,100,per_stripe_fec,104,1,false,1,255,72425217,3165600,5000,0,10000,75605817
1,0.1.0,model-level causal evidence; not a WAN measurement,decisive,100,per_stripe_fec,104,2,true,1,255,72425217,3165600,5000,0,10000,75605817
1,0.1.0,model-level causal evidence; not a WAN measurement,decisive,100,per_stripe_fec,105,0,false,1,255,72950005,2209596,5000,0,10000,75174601
1,0.1.0,model-level causal evidence; not a WAN measurement,decisive,100,per_stripe_fec,105,1,false,1,255,72950005,3237196,5000,0,10000,76202201
1,0.1.0,model-level causal evidence; not a WAN measurement,decisive,100,per_stripe_fec,105,2,true,1,255,72950005,3237196,5000,0,10000,76202201
1,0.1.0,model-level causal evidence; not a WAN measurement,decisive,100,per_stripe_fec,106,0,false,1,255,72536402,2138000,5000,0,10000,74689402
1,0.1.0,model-level causal evidence; not a WAN measurement,decisive,100,per_stripe_fec,106,1,false,1,255,72536402,3165600,5000,0,10000,75717002
1,0.1.0,model-level causal evidence; not a WAN measurement,decisive,100,per_stripe_fec,106,2,true,1,255,72536402,3165600,5000,0,10000,75717002
1,0.1.0,model-level causal evidence; not a WAN measurement,decisive,100,per_stripe_fec,107,0,false,1,255,72378003,2138000,5000,0,10000,74531003
1,0.1.0,model-level causal evidence; not a WAN measurement,decisive,100,per_stripe_fec,107,1,false,1,255,72378003,3165600,5000,0,10000,75558603
1,0.1.0,model-level causal evidence; not a WAN measurement,decisive,100,per_stripe_fec,107,2,true,1,255,72378003,3165600,5000,0,10000,75558603
1,0.1.0,model-level causal evidence; not a WAN measurement,decisive,100,per_stripe_fec,108,0,false,1,255,72919205,2138000,5000,0,10000,75072205
1,0.1.0,model-level causal evidence; not a WAN measurement,decisive,100,per_stripe_fec,108,1,false,1,255,72919205,3165600,5000,0,10000,76099805
1,0.1.0,model-level causal evidence; not a WAN measurement,decisive,100,per_stripe_fec,108,2,true,1,255,72919205,3165600,5000,0,10000,76099805
1,0.1.0,model-level causal evidence; not a WAN measurement,decisive,100,per_stripe_fec,109,0,false,1,255,72735607,2138000,5000,0,10000,74888607
1,0.1.0,model-level causal evidence; not a WAN measurement,decisive,100,per_stripe_fec,109,1,false,1,255,72735607,3165600,5000,0,10000,75916207
1,0.1.0,model-level causal evidence; not a WAN measurement,decisive,100,per_stripe_fec,109,2,true,1,255,72735607,3165600,5000,0,10000,75916207
1,0.1.0,model-level causal evidence; not a WAN measurement,decisive,100,per_stripe_fec,110,0,false,1,255,72680407,2427594,5000,0,10000,75123001
1,0.1.0,model-level causal evidence; not a WAN measurement,decisive,100,per_stripe_fec,110,1,false,1,255,72680407,3455194,5000,0,10000,76150601
1,0.1.0,model-level causal evidence; not a WAN measurement,decisive,100,per_stripe_fec,110,2,true,1,255,72680407,3455194,5000,0,10000,76150601
1,0.1.0,model-level causal evidence; not a WAN measurement,decisive,100,per_stripe_fec,111,0,false,1,255,73305602,2139999,5000,0,10000,75460601
1,0.1.0,model-level causal evidence; not a WAN measurement,decisive,100,per_stripe_fec,111,1,false,1,255,73305602,3167599,5000,0,10000,76488201
1,0.1.0,model-level causal evidence; not a WAN measurement,decisive,100,per_stripe_fec,111,2,true,1,255,73305602,3167599,5000,0,10000,76488201
1,0.1.0,model-level causal evidence; not a WAN measurement,decisive,100,per_stripe_fec,112,0,false,1,255,72832008,2138000,5000,0,10000,74985008
1,0.1.0,model-level causal evidence; not a WAN measurement,decisive,100,per_stripe_fec,112,1,false,1,255,72832008,3165600,5000,0,10000,76012608
1,0.1.0,model-level causal evidence; not a WAN measurement,decisive,100,per_stripe_fec,112,2,true,1,255,72832008,3165600,5000,0,10000,76012608
1,0.1.0,model-level causal evidence; not a WAN measurement,decisive,100,per_stripe_fec,113,0,false,1,255,73100805,2138000,5000,0,10000,75253805
1,0.1.0,model-level causal evidence; not a WAN measurement,decisive,100,per_stripe_fec,113,1,false,1,255,73100805,3165600,5000,0,10000,76281405
1,0.1.0,model-level causal evidence; not a WAN measurement,decisive,100,per_stripe_fec,113,2,true,1,255,73100805,3165600,5000,0,10000,76281405
1,0.1.0,model-level causal evidence; not a WAN measurement,decisive,100,per_stripe_fec,114,0,false,1,255,73453602,2138000,5000,0,10000,75606602
1,0.1.0,model-level causal evidence; not a WAN measurement,decisive,100,per_stripe_fec,114,1,false,1,255,73453602,3165600,5000,0,10000,76634202
1,0.1.0,model-level causal evidence; not a WAN measurement,decisive,100,per_stripe_fec,114,2,true,1,255,73453602,3165600,5000,0,10000,76634202
1,0.1.0,model-level causal evidence; not a WAN measurement,decisive,100,per_stripe_fec,115,0,false,1,255,72374405,2138000,5000,0,10000,74527405
1,0.1.0,model-level causal evidence; not a WAN measurement,decisive,100,per_stripe_fec,115,1,false,1,255,72374405,3165600,5000,0,10000,75555005
1,0.1.0,model-level causal evidence; not a WAN measurement,decisive,100,per_stripe_fec,115,2,true,1,255,72374405,3165600,5000,0,10000,75555005
1,0.1.0,model-level causal evidence; not a WAN measurement,decisive,100,per_stripe_fec,116,0,false,1,255,72572003,2138000,5000,0,10000,74725003
1,0.1.0,model-level causal evidence; not a WAN measurement,decisive,100,per_stripe_fec,116,1,false,1,255,72572003,3165600,5000,0,10000,75752603
1,0.1.0,model-level causal evidence; not a WAN measurement,decisive,100,per_stripe_fec,116,2,true,1,255,72572003,3165600,5000,0,10000,75752603
1,0.1.0,model-level causal evidence; not a WAN measurement,decisive,100,per_stripe_fec,117,0,false,1,255,72764807,2205194,5000,0,10000,74985001
1,0.1.0,model-level causal evidence; not a WAN measurement,decisive,100,per_stripe_fec,117,1,false,1,255,72764807,3232794,5000,0,10000,76012601
1,0.1.0,model-level causal evidence; not a WAN measurement,decisive,100,per_stripe_fec,117,2,true,1,255,72764807,3232794,5000,0,10000,76012601
1,0.1.0,model-level causal evidence; not a WAN measurement,decisive,100,per_stripe_fec,118,0,false,1,255,73204402,2138000,5000,0,10000,75357402
1,0.1.0,model-level causal evidence; not a WAN measurement,decisive,100,per_stripe_fec,118,1,false,1,255,73204402,3165600,5000,0,10000,76385002
1,0.1.0,model-level causal evidence; not a WAN measurement,decisive,100,per_stripe_fec,118,2,true,1,255,73204402,3165600,5000,0,10000,76385002
1,0.1.0,model-level causal evidence; not a WAN measurement,decisive,100,per_stripe_fec,119,0,false,1,255,72476802,2138000,5000,0,10000,74629802
1,0.1.0,model-level causal evidence; not a WAN measurement,decisive,100,per_stripe_fec,119,1,false,1,255,72476802,3165600,5000,0,10000,75657402
1,0.1.0,model-level causal evidence; not a WAN measurement,decisive,100,per_stripe_fec,119,2,true,1,255,72476802,3165600,5000,0,10000,75657402
1,0.1.0,model-level causal evidence; not a WAN measurement,decisive,100,per_stripe_fec,120,0,false,1,255,72550812,2138000,5000,0,10000,74703812
1,0.1.0,model-level causal evidence; not a WAN measurement,decisive,100,per_stripe_fec,120,1,false,1,255,72550812,3165600,5000,0,10000,75731412
1,0.1.0,model-level causal evidence; not a WAN measurement,decisive,100,per_stripe_fec,120,2,true,1,255,72550812,3165600,5000,0,10000,75731412
1,0.1.0,model-level causal evidence; not a WAN measurement,decisive,100,per_stripe_fec,121,0,false,1,255,72770804,2289997,5000,0,10000,75075801
1,0.1.0,model-level causal evidence; not a WAN measurement,decisive,100,per_stripe_fec,121,1,false,1,255,72770804,3317597,5000,0,10000,76103401
1,0.1.0,model-level causal evidence; not a WAN measurement,decisive,100,per_stripe_fec,121,2,true,1,255,72770804,3317597,5000,0,10000,76103401
1,0.1.0,model-level causal evidence; not a WAN measurement,decisive,100,per_stripe_fec,122,0,false,1,255,72080803,2138000,5000,0,10000,74233803
1,0.1.0,model-level causal evidence; not a WAN measurement,decisive,100,per_stripe_fec,122,1,false,1,255,72080803,3165600,5000,0,10000,75261403
1,0.1.0,model-level causal evidence; not a WAN measurement,decisive,100,per_stripe_fec,122,2,true,1,255,72080803,3165600,5000,0,10000,75261403
1,0.1.0,model-level causal evidence; not a WAN measurement,decisive,100,per_stripe_fec,123,0,false,1,255,73380008,2138000,5000,0,10000,75533008
1,0.1.0,model-level causal evidence; not a WAN measurement,decisive,100,per_stripe_fec,123,1,false,1,255,73380008,3165600,5000,0,10000,76560608
1,0.1.0,model-level causal evidence; not a WAN measurement,decisive,100,per_stripe_fec,123,2,true,1,255,73380008,3165600,5000,0,10000,76560608
1,0.1.0,model-level causal evidence; not a WAN measurement,decisive,100,per_stripe_fec,124,0,false,1,255,72453602,2138000,5000,0,10000,74606602
1,0.1.0,model-level causal evidence; not a WAN measurement,decisive,100,per_stripe_fec,124,1,false,1,255,72453602,3165600,5000,0,10000,75634202
1,0.1.0,model-level causal evidence; not a WAN measurement,decisive,100,per_stripe_fec,124,2,true,1,255,72453602,3165600,5000,0,10000,75634202
1,0.1.0,model-level causal evidence; not a WAN measurement,decisive,100,per_stripe_fec,125,0,false,1,255,72932806,2138000,5000,0,10000,75085806
1,0.1.0,model-level causal evidence; not a WAN measurement,decisive,100,per_stripe_fec,125,1,false,1,255,72932806,3165600,5000,0,10000,76113406
1,0.1.0,model-level causal evidence; not a WAN measurement,decisive,100,per_stripe_fec,125,2,true,1,255,72932806,3165600,5000,0,10000,76113406
1,0.1.0,model-level causal evidence; not a WAN measurement,decisive,100,per_stripe_fec,126,0,false,1,255,73305602,2139999,5000,0,10000,75460601
1,0.1.0,model-level causal evidence; not a WAN measurement,decisive,100,per_stripe_fec,126,1,false,1,255,73305602,3167599,5000,0,10000,76488201
1,0.1.0,model-level causal evidence; not a WAN measurement,decisive,100,per_stripe_fec,126,2,true,1,255,73305602,3167599,5000,0,10000,76488201
1,0.1.0,model-level causal evidence; not a WAN measurement,decisive,100,per_stripe_fec,127,0,false,1,255,73240003,2138000,5000,0,10000,75393003
1,0.1.0,model-level causal evidence; not a WAN measurement,decisive,100,per_stripe_fec,127,1,false,1,255,73240003,3165600,5000,0,10000,76420603
1,0.1.0,model-level causal evidence; not a WAN measurement,decisive,100,per_stripe_fec,127,2,true,1,255,73240003,3165600,5000,0,10000,76420603
1,0.1.0,model-level causal evidence; not a WAN measurement,decisive,100,best_tree0_candidate,0,0,false,0,511,142445205,2138000,5000,0,10000,144598205
1,0.1.0,model-level causal evidence; not a WAN measurement,decisive,100,best_tree0_candidate,0,1,false,0,511,142445205,3165600,5000,0,10000,145625805
1,0.1.0,model-level causal evidence; not a WAN measurement,decisive,100,best_tree0_candidate,0,2,true,0,511,142445205,3165600,5000,0,10000,145625805
1,0.1.0,model-level causal evidence; not a WAN measurement,decisive,100,best_tree0_candidate,1,0,false,0,511,142086403,2358798,5000,0,10000,144460201
1,0.1.0,model-level causal evidence; not a WAN measurement,decisive,100,best_tree0_candidate,1,1,false,0,511,142086403,3386398,5000,0,10000,145487801
1,0.1.0,model-level causal evidence; not a WAN measurement,decisive,100,best_tree0_candidate,1,2,true,0,511,142086403,3386398,5000,0,10000,145487801
1,0.1.0,model-level causal evidence; not a WAN measurement,decisive,100,best_tree0_candidate,2,0,false,0,511,143325602,2257999,5000,0,10000,145598601
1,0.1.0,model-level causal evidence; not a WAN measurement,decisive,100,best_tree0_candidate,2,1,false,0,511,143325602,3285599,5000,0,10000,146626201
1,0.1.0,model-level causal evidence; not a WAN measurement,decisive,100,best_tree0_candidate,2,2,true,0,511,143325602,3285599,5000,0,10000,146626201
1,0.1.0,model-level causal evidence; not a WAN measurement,decisive,100,best_tree0_candidate,3,0,false,0,511,142317602,2210799,5000,0,10000,144543401
1,0.1.0,model-level causal evidence; not a WAN measurement,decisive,100,best_tree0_candidate,3,1,false,0,511,142317602,3238399,5000,0,10000,145571001
1,0.1.0,model-level causal evidence; not a WAN measurement,decisive,100,best_tree0_candidate,3,2,true,0,511,142317602,3238399,5000,0,10000,145571001
1,0.1.0,model-level causal evidence; not a WAN measurement,decisive,100,best_tree0_candidate,4,0,false,0,511,142536002,2213199,5000,0,10000,144764201
1,0.1.0,model-level causal evidence; not a WAN measurement,decisive,100,best_tree0_candidate,4,1,false,0,511,142536002,3240799,5000,0,10000,145791801
1,0.1.0,model-level causal evidence; not a WAN measurement,decisive,100,best_tree0_candidate,4,2,true,0,511,142536002,3240799,5000,0,10000,145791801
1,0.1.0,model-level causal evidence; not a WAN measurement,decisive,100,best_tree0_candidate,5,0,false,0,511,142315204,2193197,5000,0,10000,144523401
1,0.1.0,model-level causal evidence; not a WAN measurement,decisive,100,best_tree0_candidate,5,1,false,0,511,142315204,3220797,5000,0,10000,145551001
1,0.1.0,model-level causal evidence; not a WAN measurement,decisive,100,best_tree0_candidate,5,2,true,0,511,142315204,3220797,5000,0,10000,145551001
1,0.1.0,model-level causal evidence; not a WAN measurement,decisive,100,best_tree0_candidate,6,0,false,0,511,143376802,2138000,5000,0,10000,145529802
1,0.1.0,model-level causal evidence; not a WAN measurement,decisive,100,best_tree0_candidate,6,1,false,0,511,143376802,3165600,5000,0,10000,146557402
1,0.1.0,model-level causal evidence; not a WAN measurement,decisive,100,best_tree0_candidate,6,2,true,0,511,143376802,3165600,5000,0,10000,146557402
1,0.1.0,model-level causal evidence; not a WAN measurement,decisive,100,best_tree0_candidate,7,0,false,0,511,142798403,2138000,5000,0,10000,144951403
1,0.1.0,model-level causal evidence; not a WAN measurement,decisive,100,best_tree0_candidate,7,1,false,0,511,142798403,3165600,5000,0,10000,145979003
1,0.1.0,model-level causal evidence; not a WAN measurement,decisive,100,best_tree0_candidate,7,2,true,0,511,142798403,3165600,5000,0,10000,145979003
1,0.1.0,model-level causal evidence; not a WAN measurement,decisive,100,best_tree0_candidate,8,0,false,0,511,143696004,2163597,5000,0,10000,145874601
1,0.1.0,model-level causal evidence; not a WAN measurement,decisive,100,best_tree0_candidate,8,1,false,0,511,143696004,3191197,5000,0,10000,146902201
1,0.1.0,model-level causal evidence; not a WAN measurement,decisive,100,best_tree0_candidate,8,2,true,0,511,143696004,3191197,5000,0,10000,146902201
1,0.1.0,model-level causal evidence; not a WAN measurement,decisive,100,best_tree0_candidate,9,0,false,0,511,142966002,2163599,5000,0,10000,145144601
1,0.1.0,model-level causal evidence; not a WAN measurement,decisive,100,best_tree0_candidate,9,1,false,0,511,142966002,3191199,5000,0,10000,146172201
1,0.1.0,model-level causal evidence; not a WAN measurement,decisive,100,best_tree0_candidate,9,2,true,0,511,142966002,3191199,5000,0,10000,146172201
1,0.1.0,model-level causal evidence; not a WAN measurement,decisive,100,best_tree0_candidate,10,0,false,0,511,143009602,2138000,5000,0,10000,145162602
1,0.1.0,model-level causal evidence; not a WAN measurement,decisive,100,best_tree0_candidate,10,1,false,0,511,143009602,3165600,5000,0,10000,146190202
1,0.1.0,model-level causal evidence; not a WAN measurement,decisive,100,best_tree0_candidate,10,2,true,0,511,143009602,3165600,5000,0,10000,146190202
1,0.1.0,model-level causal evidence; not a WAN measurement,decisive,100,best_tree0_candidate,11,0,false,0,511,140958403,2138000,5000,0,10000,143111403
1,0.1.0,model-level causal evidence; not a WAN measurement,decisive,100,best_tree0_candidate,11,1,false,0,511,140958403,3165600,5000,0,10000,144139003
1,0.1.0,model-level causal evidence; not a WAN measurement,decisive,100,best_tree0_candidate,11,2,true,0,511,140958403,3165600,5000,0,10000,144139003
1,0.1.0,model-level causal evidence; not a WAN measurement,decisive,100,best_tree0_candidate,12,0,false,0,511,141134412,2138000,5000,0,10000,143287412
1,0.1.0,model-level causal evidence; not a WAN measurement,decisive,100,best_tree0_candidate,12,1,false,0,511,141134412,3165600,5000,0,10000,144315012
1,0.1.0,model-level causal evidence; not a WAN measurement,decisive,100,best_tree0_candidate,12,2,true,0,511,141134412,3165600,5000,0,10000,144315012
1,0.1.0,model-level causal evidence; not a WAN measurement,decisive,100,best_tree0_candidate,13,0,false,0,511,142940402,2138000,5000,0,10000,145093402
1,0.1.0,model-level causal evidence; not a WAN measurement,decisive,100,best_tree0_candidate,13,1,false,0,511,142940402,3165600,5000,0,10000,146121002
1,0.1.0,model-level causal evidence; not a WAN measurement,decisive,100,best_tree0_candidate,13,2,true,0,511,142940402,3165600,5000,0,10000,146121002
1,0.1.0,model-level causal evidence; not a WAN measurement,decisive,100,best_tree0_candidate,14,0,false,0,511,142064002,2138000,5000,0,10000,144217002
1,0.1.0,model-level causal evidence; not a WAN measurement,decisive,100,best_tree0_candidate,14,1,false,0,511,142064002,3165600,5000,0,10000,145244602
1,0.1.0,model-level causal evidence; not a WAN measurement,decisive,100,best_tree0_candidate,14,2,true,0,511,142064002,3165600,5000,0,10000,145244602
1,0.1.0,model-level causal evidence; not a WAN measurement,decisive,100,best_tree0_candidate,15,0,false,0,511,143869206,2256395,5000,0,10000,146140601
1,0.1.0,model-level causal evidence; not a WAN measurement,decisive,100,best_tree0_candidate,15,1,false,0,511,143869206,3283995,5000,0,10000,147168201
1,0.1.0,model-level causal evidence; not a WAN measurement,decisive,100,best_tree0_candidate,15,2,true,0,511,143869206,3283995,5000,0,10000,147168201
1,0.1.0,model-level causal evidence; not a WAN measurement,decisive,100,best_tree0_candidate,16,0,false,0,511,143890804,2138000,5000,0,10000,146043804
1,0.1.0,model-level causal evidence; not a WAN measurement,decisive,100,best_tree0_candidate,16,1,false,0,511,143890804,3165600,5000,0,10000,147071404
1,0.1.0,model-level causal evidence; not a WAN measurement,decisive,100,best_tree0_candidate,16,2,true,0,511,143890804,3165600,5000,0,10000,147071404
1,0.1.0,model-level causal evidence; not a WAN measurement,decisive,100,best_tree0_candidate,17,0,false,0,511,142790402,2138000,5000,0,10000,144943402
1,0.1.0,model-level causal evidence; not a WAN measurement,decisive,100,best_tree0_candidate,17,1,false,0,511,142790402,3165600,5000,0,10000,145971002
1,0.1.0,model-level causal evidence; not a WAN measurement,decisive,100,best_tree0_candidate,17,2,true,0,511,142790402,3165600,5000,0,10000,145971002
1,0.1.0,model-level causal evidence; not a WAN measurement,decisive,100,best_tree0_candidate,18,0,false,0,511,143512402,2138000,5000,0,10000,145665402
1,0.1.0,model-level causal evidence; not a WAN measurement,decisive,100,best_tree0_candidate,18,1,false,0,511,143512402,3165600,5000,0,10000,146693002
1,0.1.0,model-level causal evidence; not a WAN measurement,decisive,100,best_tree0_candidate,18,2,true,0,511,143512402,3165600,5000,0,10000,146693002
1,0.1.0,model-level causal evidence; not a WAN measurement,decisive,100,best_tree0_candidate,19,0,false,0,511,143011202,2435999,5000,0,10000,145462201
1,0.1.0,model-level causal evidence; not a WAN measurement,decisive,100,best_tree0_candidate,19,1,false,0,511,143011202,3463599,5000,0,10000,146489801
1,0.1.0,model-level causal evidence; not a WAN measurement,decisive,100,best_tree0_candidate,19,2,true,0,511,143011202,3463599,5000,0,10000,146489801
1,0.1.0,model-level causal evidence; not a WAN measurement,decisive,100,best_tree0_candidate,20,0,false,0,511,142148006,2138000,5000,0,10000,144301006
1,0.1.0,model-level causal evidence; not a WAN measurement,decisive,100,best_tree0_candidate,20,1,false,0,511,142148006,3165600,5000,0,10000,145328606
1,0.1.0,model-level causal evidence; not a WAN measurement,decisive,100,best_tree0_candidate,20,2,true,0,511,142148006,3165600,5000,0,10000,145328606
1,0.1.0,model-level causal evidence; not a WAN measurement,decisive,100,best_tree0_candidate,21,0,false,0,511,142982802,2138000,5000,0,10000,145135802
1,0.1.0,model-level causal evidence; not a WAN measurement,decisive,100,best_tree0_candidate,21,1,false,0,511,142982802,3165600,5000,0,10000,146163402
1,0.1.0,model-level causal evidence; not a WAN measurement,decisive,100,best_tree0_candidate,21,2,true,0,511,142982802,3165600,5000,0,10000,146163402
1,0.1.0,model-level causal evidence; not a WAN measurement,decisive,100,best_tree0_candidate,22,0,false,0,511,144116002,2138000,5000,0,10000,146269002
1,0.1.0,model-level causal evidence; not a WAN measurement,decisive,100,best_tree0_candidate,22,1,false,0,511,144116002,3165600,5000,0,10000,147296602
1,0.1.0,model-level causal evidence; not a WAN measurement,decisive,100,best_tree0_candidate,22,2,true,0,511,144116002,3165600,5000,0,10000,147296602
1,0.1.0,model-level causal evidence; not a WAN measurement,decisive,100,best_tree0_candidate,23,0,false,0,511,142930804,2138000,5000,0,10000,145083804
1,0.1.0,model-level causal evidence; not a WAN measurement,decisive,100,best_tree0_candidate,23,1,false,0,511,142930804,3165600,5000,0,10000,146111404
1,0.1.0,model-level causal evidence; not a WAN measurement,decisive,100,best_tree0_candidate,23,2,true,0,511,142930804,3165600,5000,0,10000,146111404
1,0.1.0,model-level causal evidence; not a WAN measurement,decisive,100,best_tree0_candidate,24,0,false,0,511,141836402,2358399,5000,0,10000,144209801
1,0.1.0,model-level causal evidence; not a WAN measurement,decisive,100,best_tree0_candidate,24,1,false,0,511,141836402,3385999,5000,0,10000,145237401
1,0.1.0,model-level causal evidence; not a WAN measurement,decisive,100,best_tree0_candidate,24,2,true,0,511,141836402,3385999,5000,0,10000,145237401
1,0.1.0,model-level causal evidence; not a WAN measurement,decisive,100,best_tree0_candidate,25,0,false,0,511,142151603,2138000,5000,0,10000,144304603
1,0.1.0,model-level causal evidence; not a WAN measurement,decisive,100,best_tree0_candidate,25,1,false,0,511,142151603,3165600,5000,0,10000,145332203
1,0.1.0,model-level causal evidence; not a WAN measurement,decisive,100,best_tree0_candidate,25,2,true,0,511,142151603,3165600,5000,0,10000,145332203
1,0.1.0,model-level causal evidence; not a WAN measurement,decisive,100,best_tree0_candidate,26,0,false,0,511,143356804,2138000,5000,0,10000,145509804
1,0.1.0,model-level causal evidence; not a WAN measurement,decisive,100,best_tree0_candidate,26,1,false,0,511,143356804,3165600,5000,0,10000,146537404
1,0.1.0,model-level causal evidence; not a WAN measurement,decisive,100,best_tree0_candidate,26,2,true,0,511,143356804,3165600,5000,0,10000,146537404
1,0.1.0,model-level causal evidence; not a WAN measurement,decisive,100,best_tree0_candidate,27,0,false,0,511,142353602,2423199,5000,0,10000,144791801
1,0.1.0,model-level causal evidence; not a WAN measurement,decisive,100,best_tree0_candidate,27,1,false,0,511,142353602,3450799,5000,0,10000,145819401
1,0.1.0,model-level causal evidence; not a WAN measurement,decisive,100,best_tree0_candidate,27,2,true,0,511,142353602,3450799,5000,0,10000,145819401
1,0.1.0,model-level causal evidence; not a WAN measurement,decisive,100,best_tree0_candidate,28,0,false,0,511,143384402,2199199,5000,0,10000,145598601
1,0.1.0,model-level causal evidence; not a WAN measurement,decisive,100,best_tree0_candidate,28,1,false,0,511,143384402,3226799,5000,0,10000,146626201
1,0.1.0,model-level causal evidence; not a WAN measurement,decisive,100,best_tree0_candidate,28,2,true,0,511,143384402,3226799,5000,0,10000,146626201
1,0.1.0,model-level causal evidence; not a WAN measurement,decisive,100,best_tree0_candidate,29,0,false,0,511,142721604,2138000,5000,0,10000,144874604
1,0.1.0,model-level causal evidence; not a WAN measurement,decisive,100,best_tree0_candidate,29,1,false,0,511,142721604,3165600,5000,0,10000,145902204
1,0.1.0,model-level causal evidence; not a WAN measurement,decisive,100,best_tree0_candidate,29,2,true,0,511,142721604,3165600,5000,0,10000,145902204
1,0.1.0,model-level causal evidence; not a WAN measurement,decisive,100,best_tree0_candidate,30,0,false,0,511,142979205,2138000,5000,0,10000,145132205
1,0.1.0,model-level causal evidence; not a WAN measurement,decisive,100,best_tree0_candidate,30,1,false,0,511,142979205,3165600,5000,0,10000,146159805
1,0.1.0,model-level causal evidence; not a WAN measurement,decisive,100,best_tree0_candidate,30,2,true,0,511,142979205,3165600,5000,0,10000,146159805
1,0.1.0,model-level causal evidence; not a WAN measurement,decisive,100,best_tree0_candidate,31,0,false,0,511,143704409,2348392,5000,0,10000,146067801
1,0.1.0,model-level causal evidence; not a WAN measurement,decisive,100,best_tree0_candidate,31,1,false,0,511,143704409,3375992,5000,0,10000,147095401
1,0.1.0,model-level causal evidence; not a WAN measurement,decisive,100,best_tree0_candidate,31,2,true,0,511,143704409,3375992,5000,0,10000,147095401
1,0.1.0,model-level causal evidence; not a WAN measurement,decisive,100,best_tree0_candidate,32,0,false,0,511,142770803,2138000,5000,0,10000,144923803
1,0.1.0,model-level causal evidence; not a WAN measurement,decisive,100,best_tree0_candidate,32,1,false,0,511,142770803,3165600,5000,0,10000,145951403
1,0.1.0,model-level causal evidence; not a WAN measurement,decisive,100,best_tree0_candidate,32,2,true,0,511,142770803,3165600,5000,0,10000,145951403
1,0.1.0,model-level causal evidence; not a WAN measurement,decisive,100,best_tree0_candidate,33,0,false,0,511,142037606,2358795,5000,0,10000,144411401
1,0.1.0,model-level causal evidence; not a WAN measurement,decisive,100,best_tree0_candidate,33,1,false,0,511,142037606,3386395,5000,0,10000,145439001
1,0.1.0,model-level causal evidence; not a WAN measurement,decisive,100,best_tree0_candidate,33,2,true,0,511,142037606,3386395,5000,0,10000,145439001
1,0.1.0,model-level causal evidence; not a WAN measurement,decisive,100,best_tree0_candidate,34,0,false,0,511,141974405,2138000,5000,0,10000,144127405
1,0.1.0,model-level causal evidence; not a WAN measurement,decisive,100,best_tree0_candidate,34,1,false,0,511,141974405,3165600,5000,0,10000,145155005
1,0.1.0,model-level causal evidence; not a WAN measurement,decisive,100,best_tree0_candidate,34,2,true,0,511,141974405,3165600,5000,0,10000,145155005
1,0.1.0,model-level causal evidence; not a WAN measurement,decisive,100,best_tree0_candidate,35,0,false,0,511,142313202,2138000,5000,0,10000,144466202
1,0.1.0,model-level causal evidence; not a WAN measurement,decisive,100,best_tree0_candidate,35,1,false,0,511,142313202,3165600,5000,0,10000,145493802
1,0.1.0,model-level causal evidence; not a WAN measurement,decisive,100,best_tree0_candidate,35,2,true,0,511,142313202,3165600,5000,0,10000,145493802
1,0.1.0,model-level causal evidence; not a WAN measurement,decisive,100,best_tree0_candidate,36,0,false,0,511,142009602,2138000,5000,0,10000,144162602
1,0.1.0,model-level causal evidence; not a WAN measurement,decisive,100,best_tree0_candidate,36,1,false,0,511,142009602,3165600,5000,0,10000,145190202
1,0.1.0,model-level causal evidence; not a WAN measurement,decisive,100,best_tree0_candidate,36,2,true,0,511,142009602,3165600,5000,0,10000,145190202
1,0.1.0,model-level causal evidence; not a WAN measurement,decisive,100,best_tree0_candidate,37,0,false,0,511,143905205,2138000,5000,0,10000,146058205
1,0.1.0,model-level causal evidence; not a WAN measurement,decisive,100,best_tree0_candidate,37,1,false,0,511,143905205,3165600,5000,0,10000,147085805
1,0.1.0,model-level causal evidence; not a WAN measurement,decisive,100,best_tree0_candidate,37,2,true,0,511,143905205,3165600,5000,0,10000,147085805
1,0.1.0,model-level causal evidence; not a WAN measurement,decisive,100,best_tree0_candidate,38,0,false,0,511,140887602,2348799,5000,0,10000,143251401
1,0.1.0,model-level causal evidence; not a WAN measurement,decisive,100,best_tree0_candidate,38,1,false,0,511,140887602,3376399,5000,0,10000,144279001
1,0.1.0,model-level causal evidence; not a WAN measurement,decisive,100,best_tree0_candidate,38,2,true,0,511,140887602,3376399,5000,0,10000,144279001
1,0.1.0,model-level causal evidence; not a WAN measurement,decisive,100,best_tree0_candidate,39,0,false,0,511,140902806,2429995,5000,0,10000,143347801
1,0.1.0,model-level causal evidence; not a WAN measurement,decisive,100,best_tree0_candidate,39,1,false,0,511,140902806,3457595,5000,0,10000,144375401
1,0.1.0,model-level causal evidence; not a WAN measurement,decisive,100,best_tree0_candidate,39,2,true,0,511,140902806,3457595,5000,0,10000,144375401
1,0.1.0,model-level causal evidence; not a WAN measurement,decisive,100,best_tree0_candidate,40,0,false,0,511,143587204,2138000,5000,0,10000,145740204
1,0.1.0,model-level causal evidence; not a WAN measurement,decisive,100,best_tree0_candidate,40,1,false,0,511,143587204,3165600,5000,0,10000,146767804
1,0.1.0,model-level causal evidence; not a WAN measurement,decisive,100,best_tree0_candidate,40,2,true,0,511,143587204,3165600,5000,0,10000,146767804
1,0.1.0,model-level causal evidence; not a WAN measurement,decisive,100,best_tree0_candidate,41,0,false,0,511,142790403,2579598,5000,0,10000,145385001
1,0.1.0,model-level causal evidence; not a WAN measurement,decisive,100,best_tree0_candidate,41,1,false,0,511,142790403,3607198,5000,0,10000,146412601
1,0.1.0,model-level causal evidence; not a WAN measurement,decisive,100,best_tree0_candidate,41,2,true,0,511,142790403,3607198,5000,0,10000,146412601
1,0.1.0,model-level causal evidence; not a WAN measurement,decisive,100,best_tree0_candidate,42,0,false,0,511,143543603,2211198,5000,0,10000,145769801
1,0.1.0,model-level causal evidence; not a WAN measurement,decisive,100,best_tree0_candidate,42,1,false,0,511,143543603,3238798,5000,0,10000,146797401
1,0.1.0,model-level causal evidence; not a WAN measurement,decisive,100,best_tree0_candidate,42,2,true,0,511,143543603,3238798,5000,0,10000,146797401
1,0.1.0,model-level causal evidence; not a WAN measurement,decisive,100,best_tree0_candidate,43,0,false,0,511,141769204,2138000,5000,0,10000,143922204
1,0.1.0,model-level causal evidence; not a WAN measurement,decisive,100,best_tree0_candidate,43,1,false,0,511,141769204,3165600,5000,0,10000,144949804
1,0.1.0,model-level causal evidence; not a WAN measurement,decisive,100,best_tree0_candidate,43,2,true,0,511,141769204,3165600,5000,0,10000,144949804
1,0.1.0,model-level causal evidence; not a WAN measurement,decisive,100,best_tree0_candidate,44,0,false,0,511,142899606,2139195,5000,0,10000,145053801
1,0.1.0,model-level causal evidence; not a WAN measurement,decisive,100,best_tree0_candidate,44,1,false,0,511,142899606,3166795,5000,0,10000,146081401
1,0.1.0,model-level causal evidence; not a WAN measurement,decisive,100,best_tree0_candidate,44,2,true,0,511,142899606,3166795,5000,0,10000,146081401
1,0.1.0,model-level causal evidence; not a WAN measurement,decisive,100,best_tree0_candidate,45,0,false,0,511,141972407,2138000,5000,0,10000,144125407
1,0.1.0,model-level causal evidence; not a WAN measurement,decisive,100,best_tree0_candidate,45,1,false,0,511,141972407,3165600,5000,0,10000,145153007
1,0.1.0,model-level causal evidence; not a WAN measurement,decisive,100,best_tree0_candidate,45,2,true,0,511,141972407,3165600,5000,0,10000,145153007
1,0.1.0,model-level causal evidence; not a WAN measurement,decisive,100,best_tree0_candidate,46,0,false,0,511,141613202,2138000,5000,0,10000,143766202
1,0.1.0,model-level causal evidence; not a WAN measurement,decisive,100,best_tree0_candidate,46,1,false,0,511,141613202,3165600,5000,0,10000,144793802
1,0.1.0,model-level causal evidence; not a WAN measurement,decisive,100,best_tree0_candidate,46,2,true,0,511,141613202,3165600,5000,0,10000,144793802
1,0.1.0,model-level causal evidence; not a WAN measurement,decisive,100,best_tree0_candidate,47,0,false,0,511,142885204,2358800,5000,0,10000,145259004
1,0.1.0,model-level causal evidence; not a WAN measurement,decisive,100,best_tree0_candidate,47,1,false,0,511,142885204,3386400,5000,0,10000,146286604
1,0.1.0,model-level causal evidence; not a WAN measurement,decisive,100,best_tree0_candidate,47,2,true,0,511,142885204,3386400,5000,0,10000,146286604
1,0.1.0,model-level causal evidence; not a WAN measurement,decisive,100,best_tree0_candidate,48,0,false,0,511,142039206,2138000,5000,0,10000,144192206
1,0.1.0,model-level causal evidence; not a WAN measurement,decisive,100,best_tree0_candidate,48,1,false,0,511,142039206,3165600,5000,0,10000,145219806
1,0.1.0,model-level causal evidence; not a WAN measurement,decisive,100,best_tree0_candidate,48,2,true,0,511,142039206,3165600,5000,0,10000,145219806
1,0.1.0,model-level causal evidence; not a WAN measurement,decisive,100,best_tree0_candidate,49,0,false,0,511,142702002,2328800,5000,0,10000,145045802
1,0.1.0,model-level causal evidence; not a WAN measurement,decisive,100,best_tree0_candidate,49,1,false,0,511,142702002,3356400,5000,0,10000,146073402
1,0.1.0,model-level causal evidence; not a WAN measurement,decisive,100,best_tree0_candidate,49,2,true,0,511,142702002,3356400,5000,0,10000,146073402
1,0.1.0,model-level causal evidence; not a WAN measurement,decisive,100,best_tree0_candidate,50,0,false,0,511,142277608,2138000,5000,0,10000,144430608
1,0.1.0,model-level causal evidence; not a WAN measurement,decisive,100,best_tree0_candidate,50,1,false,0,511,142277608,3165600,5000,0,10000,145458208
1,0.1.0,model-level causal evidence; not a WAN measurement,decisive,100,best_tree0_candidate,50,2,true,0,511,142277608,3165600,5000,0,10000,145458208
1,0.1.0,model-level causal evidence; not a WAN measurement,decisive,100,best_tree0_candidate,51,0,false,0,511,142885202,2138000,5000,0,10000,145038202
1,0.1.0,model-level causal evidence; not a WAN measurement,decisive,100,best_tree0_candidate,51,1,false,0,511,142885202,3165600,5000,0,10000,146065802
1,0.1.0,model-level causal evidence; not a WAN measurement,decisive,100,best_tree0_candidate,51,2,true,0,511,142885202,3165600,5000,0,10000,146065802
1,0.1.0,model-level causal evidence; not a WAN measurement,decisive,100,best_tree0_candidate,52,0,false,0,511,142007202,2138000,5000,0,10000,144160202
1,0.1.0,model-level causal evidence; not a WAN measurement,decisive,100,best_tree0_candidate,52,1,false,0,511,142007202,3165600,5000,0,10000,145187802
1,0.1.0,model-level causal evidence; not a WAN measurement,decisive,100,best_tree0_candidate,52,2,true,0,511,142007202,3165600,5000,0,10000,145187802
1,0.1.0,model-level causal evidence; not a WAN measurement,decisive,100,best_tree0_candidate,53,0,false,0,511,142317602,2210799,5000,0,10000,144543401
1,0.1.0,model-level causal evidence; not a WAN measurement,decisive,100,best_tree0_candidate,53,1,false,0,511,142317602,3238399,5000,0,10000,145571001
1,0.1.0,model-level causal evidence; not a WAN measurement,decisive,100,best_tree0_candidate,53,2,true,0,511,142317602,3238399,5000,0,10000,145571001
1,0.1.0,model-level causal evidence; not a WAN measurement,decisive,100,best_tree0_candidate,54,0,false,0,511,142453602,2138000,5000,0,10000,144606602
1,0.1.0,model-level causal evidence; not a WAN measurement,decisive,100,best_tree0_candidate,54,1,false,0,511,142453602,3165600,5000,0,10000,145634202
1,0.1.0,model-level causal evidence; not a WAN measurement,decisive,100,best_tree0_candidate,54,2,true,0,511,142453602,3165600,5000,0,10000,145634202
1,0.1.0,model-level causal evidence; not a WAN measurement,decisive,100,best_tree0_candidate,55,0,false,0,511,144660808,2138000,5000,0,10000,146813808
1,0.1.0,model-level causal evidence; not a WAN measurement,decisive,100,best_tree0_candidate,55,1,false,0,511,144660808,3165600,5000,0,10000,147841408
1,0.1.0,model-level causal evidence; not a WAN measurement,decisive,100,best_tree0_candidate,55,2,true,0,511,144660808,3165600,5000,0,10000,147841408
1,0.1.0,model-level causal evidence; not a WAN measurement,decisive,100,best_tree0_candidate,56,0,false,0,511,142021604,2138000,5000,0,10000,144174604
1,0.1.0,model-level causal evidence; not a WAN measurement,decisive,100,best_tree0_candidate,56,1,false,0,511,142021604,3165600,5000,0,10000,145202204
1,0.1.0,model-level causal evidence; not a WAN measurement,decisive,100,best_tree0_candidate,56,2,true,0,511,142021604,3165600,5000,0,10000,145202204
1,0.1.0,model-level causal evidence; not a WAN measurement,decisive,100,best_tree0_candidate,57,0,false,0,511,142372002,2138000,5000,0,10000,144525002
1,0.1.0,model-level causal evidence; not a WAN measurement,decisive,100,best_tree0_candidate,57,1,false,0,511,142372002,3165600,5000,0,10000,145552602
1,0.1.0,model-level causal evidence; not a WAN measurement,decisive,100,best_tree0_candidate,57,2,true,0,511,142372002,3165600,5000,0,10000,145552602
1,0.1.0,model-level causal evidence; not a WAN measurement,decisive,100,best_tree0_candidate,58,0,false,0,511,143064802,2139599,5000,0,10000,145219401
1,0.1.0,model-level causal evidence; not a WAN measurement,decisive,100,best_tree0_candidate,58,1,false,0,511,143064802,3167199,5000,0,10000,146247001
1,0.1.0,model-level causal evidence; not a WAN measurement,decisive,100,best_tree0_candidate,58,2,true,0,511,143064802,3167199,5000,0,10000,146247001
1,0.1.0,model-level causal evidence; not a WAN measurement,decisive,100,best_tree0_candidate,59,0,false,0,511,142378002,2138000,5000,0,10000,144531002
1,0.1.0,model-level causal evidence; not a WAN measurement,decisive,100,best_tree0_candidate,59,1,false,0,511,142378002,3165600,5000,0,10000,145558602
1,0.1.0,model-level causal evidence; not a WAN measurement,decisive,100,best_tree0_candidate,59,2,true,0,511,142378002,3165600,5000,0,10000,145558602
1,0.1.0,model-level causal evidence; not a WAN measurement,decisive,100,best_tree0_candidate,60,0,false,0,511,141646802,2138000,5000,0,10000,143799802
1,0.1.0,model-level causal evidence; not a WAN measurement,decisive,100,best_tree0_candidate,60,1,false,0,511,141646802,3165600,5000,0,10000,144827402
1,0.1.0,model-level causal evidence; not a WAN measurement,decisive,100,best_tree0_candidate,60,2,true,0,511,141646802,3165600,5000,0,10000,144827402
1,0.1.0,model-level causal evidence; not a WAN measurement,decisive,100,best_tree0_candidate,61,0,false,0,511,141321607,2138000,5000,0,10000,143474607
1,0.1.0,model-level causal evidence; not a WAN measurement,decisive,100,best_tree0_candidate,61,1,false,0,511,141321607,3165600,5000,0,10000,144502207
1,0.1.0,model-level causal evidence; not a WAN measurement,decisive,100,best_tree0_candidate,61,2,true,0,511,141321607,3165600,5000,0,10000,144502207
1,0.1.0,model-level causal evidence; not a WAN measurement,decisive,100,best_tree0_candidate,62,0,false,0,511,141966404,2138000,5000,0,10000,144119404
1,0.1.0,model-level causal evidence; not a WAN measurement,decisive,100,best_tree0_candidate,62,1,false,0,511,141966404,3165600,5000,0,10000,145147004
1,0.1.0,model-level causal evidence; not a WAN measurement,decisive,100,best_tree0_candidate,62,2,true,0,511,141966404,3165600,5000,0,10000,145147004
1,0.1.0,model-level causal evidence; not a WAN measurement,decisive,100,best_tree0_candidate,63,0,false,0,511,143093202,2570799,5000,0,10000,145679001
1,0.1.0,model-level causal evidence; not a WAN measurement,decisive,100,best_tree0_candidate,63,1,false,0,511,143093202,3598399,5000,0,10000,146706601
1,0.1.0,model-level causal evidence; not a WAN measurement,decisive,100,best_tree0_candidate,63,2,true,0,511,143093202,3598399,5000,0,10000,146706601
1,0.1.0,model-level causal evidence; not a WAN measurement,decisive,100,best_tree0_candidate,64,0,false,0,511,141867602,2138000,5000,0,10000,144020602
1,0.1.0,model-level causal evidence; not a WAN measurement,decisive,100,best_tree0_candidate,64,1,false,0,511,141867602,3165600,5000,0,10000,145048202
1,0.1.0,model-level causal evidence; not a WAN measurement,decisive,100,best_tree0_candidate,64,2,true,0,511,141867602,3165600,5000,0,10000,145048202
1,0.1.0,model-level causal evidence; not a WAN measurement,decisive,100,best_tree0_candidate,65,0,false,0,511,142216806,2395995,5000,0,10000,144627801
1,0.1.0,model-level causal evidence; not a WAN measurement,decisive,100,best_tree0_candidate,65,1,false,0,511,142216806,3423595,5000,0,10000,145655401
1,0.1.0,model-level causal evidence; not a WAN measurement,decisive,100,best_tree0_candidate,65,2,true,0,511,142216806,3423595,5000,0,10000,145655401
1,0.1.0,model-level causal evidence; not a WAN measurement,decisive,100,best_tree0_candidate,66,0,false,0,511,142757202,2138000,5000,0,10000,144910202
1,0.1.0,model-level causal evidence; not a WAN measurement,decisive,100,best_tree0_candidate,66,1,false,0,511,142757202,3165600,5000,0,10000,145937802
1,0.1.0,model-level causal evidence; not a WAN measurement,decisive,100,best_tree0_candidate,66,2,true,0,511,142757202,3165600,5000,0,10000,145937802
1,0.1.0,model-level causal evidence; not a WAN measurement,decisive,100,best_tree0_candidate,67,0,false,0,511,141796803,2138000,5000,0,10000,143949803
1,0.1.0,model-level causal evidence; not a WAN measurement,decisive,100,best_tree0_candidate,67,1,false,0,511,141796803,3165600,5000,0,10000,144977403
1,0.1.0,model-level causal evidence; not a WAN measurement,decisive,100,best_tree0_candidate,67,2,true,0,511,141796803,3165600,5000,0,10000,144977403
1,0.1.0,model-level causal evidence; not a WAN measurement,decisive,100,best_tree0_candidate,68,0,false,0,511,143947603,2138000,5000,0,10000,146100603
1,0.1.0,model-level causal evidence; not a WAN measurement,decisive,100,best_tree0_candidate,68,1,false,0,511,143947603,3165600,5000,0,10000,147128203
1,0.1.0,model-level causal evidence; not a WAN measurement,decisive,100,best_tree0_candidate,68,2,true,0,511,143947603,3165600,5000,0,10000,147128203
1,0.1.0,model-level causal evidence; not a WAN measurement,decisive,100,best_tree0_candidate,69,0,false,0,511,142027204,2138000,5000,0,10000,144180204
1,0.1.0,model-level causal evidence; not a WAN measurement,decisive,100,best_tree0_candidate,69,1,false,0,511,142027204,3165600,5000,0,10000,145207804
1,0.1.0,model-level causal evidence; not a WAN measurement,decisive,100,best_tree0_candidate,69,2,true,0,511,142027204,3165600,5000,0,10000,145207804
1,0.1.0,model-level causal evidence; not a WAN measurement,decisive,100,best_tree0_candidate,70,0,false,0,511,143613202,2193199,5000,0,10000,145821401
1,0.1.0,model-level causal evidence; not a WAN measurement,decisive,100,best_tree0_candidate,70,1,false,0,511,143613202,3220799,5000,0,10000,146849001
1,0.1.0,model-level causal evidence; not a WAN measurement,decisive,100,best_tree0_candidate,70,2,true,0,511,143613202,3220799,5000,0,10000,146849001
1,0.1.0,model-level causal evidence; not a WAN measurement,decisive,100,best_tree0_candidate,71,0,false,0,511,144453602,2138000,5000,0,10000,146606602
1,0.1.0,model-level causal evidence; not a WAN measurement,decisive,100,best_tree0_candidate,71,1,false,0,511,144453602,3165600,5000,0,10000,147634202
1,0.1.0,model-level causal evidence; not a WAN measurement,decisive,100,best_tree0_candidate,71,2,true,0,511,144453602,3165600,5000,0,10000,147634202
1,0.1.0,model-level causal evidence; not a WAN measurement,decisive,100,best_tree0_candidate,72,0,false,0,511,143570803,2138000,5000,0,10000,145723803
1,0.1.0,model-level causal evidence; not a WAN measurement,decisive,100,best_tree0_candidate,72,1,false,0,511,143570803,3165600,5000,0,10000,146751403
1,0.1.0,model-level causal evidence; not a WAN measurement,decisive,100,best_tree0_candidate,72,2,true,0,511,143570803,3165600,5000,0,10000,146751403
1,0.1.0,model-level causal evidence; not a WAN measurement,decisive,100,best_tree0_candidate,73,0,false,0,511,142725602,2189199,5000,0,10000,144929801
1,0.1.0,model-level causal evidence; not a WAN measurement,decisive,100,best_tree0_candidate,73,1,false,0,511,142725602,3216799,5000,0,10000,145957401
1,0.1.0,model-level causal evidence; not a WAN measurement,decisive,100,best_tree0_candidate,73,2,true,0,511,142725602,3216799,5000,0,10000,145957401
1,0.1.0,model-level causal evidence; not a WAN measurement,decisive,100,best_tree0_candidate,74,0,false,0,511,142917206,2138000,5000,0,10000,145070206
1,0.1.0,model-level causal evidence; not a WAN measurement,decisive,100,best_tree0_candidate,74,1,false,0,511,142917206,3165600,5000,0,10000,146097806
1,0.1.0,model-level causal evidence; not a WAN measurement,decisive,100,best_tree0_candidate,74,2,true,0,511,142917206,3165600,5000,0,10000,146097806
1,0.1.0,model-level causal evidence; not a WAN measurement,decisive,100,best_tree0_candidate,75,0,false,0,511,141711208,2424393,5000,0,10000,144150601
1,0.1.0,model-level causal evidence; not a WAN measurement,decisive,100,best_tree0_candidate,75,1,false,0,511,141711208,3451993,5000,0,10000,145178201
1,0.1.0,model-level causal evidence; not a WAN measurement,decisive,100,best_tree0_candidate,75,2,true,0,511,141711208,3451993,5000,0,10000,145178201
1,0.1.0,model-level causal evidence; not a WAN measurement,decisive,100,best_tree0_candidate,76,0,false,0,511,143057205,2251996,5000,0,10000,145324201
1,0.1.0,model-level causal evidence; not a WAN measurement,decisive,100,best_tree0_candidate,76,1,false,0,511,143057205,3279596,5000,0,10000,146351801
1,0.1.0,model-level causal evidence; not a WAN measurement,decisive,100,best_tree0_candidate,76,2,true,0,511,143057205,3279596,5000,0,10000,146351801
1,0.1.0,model-level causal evidence; not a WAN measurement,decisive,100,best_tree0_candidate,77,0,false,0,511,142628808,2138000,5000,0,10000,144781808
1,0.1.0,model-level causal evidence; not a WAN measurement,decisive,100,best_tree0_candidate,77,1,false,0,511,142628808,3165600,5000,0,10000,145809408
1,0.1.0,model-level causal evidence; not a WAN measurement,decisive,100,best_tree0_candidate,77,2,true,0,511,142628808,3165600,5000,0,10000,145809408
1,0.1.0,model-level causal evidence; not a WAN measurement,decisive,100,best_tree0_candidate,78,0,false,0,511,142660404,2138000,5000,0,10000,144813404
1,0.1.0,model-level causal evidence; not a WAN measurement,decisive,100,best_tree0_candidate,78,1,false,0,511,142660404,3165600,5000,0,10000,145841004
1,0.1.0,model-level causal evidence; not a WAN measurement,decisive,100,best_tree0_candidate,78,2,true,0,511,142660404,3165600,5000,0,10000,145841004
1,0.1.0,model-level causal evidence; not a WAN measurement,decisive,100,best_tree0_candidate,79,0,false,0,511,143572003,2138000,5000,0,10000,145725003
1,0.1.0,model-level causal evidence; not a WAN measurement,decisive,100,best_tree0_candidate,79,1,false,0,511,143572003,3165600,5000,0,10000,146752603
1,0.1.0,model-level causal evidence; not a WAN measurement,decisive,100,best_tree0_candidate,79,2,true,0,511,143572003,3165600,5000,0,10000,146752603
1,0.1.0,model-level causal evidence; not a WAN measurement,decisive,100,best_tree0_candidate,80,0,false,0,511,141800804,2138000,5000,0,10000,143953804
1,0.1.0,model-level causal evidence; not a WAN measurement,decisive,100,best_tree0_candidate,80,1,false,0,511,141800804,3165600,5000,0,10000,144981404
1,0.1.0,model-level causal evidence; not a WAN measurement,decisive,100,best_tree0_candidate,80,2,true,0,511,141800804,3165600,5000,0,10000,144981404
1,0.1.0,model-level causal evidence; not a WAN measurement,decisive,100,best_tree0_candidate,81,0,false,0,511,143128804,2138000,5000,0,10000,145281804
1,0.1.0,model-level causal evidence; not a WAN measurement,decisive,100,best_tree0_candidate,81,1,false,0,511,143128804,3165600,5000,0,10000,146309404
1,0.1.0,model-level causal evidence; not a WAN measurement,decisive,100,best_tree0_candidate,81,2,true,0,511,143128804,3165600,5000,0,10000,146309404
1,0.1.0,model-level causal evidence; not a WAN measurement,decisive,100,best_tree0_candidate,82,0,false,0,511,141682403,2138000,5000,0,10000,143835403
1,0.1.0,model-level causal evidence; not a WAN measurement,decisive,100,best_tree0_candidate,82,1,false,0,511,141682403,3165600,5000,0,10000,144863003
1,0.1.0,model-level causal evidence; not a WAN measurement,decisive,100,best_tree0_candidate,82,2,true,0,511,141682403,3165600,5000,0,10000,144863003
1,0.1.0,model-level causal evidence; not a WAN measurement,decisive,100,best_tree0_candidate,83,0,false,0,511,141812402,2216799,5000,0,10000,144044201
1,0.1.0,model-level causal evidence; not a WAN measurement,decisive,100,best_tree0_candidate,83,1,false,0,511,141812402,3244399,5000,0,10000,145071801
1,0.1.0,model-level causal evidence; not a WAN measurement,decisive,100,best_tree0_candidate,83,2,true,0,511,141812402,3244399,5000,0,10000,145071801
1,0.1.0,model-level causal evidence; not a WAN measurement,decisive,100,best_tree0_candidate,84,0,false,0,511,142374002,2138000,5000,0,10000,144527002
1,0.1.0,model-level causal evidence; not a WAN measurement,decisive,100,best_tree0_candidate,84,1,false,0,511,142374002,3165600,5000,0,10000,145554602
1,0.1.0,model-level causal evidence; not a WAN measurement,decisive,100,best_tree0_candidate,84,2,true,0,511,142374002,3165600,5000,0,10000,145554602
1,0.1.0,model-level causal evidence; not a WAN measurement,decisive,100,best_tree0_candidate,85,0,false,0,511,142421604,2138000,5000,0,10000,144574604
1,0.1.0,model-level causal evidence; not a WAN measurement,decisive,100,best_tree0_candidate,85,1,false,0,511,142421604,3165600,5000,0,10000,145602204
1,0.1.0,model-level causal evidence; not a WAN measurement,decisive,100,best_tree0_candidate,85,2,true,0,511,142421604,3165600,5000,0,10000,145602204
1,0.1.0,model-level causal evidence; not a WAN measurement,decisive,100,best_tree0_candidate,86,0,false,0,511,141895202,2161599,5000,0,10000,144071801
1,0.1.0,model-level causal evidence; not a WAN measurement,decisive,100,best_tree0_candidate,86,1,false,0,511,141895202,3189199,5000,0,10000,145099401
1,0.1.0,model-level causal evidence; not a WAN measurement,decisive,100,best_tree0_candidate,86,2,true,0,511,141895202,3189199,5000,0,10000,145099401
1,0.1.0,model-level causal evidence; not a WAN measurement,decisive,100,best_tree0_candidate,87,0,false,0,511,140955218,2558797,5000,0,10000,143529015
1,0.1.0,model-level causal evidence; not a WAN measurement,decisive,100,best_tree0_candidate,87,1,false,0,511,140955218,3586397,5000,0,10000,144556615
1,0.1.0,model-level causal evidence; not a WAN measurement,decisive,100,best_tree0_candidate,87,2,true,0,511,140955218,3586397,5000,0,10000,144556615
1,0.1.0,model-level causal evidence; not a WAN measurement,decisive,100,best_tree0_candidate,88,0,false,0,511,142037606,2138000,5000,0,10000,144190606
1,0.1.0,model-level causal evidence; not a WAN measurement,decisive,100,best_tree0_candidate,88,1,false,0,511,142037606,3165600,5000,0,10000,145218206
1,0.1.0,model-level causal evidence; not a WAN measurement,decisive,100,best_tree0_candidate,88,2,true,0,511,142037606,3165600,5000,0,10000,145218206
1,0.1.0,model-level causal evidence; not a WAN measurement,decisive,100,best_tree0_candidate,89,0,false,0,511,143372402,2138000,5000,0,10000,145525402
1,0.1.0,model-level causal evidence; not a WAN measurement,decisive,100,best_tree0_candidate,89,1,false,0,511,143372402,3165600,5000,0,10000,146553002
1,0.1.0,model-level causal evidence; not a WAN measurement,decisive,100,best_tree0_candidate,89,2,true,0,511,143372402,3165600,5000,0,10000,146553002
1,0.1.0,model-level causal evidence; not a WAN measurement,decisive,100,best_tree0_candidate,90,0,false,0,511,142944007,2138000,5000,0,10000,145097007
1,0.1.0,model-level causal evidence; not a WAN measurement,decisive,100,best_tree0_candidate,90,1,false,0,511,142944007,3165600,5000,0,10000,146124607
1,0.1.0,model-level causal evidence; not a WAN measurement,decisive,100,best_tree0_candidate,90,2,true,0,511,142944007,3165600,5000,0,10000,146124607
1,0.1.0,model-level causal evidence; not a WAN measurement,decisive,100,best_tree0_candidate,91,0,false,0,511,142333602,2305199,5000,0,10000,144653801
1,0.1.0,model-level causal evidence; not a WAN measurement,decisive,100,best_tree0_candidate,91,1,false,0,511,142333602,3332799,5000,0,10000,145681401
1,0.1.0,model-level causal evidence; not a WAN measurement,decisive,100,best_tree0_candidate,91,2,true,0,511,142333602,3332799,5000,0,10000,145681401
1,0.1.0,model-level causal evidence; not a WAN measurement,decisive,100,best_tree0_candidate,92,0,false,0,511,141374802,2358800,5000,0,10000,143748602
1,0.1.0,model-level causal evidence; not a WAN measurement,decisive,100,best_tree0_candidate,92,1,false,0,511,141374802,3386400,5000,0,10000,144776202
1,0.1.0,model-level causal evidence; not a WAN measurement,decisive,100,best_tree0_candidate,92,2,true,0,511,141374802,3386400,5000,0,10000,144776202
1,0.1.0,model-level causal evidence; not a WAN measurement,decisive,100,best_tree0_candidate,93,0,false,0,511,141475205,2138000,5000,0,10000,143628205
1,0.1.0,model-level causal evidence; not a WAN measurement,decisive,100,best_tree0_candidate,93,1,false,0,511,141475205,3165600,5000,0,10000,144655805
1,0.1.0,model-level causal evidence; not a WAN measurement,decisive,100,best_tree0_candidate,93,2,true,0,511,141475205,3165600,5000,0,10000,144655805
1,0.1.0,model-level causal evidence; not a WAN measurement,decisive,100,best_tree0_candidate,94,0,false,0,511,141854811,2138000,5000,0,10000,144007811
1,0.1.0,model-level causal evidence; not a WAN measurement,decisive,100,best_tree0_candidate,94,1,false,0,511,141854811,3165600,5000,0,10000,145035411
1,0.1.0,model-level causal evidence; not a WAN measurement,decisive,100,best_tree0_candidate,94,2,true,0,511,141854811,3165600,5000,0,10000,145035411
1,0.1.0,model-level causal evidence; not a WAN measurement,decisive,100,best_tree0_candidate,95,0,false,0,511,142325204,2315197,5000,0,10000,144655401
1,0.1.0,model-level causal evidence; not a WAN measurement,decisive,100,best_tree0_candidate,95,1,false,0,511,142325204,3342797,5000,0,10000,145683001
1,0.1.0,model-level causal evidence; not a WAN measurement,decisive,100,best_tree0_candidate,95,2,true,0,511,142325204,3342797,5000,0,10000,145683001
1,0.1.0,model-level causal evidence; not a WAN measurement,decisive,100,best_tree0_candidate,96,0,false,0,511,142494802,2138000,5000,0,10000,144647802
1,0.1.0,model-level causal evidence; not a WAN measurement,decisive,100,best_tree0_candidate,96,1,false,0,511,142494802,3165600,5000,0,10000,145675402
1,0.1.0,model-level causal evidence; not a WAN measurement,decisive,100,best_tree0_candidate,96,2,true,0,511,142494802,3165600,5000,0,10000,145675402
1,0.1.0,model-level causal evidence; not a WAN measurement,decisive,100,best_tree0_candidate,97,0,false,0,511,143015203,2138000,5000,0,10000,145168203
1,0.1.0,model-level causal evidence; not a WAN measurement,decisive,100,best_tree0_candidate,97,1,false,0,511,143015203,3165600,5000,0,10000,146195803
1,0.1.0,model-level causal evidence; not a WAN measurement,decisive,100,best_tree0_candidate,97,2,true,0,511,143015203,3165600,5000,0,10000,146195803
1,0.1.0,model-level causal evidence; not a WAN measurement,decisive,100,best_tree0_candidate,98,0,false,0,511,143025604,2138000,5000,0,10000,145178604
1,0.1.0,model-level causal evidence; not a WAN measurement,decisive,100,best_tree0_candidate,98,1,false,0,511,143025604,3165600,5000,0,10000,146206204
1,0.1.0,model-level causal evidence; not a WAN measurement,decisive,100,best_tree0_candidate,98,2,true,0,511,143025604,3165600,5000,0,10000,146206204
1,0.1.0,model-level causal evidence; not a WAN measurement,decisive,100,best_tree0_candidate,99,0,false,0,511,142076804,2138000,5000,0,10000,144229804
1,0.1.0,model-level causal evidence; not a WAN measurement,decisive,100,best_tree0_candidate,99,1,false,0,511,142076804,3165600,5000,0,10000,145257404
1,0.1.0,model-level causal evidence; not a WAN measurement,decisive,100,best_tree0_candidate,99,2,true,0,511,142076804,3165600,5000,0,10000,145257404
1,0.1.0,model-level causal evidence; not a WAN measurement,decisive,100,best_tree0_candidate,100,0,false,0,511,142873606,2138000,5000,0,10000,145026606
1,0.1.0,model-level causal evidence; not a WAN measurement,decisive,100,best_tree0_candidate,100,1,false,0,511,142873606,3165600,5000,0,10000,146054206
1,0.1.0,model-level causal evidence; not a WAN measurement,decisive,100,best_tree0_candidate,100,2,true,0,511,142873606,3165600,5000,0,10000,146054206
1,0.1.0,model-level causal evidence; not a WAN measurement,decisive,100,best_tree0_candidate,101,0,false,0,511,142426002,2138000,5000,0,10000,144579002
1,0.1.0,model-level causal evidence; not a WAN measurement,decisive,100,best_tree0_candidate,101,1,false,0,511,142426002,3165600,5000,0,10000,145606602
1,0.1.0,model-level causal evidence; not a WAN measurement,decisive,100,best_tree0_candidate,101,2,true,0,511,142426002,3165600,5000,0,10000,145606602
1,0.1.0,model-level causal evidence; not a WAN measurement,decisive,100,best_tree0_candidate,102,0,false,0,511,141522803,2138000,5000,0,10000,143675803
1,0.1.0,model-level causal evidence; not a WAN measurement,decisive,100,best_tree0_candidate,102,1,false,0,511,141522803,3165600,5000,0,10000,144703403
1,0.1.0,model-level causal evidence; not a WAN measurement,decisive,100,best_tree0_candidate,102,2,true,0,511,141522803,3165600,5000,0,10000,144703403
1,0.1.0,model-level causal evidence; not a WAN measurement,decisive,100,best_tree0_candidate,103,0,false,0,511,141972003,2138000,5000,0,10000,144125003
1,0.1.0,model-level causal evidence; not a WAN measurement,decisive,100,best_tree0_candidate,103,1,false,0,511,141972003,3165600,5000,0,10000,145152603
1,0.1.0,model-level causal evidence; not a WAN measurement,decisive,100,best_tree0_candidate,103,2,true,0,511,141972003,3165600,5000,0,10000,145152603
1,0.1.0,model-level causal evidence; not a WAN measurement,decisive,100,best_tree0_candidate,104,0,false,0,511,141944408,2138000,5000,0,10000,144097408
1,0.1.0,model-level causal evidence; not a WAN measurement,decisive,100,best_tree0_candidate,104,1,false,0,511,141944408,3165600,5000,0,10000,145125008
1,0.1.0,model-level causal evidence; not a WAN measurement,decisive,100,best_tree0_candidate,104,2,true,0,511,141944408,3165600,5000,0,10000,145125008
1,0.1.0,model-level causal evidence; not a WAN measurement,decisive,100,best_tree0_candidate,105,0,false,0,511,141729602,2138000,5000,0,10000,143882602
1,0.1.0,model-level causal evidence; not a WAN measurement,decisive,100,best_tree0_candidate,105,1,false,0,511,141729602,3165600,5000,0,10000,144910202
1,0.1.0,model-level causal evidence; not a WAN measurement,decisive,100,best_tree0_candidate,105,2,true,0,511,141729602,3165600,5000,0,10000,144910202
1,0.1.0,model-level causal evidence; not a WAN measurement,decisive,100,best_tree0_candidate,106,0,false,0,511,142940808,2138000,5000,0,10000,145093808
1,0.1.0,model-level causal evidence; not a WAN measurement,decisive,100,best_tree0_candidate,106,1,false,0,511,142940808,3165600,5000,0,10000,146121408
1,0.1.0,model-level causal evidence; not a WAN measurement,decisive,100,best_tree0_candidate,106,2,true,0,511,142940808,3165600,5000,0,10000,146121408
1,0.1.0,model-level causal evidence; not a WAN measurement,decisive,100,best_tree0_candidate,107,0,false,0,511,141071207,2138000,5000,0,10000,143224207
1,0.1.0,model-level causal evidence; not a WAN measurement,decisive,100,best_tree0_candidate,107,1,false,0,511,141071207,3165600,5000,0,10000,144251807
1,0.1.0,model-level causal evidence; not a WAN measurement,decisive,100,best_tree0_candidate,107,2,true,0,511,141071207,3165600,5000,0,10000,144251807
1,0.1.0,model-level causal evidence; not a WAN measurement,decisive,100,best_tree0_candidate,108,0,false,0,511,143092402,2138000,5000,0,10000,145245402
1,0.1.0,model-level causal evidence; not a WAN measurement,decisive,100,best_tree0_candidate,108,1,false,0,511,143092402,3165600,5000,0,10000,146273002
1,0.1.0,model-level causal evidence; not a WAN measurement,decisive,100,best_tree0_candidate,108,2,true,0,511,143092402,3165600,5000,0,10000,146273002
1,0.1.0,model-level causal evidence; not a WAN measurement,decisive,100,best_tree0_candidate,109,0,false,0,511,141519211,2138000,5000,0,10000,143672211
1,0.1.0,model-level causal evidence; not a WAN measurement,decisive,100,best_tree0_candidate,109,1,false,0,511,141519211,3165600,5000,0,10000,144699811
1,0.1.0,model-level causal evidence; not a WAN measurement,decisive,100,best_tree0_candidate,109,2,true,0,511,141519211,3165600,5000,0,10000,144699811
1,0.1.0,model-level causal evidence; not a WAN measurement,decisive,100,best_tree0_candidate,110,0,false,0,511,142486802,2138000,5000,0,10000,144639802
1,0.1.0,model-level causal evidence; not a WAN measurement,decisive,100,best_tree0_candidate,110,1,false,0,511,142486802,3165600,5000,0,10000,145667402
1,0.1.0,model-level causal evidence; not a WAN measurement,decisive,100,best_tree0_candidate,110,2,true,0,511,142486802,3165600,5000,0,10000,145667402
1,0.1.0,model-level causal evidence; not a WAN measurement,decisive,100,best_tree0_candidate,111,0,false,0,511,141506803,2190398,5000,0,10000,143712201
1,0.1.0,model-level causal evidence; not a WAN measurement,decisive,100,best_tree0_candidate,111,1,false,0,511,141506803,3217998,5000,0,10000,144739801
1,0.1.0,model-level causal evidence; not a WAN measurement,decisive,100,best_tree0_candidate,111,2,true,0,511,141506803,3217998,5000,0,10000,144739801
1,0.1.0,model-level causal evidence; not a WAN measurement,decisive,100,best_tree0_candidate,112,0,false,0,511,141960405,2138000,5000,0,10000,144113405
1,0.1.0,model-level causal evidence; not a WAN measurement,decisive,100,best_tree0_candidate,112,1,false,0,511,141960405,3165600,5000,0,10000,145141005
1,0.1.0,model-level causal evidence; not a WAN measurement,decisive,100,best_tree0_candidate,112,2,true,0,511,141960405,3165600,5000,0,10000,145141005
1,0.1.0,model-level causal evidence; not a WAN measurement,decisive,100,best_tree0_candidate,113,0,false,0,511,141539602,2138000,5000,0,10000,143692602
1,0.1.0,model-level causal evidence; not a WAN measurement,decisive,100,best_tree0_candidate,113,1,false,0,511,141539602,3165600,5000,0,10000,144720202
1,0.1.0,model-level causal evidence; not a WAN measurement,decisive,100,best_tree0_candidate,113,2,true,0,511,141539602,3165600,5000,0,10000,144720202
1,0.1.0,model-level causal evidence; not a WAN measurement,decisive,100,best_tree0_candidate,114,0,false,0,511,141998011,2247990,5000,0,10000,144261001
1,0.1.0,model-level causal evidence; not a WAN measurement,decisive,100,best_tree0_candidate,114,1,false,0,511,141998011,3275590,5000,0,10000,145288601
1,0.1.0,model-level causal evidence; not a WAN measurement,decisive,100,best_tree0_candidate,114,2,true,0,511,141998011,3275590,5000,0,10000,145288601
1,0.1.0,model-level causal evidence; not a WAN measurement,decisive,100,best_tree0_candidate,115,0,false,0,511,142674006,2214795,5000,0,10000,144903801
1,0.1.0,model-level causal evidence; not a WAN measurement,decisive,100,best_tree0_candidate,115,1,false,0,511,142674006,3242395,5000,0,10000,145931401
1,0.1.0,model-level causal evidence; not a WAN measurement,decisive,100,best_tree0_candidate,115,2,true,0,511,142674006,3242395,5000,0,10000,145931401
1,0.1.0,model-level causal evidence; not a WAN measurement,decisive,100,best_tree0_candidate,116,0,false,0,511,142983603,2138000,5000,0,10000,145136603
1,0.1.0,model-level causal evidence; not a WAN measurement,decisive,100,best_tree0_candidate,116,1,false,0,511,142983603,3165600,5000,0,10000,146164203
1,0.1.0,model-level causal evidence; not a WAN measurement,decisive,100,best_tree0_candidate,116,2,true,0,511,142983603,3165600,5000,0,10000,146164203
1,0.1.0,model-level causal evidence; not a WAN measurement,decisive,100,best_tree0_candidate,117,0,false,0,511,142311204,2358797,5000,0,10000,144685001
1,0.1.0,model-level causal evidence; not a WAN measurement,decisive,100,best_tree0_candidate,117,1,false,0,511,142311204,3386397,5000,0,10000,145712601
1,0.1.0,model-level causal evidence; not a WAN measurement,decisive,100,best_tree0_candidate,117,2,true,0,511,142311204,3386397,5000,0,10000,145712601
1,0.1.0,model-level causal evidence; not a WAN measurement,decisive,100,best_tree0_candidate,118,0,false,0,511,142546402,2138000,5000,0,10000,144699402
1,0.1.0,model-level causal evidence; not a WAN measurement,decisive,100,best_tree0_candidate,118,1,false,0,511,142546402,3165600,5000,0,10000,145727002
1,0.1.0,model-level causal evidence; not a WAN measurement,decisive,100,best_tree0_candidate,118,2,true,0,511,142546402,3165600,5000,0,10000,145727002
1,0.1.0,model-level causal evidence; not a WAN measurement,decisive,100,best_tree0_candidate,119,0,false,0,511,142587204,2138000,5000,0,10000,144740204
1,0.1.0,model-level causal evidence; not a WAN measurement,decisive,100,best_tree0_candidate,119,1,false,0,511,142587204,3165600,5000,0,10000,145767804
1,0.1.0,model-level causal evidence; not a WAN measurement,decisive,100,best_tree0_candidate,119,2,true,0,511,142587204,3165600,5000,0,10000,145767804
1,0.1.0,model-level causal evidence; not a WAN measurement,decisive,100,best_tree0_candidate,120,0,false,0,511,141487207,2138000,5000,0,10000,143640207
1,0.1.0,model-level causal evidence; not a WAN measurement,decisive,100,best_tree0_candidate,120,1,false,0,511,141487207,3165600,5000,0,10000,144667807
1,0.1.0,model-level causal evidence; not a WAN measurement,decisive,100,best_tree0_candidate,120,2,true,0,511,141487207,3165600,5000,0,10000,144667807
1,0.1.0,model-level causal evidence; not a WAN measurement,decisive,100,best_tree0_candidate,121,0,false,0,511,141658804,2138000,5000,0,10000,143811804
1,0.1.0,model-level causal evidence; not a WAN measurement,decisive,100,best_tree0_candidate,121,1,false,0,511,141658804,3165600,5000,0,10000,144839404
1,0.1.0,model-level causal evidence; not a WAN measurement,decisive,100,best_tree0_candidate,121,2,true,0,511,141658804,3165600,5000,0,10000,144839404
1,0.1.0,model-level causal evidence; not a WAN measurement,decisive,100,best_tree0_candidate,122,0,false,0,511,142266003,2138000,5000,0,10000,144419003
1,0.1.0,model-level causal evidence; not a WAN measurement,decisive,100,best_tree0_candidate,122,1,false,0,511,142266003,3165600,5000,0,10000,145446603
1,0.1.0,model-level causal evidence; not a WAN measurement,decisive,100,best_tree0_candidate,122,2,true,0,511,142266003,3165600,5000,0,10000,145446603
1,0.1.0,model-level causal evidence; not a WAN measurement,decisive,100,best_tree0_candidate,123,0,false,0,511,143610804,2138000,5000,0,10000,145763804
1,0.1.0,model-level causal evidence; not a WAN measurement,decisive,100,best_tree0_candidate,123,1,false,0,511,143610804,3165600,5000,0,10000,146791404
1,0.1.0,model-level causal evidence; not a WAN measurement,decisive,100,best_tree0_candidate,123,2,true,0,511,143610804,3165600,5000,0,10000,146791404
1,0.1.0,model-level causal evidence; not a WAN measurement,decisive,100,best_tree0_candidate,124,0,false,0,511,142762803,2372798,5000,0,10000,145150601
1,0.1.0,model-level causal evidence; not a WAN measurement,decisive,100,best_tree0_candidate,124,1,false,0,511,142762803,3400398,5000,0,10000,146178201
1,0.1.0,model-level causal evidence; not a WAN measurement,decisive,100,best_tree0_candidate,124,2,true,0,511,142762803,3400398,5000,0,10000,146178201
1,0.1.0,model-level causal evidence; not a WAN measurement,decisive,100,best_tree0_candidate,125,0,false,0,511,142481202,2138000,5000,0,10000,144634202
1,0.1.0,model-level causal evidence; not a WAN measurement,decisive,100,best_tree0_candidate,125,1,false,0,511,142481202,3165600,5000,0,10000,145661802
1,0.1.0,model-level causal evidence; not a WAN measurement,decisive,100,best_tree0_candidate,125,2,true,0,511,142481202,3165600,5000,0,10000,145661802
1,0.1.0,model-level causal evidence; not a WAN measurement,decisive,100,best_tree0_candidate,126,0,false,0,511,142510802,2187199,5000,0,10000,144713001
1,0.1.0,model-level causal evidence; not a WAN measurement,decisive,100,best_tree0_candidate,126,1,false,0,511,142510802,3214799,5000,0,10000,145740601
1,0.1.0,model-level causal evidence; not a WAN measurement,decisive,100,best_tree0_candidate,126,2,true,0,511,142510802,3214799,5000,0,10000,145740601
1,0.1.0,model-level causal evidence; not a WAN measurement,decisive,100,best_tree0_candidate,127,0,false,0,511,142877606,2138000,5000,0,10000,145030606
1,0.1.0,model-level causal evidence; not a WAN measurement,decisive,100,best_tree0_candidate,127,1,false,0,511,142877606,3165600,5000,0,10000,146058206
1,0.1.0,model-level causal evidence; not a WAN measurement,decisive,100,best_tree0_candidate,127,2,true,0,511,142877606,3165600,5000,0,10000,146058206
1,0.1.0,model-level causal evidence; not a WAN measurement,decisive,100,best_tree1_candidate,0,0,false,1,511,142994004,2165600,5000,0,10000,145174604
1,0.1.0,model-level causal evidence; not a WAN measurement,decisive,100,best_tree1_candidate,0,1,false,1,511,142994004,3193200,5000,0,10000,146202204
1,0.1.0,model-level causal evidence; not a WAN measurement,decisive,100,best_tree1_candidate,0,2,true,1,511,142994004,3193200,5000,0,10000,146202204
1,0.1.0,model-level causal evidence; not a WAN measurement,decisive,100,best_tree1_candidate,1,0,false,1,511,142856004,2165600,5000,0,10000,145036604
1,0.1.0,model-level causal evidence; not a WAN measurement,decisive,100,best_tree1_candidate,1,1,false,1,511,142856004,3193200,5000,0,10000,146064204
1,0.1.0,model-level causal evidence; not a WAN measurement,decisive,100,best_tree1_candidate,1,2,true,1,511,142856004,3193200,5000,0,10000,146064204
1,0.1.0,model-level causal evidence; not a WAN measurement,decisive,100,best_tree1_candidate,2,0,false,1,511,142392002,2165600,5000,0,10000,144572602
1,0.1.0,model-level causal evidence; not a WAN measurement,decisive,100,best_tree1_candidate,2,1,false,1,511,142392002,3193200,5000,0,10000,145600202
1,0.1.0,model-level causal evidence; not a WAN measurement,decisive,100,best_tree1_candidate,2,2,true,1,511,142392002,3193200,5000,0,10000,145600202
1,0.1.0,model-level causal evidence; not a WAN measurement,decisive,100,best_tree1_candidate,3,0,false,1,511,144949202,2216799,5000,0,10000,147181001
1,0.1.0,model-level causal evidence; not a WAN measurement,decisive,100,best_tree1_candidate,3,1,false,1,511,144949202,3244399,5000,0,10000,148208601
1,0.1.0,model-level causal evidence; not a WAN measurement,decisive,100,best_tree1_candidate,3,2,true,1,511,144949202,3244399,5000,0,10000,148208601
1,0.1.0,model-level causal evidence; not a WAN measurement,decisive,100,best_tree1_candidate,4,0,false,1,511,141802805,2165600,5000,0,10000,143983405
1,0.1.0,model-level causal evidence; not a WAN measurement,decisive,100,best_tree1_candidate,4,1,false,1,511,141802805,3193200,5000,0,10000,145011005
1,0.1.0,model-level causal evidence; not a WAN measurement,decisive,100,best_tree1_candidate,4,2,true,1,511,141802805,3193200,5000,0,10000,145011005
1,0.1.0,model-level causal evidence; not a WAN measurement,decisive,100,best_tree1_candidate,5,0,false,1,511,143096807,2165600,5000,0,10000,145277407
1,0.1.0,model-level causal evidence; not a WAN measurement,decisive,100,best_tree1_candidate,5,1,false,1,511,143096807,3193200,5000,0,10000,146305007
1,0.1.0,model-level causal evidence; not a WAN measurement,decisive,100,best_tree1_candidate,5,2,true,1,511,143096807,3193200,5000,0,10000,146305007
1,0.1.0,model-level causal evidence; not a WAN measurement,decisive,100,best_tree1_candidate,6,0,false,1,511,143784802,2165600,5000,0,10000,145965402
1,0.1.0,model-level causal evidence; not a WAN measurement,decisive,100,best_tree1_candidate,6,1,false,1,511,143784802,3193200,5000,0,10000,146993002
1,0.1.0,model-level causal evidence; not a WAN measurement,decisive,100,best_tree1_candidate,6,2,true,1,511,143784802,3193200,5000,0,10000,146993002
1,0.1.0,model-level causal evidence; not a WAN measurement,decisive,100,best_tree1_candidate,7,0,false,1,511,142953606,2165600,5000,0,10000,145134206
1,0.1.0,model-level causal evidence; not a WAN measurement,decisive,100,best_tree1_candidate,7,1,false,1,511,142953606,3193200,5000,0,10000,146161806
1,0.1.0,model-level causal evidence; not a WAN measurement,decisive,100,best_tree1_candidate,7,2,true,1,511,142953606,3193200,5000,0,10000,146161806
1,0.1.0,model-level causal evidence; not a WAN measurement,decisive,100,best_tree1_candidate,8,0,false,1,511,141964004,2165600,5000,0,10000,144144604
1,0.1.0,model-level causal evidence; not a WAN measurement,decisive,100,best_tree1_candidate,8,1,false,1,511,141964004,3193200,5000,0,10000,145172204
1,0.1.0,model-level causal evidence; not a WAN measurement,decisive,100,best_tree1_candidate,8,2,true,1,511,141964004,3193200,5000,0,10000,145172204
1,0.1.0,model-level causal evidence; not a WAN measurement,decisive,100,best_tree1_candidate,9,0,false,1,511,143423606,2471595,5000,0,10000,145910201
1,0.1.0,model-level causal evidence; not a WAN measurement,decisive,100,best_tree1_candidate,9,1,false,1,511,143423606,3499195,5000,0,10000,146937801
1,0.1.0,model-level causal evidence; not a WAN measurement,decisive,100,best_tree1_candidate,9,2,true,1,511,143423606,3499195,5000,0,10000,146937801
1,0.1.0,model-level causal evidence; not a WAN measurement,decisive,100,best_tree1_candidate,10,0,false,1,511,142802805,2165600,5000,0,10000,144983405
1,0.1.0,model-level causal evidence; not a WAN measurement,decisive,100,best_tree1_candidate,10,1,false,1,511,142802805,3193200,5000,0,10000,146011005
1,0.1.0,model-level causal evidence; not a WAN measurement,decisive,100,best_tree1_candidate,10,2,true,1,511,142802805,3193200,5000,0,10000,146011005
1,0.1.0,model-level causal evidence; not a WAN measurement,decisive,100,best_tree1_candidate,11,0,false,1,511,143092402,2358799,5000,0,10000,145466201
1,0.1.0,model-level causal evidence; not a WAN measurement,decisive,100,best_tree1_candidate,11,1,false,1,511,143092402,3386399,5000,0,10000,146493801
1,0.1.0,model-level causal evidence; not a WAN measurement,decisive,100,best_tree1_candidate,11,2,true,1,511,143092402,3386399,5000,0,10000,146493801
1,0.1.0,model-level causal evidence; not a WAN measurement,decisive,100,best_tree1_candidate,12,0,false,1,511,143704415,2165600,5000,0,10000,145885015
1,0.1.0,model-level causal evidence; not a WAN measurement,decisive,100,best_tree1_candidate,12,1,false,1,511,143704415,3193200,5000,0,10000,146912615
1,0.1.0,model-level causal evidence; not a WAN measurement,decisive,100,best_tree1_candidate,12,2,true,1,511,143704415,3193200,5000,0,10000,146912615
1,0.1.0,model-level causal evidence; not a WAN measurement,decisive,100,best_tree1_candidate,13,0,false,1,511,144013603,2386400,5000,0,10000,146415003
1,0.1.0,model-level causal evidence; not a WAN measurement,decisive,100,best_tree1_candidate,13,1,false,1,511,144013603,3414000,5000,0,10000,147442603
1,0.1.0,model-level causal evidence; not a WAN measurement,decisive,100,best_tree1_candidate,13,2,true,1,511,144013603,3414000,5000,0,10000,147442603
1,0.1.0,model-level causal evidence; not a WAN measurement,decisive,100,best_tree1_candidate,14,0,false,1,511,143294007,2165600,5000,0,10000,145474607
1,0.1.0,model-level causal evidence; not a WAN measurement,decisive,100,best_tree1_candidate,14,1,false,1,511,143294007,3193200,5000,0,10000,146502207
1,0.1.0,model-level causal evidence; not a WAN measurement,decisive,100,best_tree1_candidate,14,2,true,1,511,143294007,3193200,5000,0,10000,146502207
1,0.1.0,model-level causal evidence; not a WAN measurement,decisive,100,best_tree1_candidate,15,0,false,1,511,143802805,2165600,5000,0,10000,145983405
1,0.1.0,model-level causal evidence; not a WAN measurement,decisive,100,best_tree1_candidate,15,1,false,1,511,143802805,3193200,5000,0,10000,147011005
1,0.1.0,model-level causal evidence; not a WAN measurement,decisive,100,best_tree1_candidate,15,2,true,1,511,143802805,3193200,5000,0,10000,147011005
1,0.1.0,model-level causal evidence; not a WAN measurement,decisive,100,best_tree1_candidate,16,0,false,1,511,142656804,2165600,5000,0,10000,144837404
1,0.1.0,model-level causal evidence; not a WAN measurement,decisive,100,best_tree1_candidate,16,1,false,1,511,142656804,3193200,5000,0,10000,145865004
1,0.1.0,model-level causal evidence; not a WAN measurement,decisive,100,best_tree1_candidate,16,2,true,1,511,142656804,3193200,5000,0,10000,145865004
1,0.1.0,model-level causal evidence; not a WAN measurement,decisive,100,best_tree1_candidate,17,0,false,1,511,141828404,2165600,5000,0,10000,144009004
1,0.1.0,model-level causal evidence; not a WAN measurement,decisive,100,best_tree1_candidate,17,1,false,1,511,141828404,3193200,5000,0,10000,145036604
1,0.1.0,model-level causal evidence; not a WAN measurement,decisive,100,best_tree1_candidate,17,2,true,1,511,141828404,3193200,5000,0,10000,145036604
1,0.1.0,model-level causal evidence; not a WAN measurement,decisive,100,best_tree1_candidate,18,0,false,1,511,143305602,2167599,5000,0,10000,145488201
1,0.1.0,model-level causal evidence; not a WAN measurement,decisive,100,best_tree1_candidate,18,1,false,1,511,143305602,3195199,5000,0,10000,146515801
1,0.1.0,model-level causal evidence; not a WAN measurement,decisive,100,best_tree1_candidate,18,2,true,1,511,143305602,3195199,5000,0,10000,146515801
1,0.1.0,model-level causal evidence; not a WAN measurement,decisive,100,best_tree1_candidate,19,0,false,1,511,142049204,2165600,5000,0,10000,144229804
1,0.1.0,model-level causal evidence; not a WAN measurement,decisive,100,best_tree1_candidate,19,1,false,1,511,142049204,3193200,5000,0,10000,145257404
1,0.1.0,model-level causal evidence; not a WAN measurement,decisive,100,best_tree1_candidate,19,2,true,1,511,142049204,3193200,5000,0,10000,145257404
1,0.1.0,model-level causal evidence; not a WAN measurement,decisive,100,best_tree1_candidate,20,0,false,1,511,142461612,2334799,5000,0,10000,144811411
1,0.1.0,model-level causal evidence; not a WAN measurement,decisive,100,best_tree1_candidate,20,1,false,1,511,142461612,3362399,5000,0,10000,145839011
1,0.1.0,model-level causal evidence; not a WAN measurement,decisive,100,best_tree1_candidate,20,2,true,1,511,142461612,3362399,5000,0,10000,145839011
1,0.1.0,model-level causal evidence; not a WAN measurement,decisive,100,best_tree1_candidate,21,0,false,1,511,143464802,2165600,5000,0,10000,145645402
1,0.1.0,model-level causal evidence; not a WAN measurement,decisive,100,best_tree1_candidate,21,1,false,1,511,143464802,3193200,5000,0,10000,146673002
1,0.1.0,model-level causal evidence; not a WAN measurement,decisive,100,best_tree1_candidate,21,2,true,1,511,143464802,3193200,5000,0,10000,146673002
1,0.1.0,model-level causal evidence; not a WAN measurement,decisive,100,best_tree1_candidate,22,0,false,1,511,142824812,2165600,5000,0,10000,145005412
1,0.1.0,model-level causal evidence; not a WAN measurement,decisive,100,best_tree1_candidate,22,1,false,1,511,142824812,3193200,5000,0,10000,146033012
1,0.1.0,model-level causal evidence; not a WAN measurement,decisive,100,best_tree1_candidate,22,2,true,1,511,142824812,3193200,5000,0,10000,146033012
1,0.1.0,model-level causal evidence; not a WAN measurement,decisive,100,best_tree1_candidate,23,0,false,1,511,143601604,2165600,5000,0,10000,145782204
1,0.1.0,model-level causal evidence; not a WAN measurement,decisive,100,best_tree1_candidate,23,1,false,1,511,143601604,3193200,5000,0,10000,146809804
1,0.1.0,model-level causal evidence; not a WAN measurement,decisive,100,best_tree1_candidate,23,2,true,1,511,143601604,3193200,5000,0,10000,146809804
1,0.1.0,model-level causal evidence; not a WAN measurement,decisive,100,best_tree1_candidate,24,0,false,1,511,142986003,2165600,5000,0,10000,145166603
1,0.1.0,model-level causal evidence; not a WAN measurement,decisive,100,best_tree1_candidate,24,1,false,1,511,142986003,3193200,5000,0,10000,146194203
1,0.1.0,model-level causal evidence; not a WAN measurement,decisive,100,best_tree1_candidate,24,2,true,1,511,142986003,3193200,5000,0,10000,146194203
1,0.1.0,model-level causal evidence; not a WAN measurement,decisive,100,best_tree1_candidate,25,0,false,1,511,142550004,2165600,5000,0,10000,144730604
1,0.1.0,model-level causal evidence; not a WAN measurement,decisive,100,best_tree1_candidate,25,1,false,1,511,142550004,3193200,5000,0,10000,145758204
1,0.1.0,model-level causal evidence; not a WAN measurement,decisive,100,best_tree1_candidate,25,2,true,1,511,142550004,3193200,5000,0,10000,145758204
1,0.1.0,model-level causal evidence; not a WAN measurement,decisive,100,best_tree1_candidate,26,0,false,1,511,143556002,2193199,5000,0,10000,145764201
1,0.1.0,model-level causal evidence; not a WAN measurement,decisive,100,best_tree1_candidate,26,1,false,1,511,143556002,3220799,5000,0,10000,146791801
1,0.1.0,model-level causal evidence; not a WAN measurement,decisive,100,best_tree1_candidate,26,2,true,1,511,143556002,3220799,5000,0,10000,146791801
1,0.1.0,model-level causal evidence; not a WAN measurement,decisive,100,best_tree1_candidate,27,0,false,1,511,143035204,2165600,5000,0,10000,145215804
1,0.1.0,model-level causal evidence; not a WAN measurement,decisive,100,best_tree1_candidate,27,1,false,1,511,143035204,3193200,5000,0,10000,146243404
1,0.1.0,model-level causal evidence; not a WAN measurement,decisive,100,best_tree1_candidate,27,2,true,1,511,143035204,3193200,5000,0,10000,146243404
1,0.1.0,model-level causal evidence; not a WAN measurement,decisive,100,best_tree1_candidate,28,0,false,1,511,142771212,2165600,5000,0,10000,144951812
1,0.1.0,model-level causal evidence; not a WAN measurement,decisive,100,best_tree1_candidate,28,1,false,1,511,142771212,3193200,5000,0,10000,145979412
1,0.1.0,model-level causal evidence; not a WAN measurement,decisive,100,best_tree1_candidate,28,2,true,1,511,142771212,3193200,5000,0,10000,145979412
1,0.1.0,model-level causal evidence; not a WAN measurement,decisive,100,best_tree1_candidate,29,0,false,1,511,142495208,2165600,5000,0,10000,144675808
1,0.1.0,model-level causal evidence; not a WAN measurement,decisive,100,best_tree1_candidate,29,1,false,1,511,142495208,3193200,5000,0,10000,145703408
1,0.1.0,model-level causal evidence; not a WAN measurement,decisive,100,best_tree1_candidate,29,2,true,1,511,142495208,3193200,5000,0,10000,145703408
1,0.1.0,model-level causal evidence; not a WAN measurement,decisive,100,best_tree1_candidate,30,0,false,1,511,143317602,2212800,5000,0,10000,145545402
1,0.1.0,model-level causal evidence; not a WAN measurement,decisive,100,best_tree1_candidate,30,1,false,1,511,143317602,3240400,5000,0,10000,146573002
1,0.1.0,model-level causal evidence; not a WAN measurement,decisive,100,best_tree1_candidate,30,2,true,1,511,143317602,3240400,5000,0,10000,146573002
1,0.1.0,model-level causal evidence; not a WAN measurement,decisive,100,best_tree1_candidate,31,0,false,1,511,143286006,2303195,5000,0,10000,145604201
1,0.1.0,model-level causal evidence; not a WAN measurement,decisive,100,best_tree1_candidate,31,1,false,1,511,143286006,3330795,5000,0,10000,146631801
1,0.1.0,model-level causal evidence; not a WAN measurement,decisive,100,best_tree1_candidate,31,2,true,1,511,143286006,3330795,5000,0,10000,146631801
1,0.1.0,model-level causal evidence; not a WAN measurement,decisive,100,best_tree1_candidate,32,0,false,1,511,144025605,2165600,5000,0,10000,146206205
1,0.1.0,model-level causal evidence; not a WAN measurement,decisive,100,best_tree1_candidate,32,1,false,1,511,144025605,3193200,5000,0,10000,147233805
1,0.1.0,model-level causal evidence; not a WAN measurement,decisive,100,best_tree1_candidate,32,2,true,1,511,144025605,3193200,5000,0,10000,147233805
1,0.1.0,model-level causal evidence; not a WAN measurement,decisive,100,best_tree1_candidate,33,0,false,1,511,144110405,2331196,5000,0,10000,146456601
1,0.1.0,model-level causal evidence; not a WAN measurement,decisive,100,best_tree1_candidate,33,1,false,1,511,144110405,3358796,5000,0,10000,147484201
1,0.1.0,model-level causal evidence; not a WAN measurement,decisive,100,best_tree1_candidate,33,2,true,1,511,144110405,3358796,5000,0,10000,147484201
1,0.1.0,model-level causal evidence; not a WAN measurement,decisive,100,best_tree1_candidate,34,0,false,1,511,143948806,2165600,5000,0,10000,146129406
1,0.1.0,model-level causal evidence; not a WAN measurement,decisive,100,best_tree1_candidate,34,1,false,1,511,143948806,3193200,5000,0,10000,147157006
1,0.1.0,model-level causal evidence; not a WAN measurement,decisive,100,best_tree1_candidate,34,2,true,1,511,143948806,3193200,5000,0,10000,147157006
1,0.1.0,model-level causal evidence; not a WAN measurement,decisive,100,best_tree1_candidate,35,0,false,1,511,142702002,2165600,5000,0,10000,144882602
1,0.1.0,model-level causal evidence; not a WAN measurement,decisive,100,best_tree1_candidate,35,1,false,1,511,142702002,3193200,5000,0,10000,145910202
1,0.1.0,model-level causal evidence; not a WAN measurement,decisive,100,best_tree1_candidate,35,2,true,1,511,142702002,3193200,5000,0,10000,145910202
1,0.1.0,model-level causal evidence; not a WAN measurement,decisive,100,best_tree1_candidate,36,0,false,1,511,143092402,2358799,5000,0,10000,145466201
1,0.1.0,model-level causal evidence; not a WAN measurement,decisive,100,best_tree1_candidate,36,1,false,1,511,143092402,3386399,5000,0,10000,146493801
1,0.1.0,model-level causal evidence; not a WAN measurement,decisive,100,best_tree1_candidate,36,2,true,1,511,143092402,3386399,5000,0,10000,146493801
1,0.1.0,model-level causal evidence; not a WAN measurement,decisive,100,best_tree1_candidate,37,0,false,1,511,143658804,2207998,5000,0,10000,145881802
1,0.1.0,model-level causal evidence; not a WAN measurement,decisive,100,best_tree1_candidate,37,1,false,1,511,143658804,3235598,5000,0,10000,146909402
1,0.1.0,model-level causal evidence; not a WAN measurement,decisive,100,best_tree1_candidate,37,2,true,1,511,143658804,3235598,5000,0,10000,146909402
1,0.1.0,model-level causal evidence; not a WAN measurement,decisive,100,best_tree1_candidate,38,0,false,1,511,143747605,2165600,5000,0,10000,145928205
1,0.1.0,model-level causal evidence; not a WAN measurement,decisive,100,best_tree1_candidate,38,1,false,1,511,143747605,3193200,5000,0,10000,146955805
1,0.1.0,model-level causal evidence; not a WAN measurement,decisive,100,best_tree1_candidate,38,2,true,1,511,143747605,3193200,5000,0,10000,146955805
1,0.1.0,model-level causal evidence; not a WAN measurement,decisive,100,best_tree1_candidate,39,0,false,1,511,143568003,2165600,5000,0,10000,145748603
1,0.1.0,model-level causal evidence; not a WAN measurement,decisive,100,best_tree1_candidate,39,1,false,1,511,143568003,3193200,5000,0,10000,146776203
1,0.1.0,model-level causal evidence; not a WAN measurement,decisive,100,best_tree1_candidate,39,2,true,1,511,143568003,3193200,5000,0,10000,146776203
1,0.1.0,model-level causal evidence; not a WAN measurement,decisive,100,best_tree1_candidate,40,0,false,1,511,143185608,2165600,5000,0,10000,145366208
1,0.1.0,model-level causal evidence; not a WAN measurement,decisive,100,best_tree1_candidate,40,1,false,1,511,143185608,3193200,5000,0,10000,146393808
1,0.1.0,model-level causal evidence; not a WAN measurement,decisive,100,best_tree1_candidate,40,2,true,1,511,143185608,3193200,5000,0,10000,146393808
1,0.1.0,model-level causal evidence; not a WAN measurement,decisive,100,best_tree1_candidate,41,0,false,1,511,142893606,2273195,5000,0,10000,145181801
1,0.1.0,model-level causal evidence; not a WAN measurement,decisive,100,best_tree1_candidate,41,1,false,1,511,142893606,3300795,5000,0,10000,146209401
1,0.1.0,model-level causal evidence; not a WAN measurement,decisive,100,best_tree1_candidate,41,2,true,1,511,142893606,3300795,5000,0,10000,146209401
1,0.1.0,model-level causal evidence; not a WAN measurement,decisive,100,best_tree1_candidate,42,0,false,1,511,143006006,2165600,5000,0,10000,145186606
1,0.1.0,model-level causal evidence; not a WAN measurement,decisive,100,best_tree1_candidate,42,1,false,1,511,143006006,3193200,5000,0,10000,146214206
1,0.1.0,model-level causal evidence; not a WAN measurement,decisive,100,best_tree1_candidate,42,2,true,1,511,143006006,3193200,5000,0,10000,146214206
1,0.1.0,model-level causal evidence; not a WAN measurement,decisive,100,best_tree1_candidate,43,0,false,1,511,143570006,2165600,5000,0,10000,145750606
1,0.1.0,model-level causal evidence; not a WAN measurement,decisive,100,best_tree1_candidate,43,1,false,1,511,143570006,3193200,5000,0,10000,146778206
1,0.1.0,model-level causal evidence; not a WAN measurement,decisive,100,best_tree1_candidate,43,2,true,1,511,143570006,3193200,5000,0,10000,146778206
1,0.1.0,model-level causal evidence; not a WAN measurement,decisive,100,best_tree1_candidate,44,0,false,1,511,143753610,2165600,5000,0,10000,145934210
1,0.1.0,model-level causal evidence; not a WAN measurement,decisive,100,best_tree1_candidate,44,1,false,1,511,143753610,3193200,5000,0,10000,146961810
1,0.1.0,model-level causal evidence; not a WAN measurement,decisive,100,best_tree1_candidate,44,2,true,1,511,143753610,3193200,5000,0,10000,146961810
1,0.1.0,model-level causal evidence; not a WAN measurement,decisive,100,best_tree1_candidate,45,0,false,1,511,141713203,2226798,5000,0,10000,143955001
1,0.1.0,model-level causal evidence; not a WAN measurement,decisive,100,best_tree1_candidate,45,1,false,1,511,141713203,3254398,5000,0,10000,144982601
1,0.1.0,model-level causal evidence; not a WAN measurement,decisive,100,best_tree1_candidate,45,2,true,1,511,141713203,3254398,5000,0,10000,144982601
1,0.1.0,model-level causal evidence; not a WAN measurement,decisive,100,best_tree1_candidate,46,0,false,1,511,142530405,2165600,5000,0,10000,144711005
1,0.1.0,model-level causal evidence; not a WAN measurement,decisive,100,best_tree1_candidate,46,1,false,1,511,142530405,3193200,5000,0,10000,145738605
1,0.1.0,model-level causal evidence; not a WAN measurement,decisive,100,best_tree1_candidate,46,2,true,1,511,142530405,3193200,5000,0,10000,145738605
1,0.1.0,model-level causal evidence; not a WAN measurement,decisive,100,best_tree1_candidate,47,0,false,1,511,141773229,2165600,5000,0,10000,143953829
1,0.1.0,model-level causal evidence; not a WAN measurement,decisive,100,best_tree1_candidate,47,1,false,1,511,141773229,3193200,5000,0,10000,144981429
1,0.1.0,model-level causal evidence; not a WAN measurement,decisive,100,best_tree1_candidate,47,2,true,1,511,141773229,3193200,5000,0,10000,144981429
1,0.1.0,model-level causal evidence; not a WAN measurement,decisive,100,best_tree1_candidate,48,0,false,1,511,143575202,2199199,5000,0,10000,145789401
1,0.1.0,model-level causal evidence; not a WAN measurement,decisive,100,best_tree1_candidate,48,1,false,1,511,143575202,3226799,5000,0,10000,146817001
1,0.1.0,model-level causal evidence; not a WAN measurement,decisive,100,best_tree1_candidate,48,2,true,1,511,143575202,3226799,5000,0,10000,146817001
1,0.1.0,model-level causal evidence; not a WAN measurement,decisive,100,best_tree1_candidate,49,0,false,1,511,143486802,2437599,5000,0,10000,145939401
1,0.1.0,model-level causal evidence; not a WAN measurement,decisive,100,best_tree1_candidate,49,1,false,1,511,143486802,3465199,5000,0,10000,146967001
1,0.1.0,model-level causal evidence; not a WAN measurement,decisive,100,best_tree1_candidate,49,2,true,1,511,143486802,3465199,5000,0,10000,146967001
1,0.1.0,model-level causal evidence; not a WAN measurement,decisive,100,best_tree1_candidate,50,0,false,1,511,142450803,2165600,5000,0,10000,144631403
1,0.1.0,model-level causal evidence; not a WAN measurement,decisive,100,best_tree1_candidate,50,1,false,1,511,142450803,3193200,5000,0,10000,145659003
1,0.1.0,model-level causal evidence; not a WAN measurement,decisive,100,best_tree1_candidate,50,2,true,1,511,142450803,3193200,5000,0,10000,145659003
1,0.1.0,model-level causal evidence; not a WAN measurement,decisive,100,best_tree1_candidate,51,0,false,1,511,144216403,2296398,5000,0,10000,146527801
1,0.1.0,model-level causal evidence; not a WAN measurement,decisive,100,best_tree1_candidate,51,1,false,1,511,144216403,3323998,5000,0,10000,147555401
1,0.1.0,model-level causal evidence; not a WAN measurement,decisive,100,best_tree1_candidate,51,2,true,1,511,144216403,3323998,5000,0,10000,147555401
1,0.1.0,model-level causal evidence; not a WAN measurement,decisive,100,best_tree1_candidate,52,0,false,1,511,142819613,2165600,5000,0,10000,145000213
1,0.1.0,model-level causal evidence; not a WAN measurement,decisive,100,best_tree1_candidate,52,1,false,1,511,142819613,3193200,5000,0,10000,146027813
1,0.1.0,model-level causal evidence; not a WAN measurement,decisive,100,best_tree1_candidate,52,2,true,1,511,142819613,3193200,5000,0,10000,146027813
1,0.1.0,model-level causal evidence; not a WAN measurement,decisive,100,best_tree1_candidate,53,0,false,1,511,143317602,2212800,5000,0,10000,145545402
1,0.1.0,model-level causal evidence; not a WAN measurement,decisive,100,best_tree1_candidate,53,1,false,1,511,143317602,3240400,5000,0,10000,146573002
1,0.1.0,model-level causal evidence; not a WAN measurement,decisive,100,best_tree1_candidate,53,2,true,1,511,143317602,3240400,5000,0,10000,146573002
1,0.1.0,model-level causal evidence; not a WAN measurement,decisive,100,best_tree1_candidate,54,0,false,1,511,143836002,2165600,5000,0,10000,146016602
1,0.1.0,model-level causal evidence; not a WAN measurement,decisive,100,best_tree1_candidate,54,1,false,1,511,143836002,3193200,5000,0,10000,147044202
1,0.1.0,model-level causal evidence; not a WAN measurement,decisive,100,best_tree1_candidate,54,2,true,1,511,143836002,3193200,5000,0,10000,147044202
1,0.1.0,model-level causal evidence; not a WAN measurement,decisive,100,best_tree1_candidate,55,0,false,1,511,143222805,2165600,5000,0,10000,145403405
1,0.1.0,model-level causal evidence; not a WAN measurement,decisive,100,best_tree1_candidate,55,1,false,1,511,143222805,3193200,5000,0,10000,146431005
1,0.1.0,model-level causal evidence; not a WAN measurement,decisive,100,best_tree1_candidate,55,2,true,1,511,143222805,3193200,5000,0,10000,146431005
1,0.1.0,model-level causal evidence; not a WAN measurement,decisive,100,best_tree1_candidate,56,0,false,1,511,142316806,2236795,5000,0,10000,144568601
1,0.1.0,model-level causal evidence; not a WAN measurement,decisive,100,best_tree1_candidate,56,1,false,1,511,142316806,3264395,5000,0,10000,145596201
1,0.1.0,model-level causal evidence; not a WAN measurement,decisive,100,best_tree1_candidate,56,2,true,1,511,142316806,3264395,5000,0,10000,145596201
1,0.1.0,model-level causal evidence; not a WAN measurement,decisive,100,best_tree1_candidate,57,0,false,1,511,142743218,2165600,5000,0,10000,144923818
1,0.1.0,model-level causal evidence; not a WAN measurement,decisive,100,best_tree1_candidate,57,1,false,1,511,142743218,3193200,5000,0,10000,145951418
1,0.1.0,model-level causal evidence; not a WAN measurement,decisive,100,best_tree1_candidate,57,2,true,1,511,142743218,3193200,5000,0,10000,145951418
1,0.1.0,model-level causal evidence; not a WAN measurement,decisive,100,best_tree1_candidate,58,0,false,1,511,143692002,2311199,5000,0,10000,146018201
1,0.1.0,model-level causal evidence; not a WAN measurement,decisive,100,best_tree1_candidate,58,1,false,1,511,143692002,3338799,5000,0,10000,147045801
1,0.1.0,model-level causal evidence; not a WAN measurement,decisive,100,best_tree1_candidate,58,2,true,1,511,143692002,3338799,5000,0,10000,147045801
1,0.1.0,model-level causal evidence; not a WAN measurement,decisive,100,best_tree1_candidate,59,0,false,1,511,143325602,2257999,5000,0,10000,145598601
1,0.1.0,model-level causal evidence; not a WAN measurement,decisive,100,best_tree1_candidate,59,1,false,1,511,143325602,3285599,5000,0,10000,146626201
1,0.1.0,model-level causal evidence; not a WAN measurement,decisive,100,best_tree1_candidate,59,2,true,1,511,143325602,3285599,5000,0,10000,146626201
1,0.1.0,model-level causal evidence; not a WAN measurement,decisive,100,best_tree1_candidate,60,0,false,1,511,143288026,2165600,5000,0,10000,145468626
1,0.1.0,model-level causal evidence; not a WAN measurement,decisive,100,best_tree1_candidate,60,1,false,1,511,143288026,3193200,5000,0,10000,146496226
1,0.1.0,model-level causal evidence; not a WAN measurement,decisive,100,best_tree1_candidate,60,2,true,1,511,143288026,3193200,5000,0,10000,146496226
1,0.1.0,model-level causal evidence; not a WAN measurement,decisive,100,best_tree1_candidate,61,0,false,1,511,144120002,2165600,5000,0,10000,146300602
1,0.1.0,model-level causal evidence; not a WAN measurement,decisive,100,best_tree1_candidate,61,1,false,1,511,144120002,3193200,5000,0,10000,147328202
1,0.1.0,model-level causal evidence; not a WAN measurement,decisive,100,best_tree1_candidate,61,2,true,1,511,144120002,3193200,5000,0,10000,147328202
1,0.1.0,model-level causal evidence; not a WAN measurement,decisive,100,best_tree1_candidate,62,0,false,1,511,143372807,2165600,5000,0,10000,145553407
1,0.1.0,model-level causal evidence; not a WAN measurement,decisive,100,best_tree1_candidate,62,1,false,1,511,143372807,3193200,5000,0,10000,146581007
1,0.1.0,model-level causal evidence; not a WAN measurement,decisive,100,best_tree1_candidate,62,2,true,1,511,143372807,3193200,5000,0,10000,146581007
1,0.1.0,model-level causal evidence; not a WAN measurement,decisive,100,best_tree1_candidate,63,0,false,1,511,142167605,2165600,5000,0,10000,144348205
1,0.1.0,model-level causal evidence; not a WAN measurement,decisive,100,best_tree1_candidate,63,1,false,1,511,142167605,3193200,5000,0,10000,145375805
1,0.1.0,model-level causal evidence; not a WAN measurement,decisive,100,best_tree1_candidate,63,2,true,1,511,142167605,3193200,5000,0,10000,145375805
1,0.1.0,model-level causal evidence; not a WAN measurement,decisive,100,best_tree1_candidate,64,0,false,1,511,142152007,2165600,5000,0,10000,144332607
1,0.1.0,model-level causal evidence; not a WAN measurement,decisive,100,best_tree1_candidate,64,1,false,1,511,142152007,3193200,5000,0,10000,145360207
1,0.1.0,model-level causal evidence; not a WAN measurement,decisive,100,best_tree1_candidate,64,2,true,1,511,142152007,3193200,5000,0,10000,145360207
1,0.1.0,model-level causal evidence; not a WAN measurement,decisive,100,best_tree1_candidate,65,0,false,1,511,143439207,2420394,5000,0,10000,145874601
1,0.1.0,model-level causal evidence; not a WAN measurement,decisive,100,best_tree1_candidate,65,1,false,1,511,143439207,3447994,5000,0,10000,146902201
1,0.1.0,model-level causal evidence; not a WAN measurement,decisive,100,best_tree1_candidate,65,2,true,1,511,143439207,3447994,5000,0,10000,146902201
1,0.1.0,model-level causal evidence; not a WAN measurement,decisive,100,best_tree1_candidate,66,0,false,1,511,142094807,2165600,5000,0,10000,144275407
1,0.1.0,model-level causal evidence; not a WAN measurement,decisive,100,best_tree1_candidate,66,1,false,1,511,142094807,3193200,5000,0,10000,145303007
1,0.1.0,model-level causal evidence; not a WAN measurement,decisive,100,best_tree1_candidate,66,2,true,1,511,142094807,3193200,5000,0,10000,145303007
1,0.1.0,model-level causal evidence; not a WAN measurement,decisive,100,best_tree1_candidate,67,0,false,1,511,141976005,2165600,5000,0,10000,144156605
1,0.1.0,model-level causal evidence; not a WAN measurement,decisive,100,best_tree1_candidate,67,1,false,1,511,141976005,3193200,5000,0,10000,145184205
1,0.1.0,model-level causal evidence; not a WAN measurement,decisive,100,best_tree1_candidate,67,2,true,1,511,141976005,3193200,5000,0,10000,145184205
1,0.1.0,model-level causal evidence; not a WAN measurement,decisive,100,best_tree1_candidate,68,0,false,1,511,144366802,2165600,5000,0,10000,146547402
1,0.1.0,model-level causal evidence; not a WAN measurement,decisive,100,best_tree1_candidate,68,1,false,1,511,144366802,3193200,5000,0,10000,147575002
1,0.1.0,model-level causal evidence; not a WAN measurement,decisive,100,best_tree1_candidate,68,2,true,1,511,144366802,3193200,5000,0,10000,147575002
1,0.1.0,model-level causal evidence; not a WAN measurement,decisive,100,best_tree1_candidate,69,0,false,1,511,142788803,2165600,5000,0,10000,144969403
1,0.1.0,model-level causal evidence; not a WAN measurement,decisive,100,best_tree1_candidate,69,1,false,1,511,142788803,3193200,5000,0,10000,145997003
1,0.1.0,model-level causal evidence; not a WAN measurement,decisive,100,best_tree1_candidate,69,2,true,1,511,142788803,3193200,5000,0,10000,145997003
1,0.1.0,model-level causal evidence; not a WAN measurement,decisive,100,best_tree1_candidate,70,0,false,1,511,142196406,2634799,5000,0,10000,144846205
1,0.1.0,model-level causal evidence; not a WAN measurement,decisive,100,best_tree1_candidate,70,1,false,1,511,142196406,3662399,5000,0,10000,145873805
1,0.1.0,model-level causal evidence; not a WAN measurement,decisive,100,best_tree1_candidate,70,2,true,1,511,142196406,3662399,5000,0,10000,145873805
1,0.1.0,model-level causal evidence; not a WAN measurement,decisive,100,best_tree1_candidate,71,0,false,1,511,142747605,2165600,5000,0,10000,144928205
1,0.1.0,model-level causal evidence; not a WAN measurement,decisive,100,best_tree1_candidate,71,1,false,1,511,142747605,3193200,5000,0,10000,145955805
1,0.1.0,model-level causal evidence; not a WAN measurement,decisive,100,best_tree1_candidate,71,2,true,1,511,142747605,3193200,5000,0,10000,145955805
1,0.1.0,model-level causal evidence; not a WAN measurement,decisive,100,best_tree1_candidate,72,0,false,1,511,141601604,2165600,5000,0,10000,143782204
1,0.1.0,model-level causal evidence; not a WAN measurement,decisive,100,best_tree1_candidate,72,1,false,1,511,141601604,3193200,5000,0,10000,144809804
1,0.1.0,model-level causal evidence; not a WAN measurement,decisive,100,best_tree1_candidate,72,2,true,1,511,141601604,3193200,5000,0,10000,144809804
1,0.1.0,model-level causal evidence; not a WAN measurement,decisive,100,best_tree1_candidate,73,0,false,1,511,142883604,2165600,5000,0,10000,145064204
1,0.1.0,model-level causal evidence; not a WAN measurement,decisive,100,best_tree1_candidate,73,1,false,1,511,142883604,3193200,5000,0,10000,146091804
1,0.1.0,model-level causal evidence; not a WAN measurement,decisive,100,best_tree1_candidate,73,2,true,1,511,142883604,3193200,5000,0,10000,146091804
1,0.1.0,model-level causal evidence; not a WAN measurement,decisive,100,best_tree1_candidate,74,0,false,1,511,144423602,2435999,5000,0,10000,146874601
1,0.1.0,model-level causal evidence; not a WAN measurement,decisive,100,best_tree1_candidate,74,1,false,1,511,144423602,3463599,5000,0,10000,147902201
1,0.1.0,model-level causal evidence; not a WAN measurement,decisive,100,best_tree1_candidate,74,2,true,1,511,144423602,3463599,5000,0,10000,147902201
1,0.1.0,model-level causal evidence; not a WAN measurement,decisive,100,best_tree1_candidate,75,0,false,1,511,142873202,2165600,5000,0,10000,145053802
1,0.1.0,model-level causal evidence; not a WAN measurement,decisive,100,best_tree1_candidate,75,1,false,1,511,142873202,3193200,5000,0,10000,146081402
1,0.1.0,model-level causal evidence; not a WAN measurement,decisive,100,best_tree1_candidate,75,2,true,1,511,142873202,3193200,5000,0,10000,146081402
1,0.1.0,model-level causal evidence; not a WAN measurement,decisive,100,best_tree1_candidate,76,0,false,1,511,143502402,2165600,5000,0,10000,145683002
1,0.1.0,model-level causal evidence; not a WAN measurement,decisive,100,best_tree1_candidate,76,1,false,1,511,143502402,3193200,5000,0,10000,146710602
1,0.1.0,model-level causal evidence; not a WAN measurement,decisive,100,best_tree1_candidate,76,2,true,1,511,143502402,3193200,5000,0,10000,146710602
1,0.1.0,model-level causal evidence; not a WAN measurement,decisive,100,best_tree1_candidate,77,0,false,1,511,142984405,2186397,5000,0,10000,145185802
1,0.1.0,model-level causal evidence; not a WAN measurement,decisive,100,best_tree1_candidate,77,1,false,1,511,142984405,3213997,5000,0,10000,146213402
1,0.1.0,model-level causal evidence; not a WAN measurement,decisive,100,best_tree1_candidate,77,2,true,1,511,142984405,3213997,5000,0,10000,146213402
1,0.1.0,model-level causal evidence; not a WAN measurement,decisive,100,best_tree1_candidate,78,0,false,1,511,143388405,2333196,5000,0,10000,145736601
1,0.1.0,model-level causal evidence; not a WAN measurement,decisive,100,best_tree1_candidate,78,1,false,1,511,143388405,3360796,5000,0,10000,146764201
1,0.1.0,model-level causal evidence; not a WAN measurement,decisive,100,best_tree1_candidate,78,2,true,1,511,143388405,3360796,5000,0,10000,146764201
1,0.1.0,model-level causal evidence; not a WAN measurement,decisive,100,best_tree1_candidate,79,0,false,1,511,142463203,2165600,5000,0,10000,144643803
1,0.1.0,model-level causal evidence; not a WAN measurement,decisive,100,best_tree1_candidate,79,1,false,1,511,142463203,3193200,5000,0,10000,145671403
1,0.1.0,model-level causal evidence; not a WAN measurement,decisive,100,best_tree1_candidate,79,2,true,1,511,142463203,3193200,5000,0,10000,145671403
1,0.1.0,model-level causal evidence; not a WAN measurement,decisive,100,best_tree1_candidate,80,0,false,1,511,142076804,2165600,5000,0,10000,144257404
1,0.1.0,model-level causal evidence; not a WAN measurement,decisive,100,best_tree1_candidate,80,1,false,1,511,142076804,3193200,5000,0,10000,145285004
1,0.1.0,model-level causal evidence; not a WAN measurement,decisive,100,best_tree1_candidate,80,2,true,1,511,142076804,3193200,5000,0,10000,145285004
1,0.1.0,model-level causal evidence; not a WAN measurement,decisive,100,best_tree1_candidate,81,0,false,1,511,143337602,2328799,5000,0,10000,145681401
1,0.1.0,model-level causal evidence; not a WAN measurement,decisive,100,best_tree1_candidate,81,1,false,1,511,143337602,3356399,5000,0,10000,146709001
1,0.1.0,model-level causal evidence; not a WAN measurement,decisive,100,best_tree1_candidate,81,2,true,1,511,143337602,3356399,5000,0,10000,146709001
1,0.1.0,model-level causal evidence; not a WAN measurement,decisive,100,best_tree1_candidate,82,0,false,1,511,142818403,2165600,5000,0,10000,144999003
1,0.1.0,model-level causal evidence; not a WAN measurement,decisive,100,best_tree1_candidate,82,1,false,1,511,142818403,3193200,5000,0,10000,146026603
1,0.1.0,model-level causal evidence; not a WAN measurement,decisive,100,best_tree1_candidate,82,2,true,1,511,142818403,3193200,5000,0,10000,146026603
1,0.1.0,model-level causal evidence; not a WAN measurement,decisive,100,best_tree1_candidate,83,0,false,1,511,143017603,2165600,5000,0,10000,145198203
1,0.1.0,model-level causal evidence; not a WAN measurement,decisive,100,best_tree1_candidate,83,1,false,1,511,143017603,3193200,5000,0,10000,146225803
1,0.1.0,model-level causal evidence; not a WAN measurement,decisive,100,best_tree1_candidate,83,2,true,1,511,143017603,3193200,5000,0,10000,146225803
1,0.1.0,model-level causal evidence; not a WAN measurement,decisive,100,best_tree1_candidate,84,0,false,1,511,142510803,2165600,5000,0,10000,144691403
1,0.1.0,model-level causal evidence; not a WAN measurement,decisive,100,best_tree1_candidate,84,1,false,1,511,142510803,3193200,5000,0,10000,145719003
1,0.1.0,model-level causal evidence; not a WAN measurement,decisive,100,best_tree1_candidate,84,2,true,1,511,142510803,3193200,5000,0,10000,145719003
1,0.1.0,model-level causal evidence; not a WAN measurement,decisive,100,best_tree1_candidate,85,0,false,1,511,142834009,2165600,5000,0,10000,145014609
1,0.1.0,model-level causal evidence; not a WAN measurement,decisive,100,best_tree1_candidate,85,1,false,1,511,142834009,3193200,5000,0,10000,146042209
1,0.1.0,model-level causal evidence; not a WAN measurement,decisive,100,best_tree1_candidate,85,2,true,1,511,142834009,3193200,5000,0,10000,146042209
1,0.1.0,model-level causal evidence; not a WAN measurement,decisive,100,best_tree1_candidate,86,0,false,1,511,142678811,2165600,5000,0,10000,144859411
1,0.1.0,model-level causal evidence; not a WAN measurement,decisive,100,best_tree1_candidate,86,1,false,1,511,142678811,3193200,5000,0,10000,145887011
1,0.1.0,model-level causal evidence; not a WAN measurement,decisive,100,best_tree1_candidate,86,2,true,1,511,142678811,3193200,5000,0,10000,145887011
1,0.1.0,model-level causal evidence; not a WAN measurement,decisive,100,best_tree1_candidate,87,0,false,1,511,143991604,2165600,5000,0,10000,146172204
1,0.1.0,model-level causal evidence; not a WAN measurement,decisive,100,best_tree1_candidate,87,1,false,1,511,143991604,3193200,5000,0,10000,147199804
1,0.1.0,model-level causal evidence; not a WAN measurement,decisive,100,best_tree1_candidate,87,2,true,1,511,143991604,3193200,5000,0,10000,147199804
1,0.1.0,model-level causal evidence; not a WAN measurement,decisive,100,best_tree1_candidate,88,0,false,1,511,142625202,2212800,5000,0,10000,144853002
1,0.1.0,model-level causal evidence; not a WAN measurement,decisive,100,best_tree1_candidate,88,1,false,1,511,142625202,3240400,5000,0,10000,145880602
1,0.1.0,model-level causal evidence; not a WAN measurement,decisive,100,best_tree1_candidate,88,2,true,1,511,142625202,3240400,5000,0,10000,145880602
1,0.1.0,model-level causal evidence; not a WAN measurement,decisive,100,best_tree1_candidate,89,0,false,1,511,142090002,2333599,5000,0,10000,144438601
1,0.1.0,model-level causal evidence; not a WAN measurement,decisive,100,best_tree1_candidate,89,1,false,1,511,142090002,3361199,5000,0,10000,145466201
1,0.1.0,model-level causal evidence; not a WAN measurement,decisive,100,best_tree1_candidate,89,2,true,1,511,142090002,3361199,5000,0,10000,145466201
1,0.1.0,model-level causal evidence; not a WAN measurement,decisive,100,best_tree1_candidate,90,0,false,1,511,142948806,2165600,5000,0,10000,145129406
1,0.1.0,model-level causal evidence; not a WAN measurement,decisive,100,best_tree1_candidate,90,1,false,1,511,142948806,3193200,5000,0,10000,146157006
1,0.1.0,model-level causal evidence; not a WAN measurement,decisive,100,best_tree1_candidate,90,2,true,1,511,142948806,3193200,5000,0,10000,146157006
1,0.1.0,model-level causal evidence; not a WAN measurement,decisive,100,best_tree1_candidate,91,0,false,1,511,144221611,2165600,5000,0,10000,146402211
1,0.1.0,model-level causal evidence; not a WAN measurement,decisive,100,best_tree1_candidate,91,1,false,1,511,144221611,3193200,5000,0,10000,147429811
1,0.1.0,model-level causal evidence; not a WAN measurement,decisive,100,best_tree1_candidate,91,2,true,1,511,144221611,3193200,5000,0,10000,147429811
1,0.1.0,model-level causal evidence; not a WAN measurement,decisive,100,best_tree1_candidate,92,0,false,1,511,142679202,2165600,5000,0,10000,144859802
1,0.1.0,model-level causal evidence; not a WAN measurement,decisive,100,best_tree1_candidate,92,1,false,1,511,142679202,3193200,5000,0,10000,145887402
1,0.1.0,model-level causal evidence; not a WAN measurement,decisive,100,best_tree1_candidate,92,2,true,1,511,142679202,3193200,5000,0,10000,145887402
1,0.1.0,model-level causal evidence; not a WAN measurement,decisive,100,best_tree1_candidate,93,0,false,1,511,143920804,2165600,5000,0,10000,146101404
1,0.1.0,model-level causal evidence; not a WAN measurement,decisive,100,best_tree1_candidate,93,1,false,1,511,143920804,3193200,5000,0,10000,147129004
1,0.1.0,model-level causal evidence; not a WAN measurement,decisive,100,best_tree1_candidate,93,2,true,1,511,143920804,3193200,5000,0,10000,147129004
1,0.1.0,model-level causal evidence; not a WAN measurement,decisive,100,best_tree1_candidate,94,0,false,1,511,142774809,2165600,5000,0,10000,144955409
1,0.1.0,model-level causal evidence; not a WAN measurement,decisive,100,best_tree1_candidate,94,1,false,1,511,142774809,3193200,5000,0,10000,145983009
1,0.1.0,model-level causal evidence; not a WAN measurement,decisive,100,best_tree1_candidate,94,2,true,1,511,142774809,3193200,5000,0,10000,145983009
1,0.1.0,model-level causal evidence; not a WAN measurement,decisive,100,best_tree1_candidate,95,0,false,1,511,142490802,2165600,5000,0,10000,144671402
1,0.1.0,model-level causal evidence; not a WAN measurement,decisive,100,best_tree1_candidate,95,1,false,1,511,142490802,3193200,5000,0,10000,145699002
1,0.1.0,model-level causal evidence; not a WAN measurement,decisive,100,best_tree1_candidate,95,2,true,1,511,142490802,3193200,5000,0,10000,145699002
1,0.1.0,model-level causal evidence; not a WAN measurement,decisive,100,best_tree1_candidate,96,0,false,1,511,144317602,2212800,5000,0,10000,146545402
1,0.1.0,model-level causal evidence; not a WAN measurement,decisive,100,best_tree1_candidate,96,1,false,1,511,144317602,3240400,5000,0,10000,147573002
1,0.1.0,model-level causal evidence; not a WAN measurement,decisive,100,best_tree1_candidate,96,2,true,1,511,144317602,3240400,5000,0,10000,147573002
1,0.1.0,model-level causal evidence; not a WAN measurement,decisive,100,best_tree1_candidate,97,0,false,1,511,144175206,2165600,5000,0,10000,146355806
1,0.1.0,model-level causal evidence; not a WAN measurement,decisive,100,best_tree1_candidate,97,1,false,1,511,144175206,3193200,5000,0,10000,147383406
1,0.1.0,model-level causal evidence; not a WAN measurement,decisive,100,best_tree1_candidate,97,2,true,1,511,144175206,3193200,5000,0,10000,147383406
1,0.1.0,model-level causal evidence; not a WAN measurement,decisive,100,best_tree1_candidate,98,0,false,1,511,142802805,2165600,5000,0,10000,144983405
1,0.1.0,model-level causal evidence; not a WAN measurement,decisive,100,best_tree1_candidate,98,1,false,1,511,142802805,3193200,5000,0,10000,146011005
1,0.1.0,model-level causal evidence; not a WAN measurement,decisive,100,best_tree1_candidate,98,2,true,1,511,142802805,3193200,5000,0,10000,146011005
1,0.1.0,model-level causal evidence; not a WAN measurement,decisive,100,best_tree1_candidate,99,0,false,1,511,144747605,2165600,5000,0,10000,146928205
1,0.1.0,model-level causal evidence; not a WAN measurement,decisive,100,best_tree1_candidate,99,1,false,1,511,144747605,3193200,5000,0,10000,147955805
1,0.1.0,model-level causal evidence; not a WAN measurement,decisive,100,best_tree1_candidate,99,2,true,1,511,144747605,3193200,5000,0,10000,147955805
1,0.1.0,model-level causal evidence; not a WAN measurement,decisive,100,best_tree1_candidate,100,0,false,1,511,143074403,2165600,5000,0,10000,145255003
1,0.1.0,model-level causal evidence; not a WAN measurement,decisive,100,best_tree1_candidate,100,1,false,1,511,143074403,3193200,5000,0,10000,146282603
1,0.1.0,model-level causal evidence; not a WAN measurement,decisive,100,best_tree1_candidate,100,2,true,1,511,143074403,3193200,5000,0,10000,146282603
1,0.1.0,model-level causal evidence; not a WAN measurement,decisive,100,best_tree1_candidate,101,0,false,1,511,143624803,2270398,5000,0,10000,145910201
1,0.1.0,model-level causal evidence; not a WAN measurement,decisive,100,best_tree1_candidate,101,1,false,1,511,143624803,3297998,5000,0,10000,146937801
1,0.1.0,model-level causal evidence; not a WAN measurement,decisive,100,best_tree1_candidate,101,2,true,1,511,143624803,3297998,5000,0,10000,146937801
1,0.1.0,model-level causal evidence; not a WAN measurement,decisive,100,best_tree1_candidate,102,0,false,1,511,142833606,2165600,5000,0,10000,145014206
1,0.1.0,model-level causal evidence; not a WAN measurement,decisive,100,best_tree1_candidate,102,1,false,1,511,142833606,3193200,5000,0,10000,146041806
1,0.1.0,model-level causal evidence; not a WAN measurement,decisive,100,best_tree1_candidate,102,2,true,1,511,142833606,3193200,5000,0,10000,146041806
1,0.1.0,model-level causal evidence; not a WAN measurement,decisive,100,best_tree1_candidate,103,0,false,1,511,142317203,2165600,5000,0,10000,144497803
1,0.1.0,model-level causal evidence; not a WAN measurement,decisive,100,best_tree1_candidate,103,1,false,1,511,142317203,3193200,5000,0,10000,145525403
1,0.1.0,model-level causal evidence; not a WAN measurement,decisive,100,best_tree1_candidate,103,2,true,1,511,142317203,3193200,5000,0,10000,145525403
1,0.1.0,model-level causal evidence; not a WAN measurement,decisive,100,best_tree1_candidate,104,0,false,1,511,143510402,2431999,5000,0,10000,145957401
1,0.1.0,model-level causal evidence; not a WAN measurement,decisive,100,best_tree1_candidate,104,1,false,1,511,143510402,3459599,5000,0,10000,146985001
1,0.1.0,model-level causal evidence; not a WAN measurement,decisive,100,best_tree1_candidate,104,2,true,1,511,143510402,3459599,5000,0,10000,146985001
1,0.1.0,model-level causal evidence; not a WAN measurement,decisive,100,best_tree1_candidate,105,0,false,1,511,143989605,2165600,5000,0,10000,146170205
1,0.1.0,model-level causal evidence; not a WAN measurement,decisive,100,best_tree1_candidate,105,1,false,1,511,143989605,3193200,5000,0,10000,147197805
1,0.1.0,model-level causal evidence; not a WAN measurement,decisive,100,best_tree1_candidate,105,2,true,1,511,143989605,3193200,5000,0,10000,147197805
1,0.1.0,model-level causal evidence; not a WAN measurement,decisive,100,best_tree1_candidate,106,0,false,1,511,143214808,2191593,5000,0,10000,145421401
1,0.1.0,model-level causal evidence; not a WAN measurement,decisive,100,best_tree1_candidate,106,1,false,1,511,143214808,3219193,5000,0,10000,146449001
1,0.1.0,model-level causal evidence; not a WAN measurement,decisive,100,best_tree1_candidate,106,2,true,1,511,143214808,3219193,5000,0,10000,146449001
1,0.1.0,model-level causal evidence; not a WAN measurement,decisive,100,best_tree1_candidate,107,0,false,1,511,142591602,2165600,5000,0,10000,144772202
1,0.1.0,model-level causal evidence; not a WAN measurement,decisive,100,best_tree1_candidate,107,1,false,1,511,142591602,3193200,5000,0,10000,145799802
1,0.1.0,model-level causal evidence; not a WAN measurement,decisive,100,best_tree1_candidate,107,2,true,1,511,142591602,3193200,5000,0,10000,145799802
1,0.1.0,model-level causal evidence; not a WAN measurement,decisive,100,best_tree1_candidate,108,0,false,1,511,142891602,2257999,5000,0,10000,145164601
1,0.1.0,model-level causal evidence; not a WAN measurement,decisive,100,best_tree1_candidate,108,1,false,1,511,142891602,3285599,5000,0,10000,146192201
1,0.1.0,model-level causal evidence; not a WAN measurement,decisive,100,best_tree1_candidate,108,2,true,1,511,142891602,3285599,5000,0,10000,146192201
1,0.1.0,model-level causal evidence; not a WAN measurement,decisive,100,best_tree1_candidate,109,0,false,1,511,142992805,2234399,5000,0,10000,145242204
1,0.1.0,model-level causal evidence; not a WAN measurement,decisive,100,best_tree1_candidate,109,1,false,1,511,142992805,3261999,5000,0,10000,146269804
1,0.1.0,model-level causal evidence; not a WAN measurement,decisive,100,best_tree1_candidate,109,2,true,1,511,142992805,3261999,5000,0,10000,146269804
1,0.1.0,model-level causal evidence; not a WAN measurement,decisive,100,best_tree1_candidate,110,0,false,1,511,143063214,2165600,5000,0,10000,145243814
1,0.1.0,model-level causal evidence; not a WAN measurement,decisive,100,best_tree1_candidate,110,1,false,1,511,143063214,3193200,5000,0,10000,146271414
1,0.1.0,model-level causal evidence; not a WAN measurement,decisive,100,best_tree1_candidate,110,2,true,1,511,143063214,3193200,5000,0,10000,146271414
1,0.1.0,model-level causal evidence; not a WAN measurement,decisive,100,best_tree1_candidate,111,0,false,1,511,142542004,2165600,5000,0,10000,144722604
1,0.1.0,model-level causal evidence; not a WAN measurement,decisive,100,best_tree1_candidate,111,1,false,1,511,142542004,3193200,5000,0,10000,145750204
1,0.1.0,model-level causal evidence; not a WAN measurement,decisive,100,best_tree1_candidate,111,2,true,1,511,142542004,3193200,5000,0,10000,145750204
1,0.1.0,model-level causal evidence; not a WAN measurement,decisive,100,best_tree1_candidate,112,0,false,1,511,143076804,2165600,5000,0,10000,145257404
1,0.1.0,model-level causal evidence; not a WAN measurement,decisive,100,best_tree1_candidate,112,1,false,1,511,143076804,3193200,5000,0,10000,146285004
1,0.1.0,model-level causal evidence; not a WAN measurement,decisive,100,best_tree1_candidate,112,2,true,1,511,143076804,3193200,5000,0,10000,146285004
1,0.1.0,model-level causal evidence; not a WAN measurement,decisive,100,best_tree1_candidate,113,0,false,1,511,142966404,2165600,5000,0,10000,145147004
1,0.1.0,model-level causal evidence; not a WAN measurement,decisive,100,best_tree1_candidate,113,1,false,1,511,142966404,3193200,5000,0,10000,146174604
1,0.1.0,model-level causal evidence; not a WAN measurement,decisive,100,best_tree1_candidate,113,2,true,1,511,142966404,3193200,5000,0,10000,146174604
1,0.1.0,model-level causal evidence; not a WAN measurement,decisive,100,best_tree1_candidate,114,0,false,1,511,143026808,2165600,5000,0,10000,145207408
1,0.1.0,model-level causal evidence; not a WAN measurement,decisive,100,best_tree1_candidate,114,1,false,1,511,143026808,3193200,5000,0,10000,146235008
1,0.1.0,model-level causal evidence; not a WAN measurement,decisive,100,best_tree1_candidate,114,2,true,1,511,143026808,3193200,5000,0,10000,146235008
1,0.1.0,model-level causal evidence; not a WAN measurement,decisive,100,best_tree1_candidate,115,0,false,1,511,142240808,2165600,5000,0,10000,144421408
1,0.1.0,model-level causal evidence; not a WAN measurement,decisive,100,best_tree1_candidate,115,1,false,1,511,142240808,3193200,5000,0,10000,145449008
1,0.1.0,model-level causal evidence; not a WAN measurement,decisive,100,best_tree1_candidate,115,2,true,1,511,142240808,3193200,5000,0,10000,145449008
1,0.1.0,model-level causal evidence; not a WAN measurement,decisive,100,best_tree1_candidate,116,0,false,1,511,142853205,2386400,5000,0,10000,145254605
1,0.1.0,model-level causal evidence; not a WAN measurement,decisive,100,best_tree1_candidate,116,1,false,1,511,142853205,3414000,5000,0,10000,146282205
1,0.1.0,model-level causal evidence; not a WAN measurement,decisive,100,best_tree1_candidate,116,2,true,1,511,142853205,3414000,5000,0,10000,146282205
1,0.1.0,model-level causal evidence; not a WAN measurement,decisive,100,best_tree1_candidate,117,0,false,1,511,142568003,2265598,5000,0,10000,144848601
1,0.1.0,model-level causal evidence; not a WAN measurement,decisive,100,best_tree1_candidate,117,1,false,1,511,142568003,3293198,5000,0,10000,145876201
1,0.1.0,model-level causal evidence; not a WAN measurement,decisive,100,best_tree1_candidate,117,2,true,1,511,142568003,3293198,5000,0,10000,145876201
1,0.1.0,model-level causal evidence; not a WAN measurement,decisive,100,best_tree1_candidate,118,0,false,1,511,143605203,2165600,5000,0,10000,145785803
1,0.1.0,model-level causal evidence; not a WAN measurement,decisive,100,best_tree1_candidate,118,1,false,1,511,143605203,3193200,5000,0,10000,146813403
1,0.1.0,model-level causal evidence; not a WAN measurement,decisive,100,best_tree1_candidate,118,2,true,1,511,143605203,3193200,5000,0,10000,146813403
1,0.1.0,model-level causal evidence; not a WAN measurement,decisive,100,best_tree1_candidate,119,0,false,1,511,143211207,2165600,5000,0,10000,145391807
1,0.1.0,model-level causal evidence; not a WAN measurement,decisive,100,best_tree1_candidate,119,1,false,1,511,143211207,3193200,5000,0,10000,146419407
1,0.1.0,model-level causal evidence; not a WAN measurement,decisive,100,best_tree1_candidate,119,2,true,1,511,143211207,3193200,5000,0,10000,146419407
1,0.1.0,model-level causal evidence; not a WAN measurement,decisive,100,best_tree1_candidate,120,0,false,1,511,142076804,2364797,5000,0,10000,144456601
1,0.1.0,model-level causal evidence; not a WAN measurement,decisive,100,best_tree1_candidate,120,1,false,1,511,142076804,3392397,5000,0,10000,145484201
1,0.1.0,model-level causal evidence; not a WAN measurement,decisive,100,best_tree1_candidate,120,2,true,1,511,142076804,3392397,5000,0,10000,145484201
1,0.1.0,model-level causal evidence; not a WAN measurement,decisive,100,best_tree1_candidate,121,0,false,1,511,142532810,2497991,5000,0,10000,145045801
1,0.1.0,model-level causal evidence; not a WAN measurement,decisive,100,best_tree1_candidate,121,1,false,1,511,142532810,3525591,5000,0,10000,146073401
1,0.1.0,model-level causal evidence; not a WAN measurement,decisive,100,best_tree1_candidate,121,2,true,1,511,142532810,3525591,5000,0,10000,146073401
1,0.1.0,model-level causal evidence; not a WAN measurement,decisive,100,best_tree1_candidate,122,0,false,1,511,143092402,2165600,5000,0,10000,145273002
1,0.1.0,model-level causal evidence; not a WAN measurement,decisive,100,best_tree1_candidate,122,1,false,1,511,143092402,3193200,5000,0,10000,146300602
1,0.1.0,model-level causal evidence; not a WAN measurement,decisive,100,best_tree1_candidate,122,2,true,1,511,143092402,3193200,5000,0,10000,146300602
1,0.1.0,model-level causal evidence; not a WAN measurement,decisive,100,best_tree1_candidate,123,0,false,1,511,144240808,2165600,5000,0,10000,146421408
1,0.1.0,model-level causal evidence; not a WAN measurement,decisive,100,best_tree1_candidate,123,1,false,1,511,144240808,3193200,5000,0,10000,147449008
1,0.1.0,model-level causal evidence; not a WAN measurement,decisive,100,best_tree1_candidate,123,2,true,1,511,144240808,3193200,5000,0,10000,147449008
1,0.1.0,model-level causal evidence; not a WAN measurement,decisive,100,best_tree1_candidate,124,0,false,1,511,142758803,2404398,5000,0,10000,145178201
1,0.1.0,model-level causal evidence; not a WAN measurement,decisive,100,best_tree1_candidate,124,1,false,1,511,142758803,3431998,5000,0,10000,146205801
1,0.1.0,model-level causal evidence; not a WAN measurement,decisive,100,best_tree1_candidate,124,2,true,1,511,142758803,3431998,5000,0,10000,146205801
1,0.1.0,model-level causal evidence; not a WAN measurement,decisive,100,best_tree1_candidate,125,0,false,1,511,144258406,2165600,5000,0,10000,146439006
1,0.1.0,model-level causal evidence; not a WAN measurement,decisive,100,best_tree1_candidate,125,1,false,1,511,144258406,3193200,5000,0,10000,147466606
1,0.1.0,model-level causal evidence; not a WAN measurement,decisive,100,best_tree1_candidate,125,2,true,1,511,144258406,3193200,5000,0,10000,147466606
1,0.1.0,model-level causal evidence; not a WAN measurement,decisive,100,best_tree1_candidate,126,0,false,1,511,143196402,2165600,5000,0,10000,145377002
1,0.1.0,model-level causal evidence; not a WAN measurement,decisive,100,best_tree1_candidate,126,1,false,1,511,143196402,3193200,5000,0,10000,146404602
1,0.1.0,model-level causal evidence; not a WAN measurement,decisive,100,best_tree1_candidate,126,2,true,1,511,143196402,3193200,5000,0,10000,146404602
1,0.1.0,model-level causal evidence; not a WAN measurement,decisive,100,best_tree1_candidate,127,0,false,1,511,143510803,2165600,5000,0,10000,145691403
1,0.1.0,model-level causal evidence; not a WAN measurement,decisive,100,best_tree1_candidate,127,1,false,1,511,143510803,3193200,5000,0,10000,146719003
1,0.1.0,model-level causal evidence; not a WAN measurement,decisive,100,best_tree1_candidate,127,2,true,1,511,143510803,3193200,5000,0,10000,146719003
1,0.1.0,model-level causal evidence; not a WAN measurement,reduced_rounds_slice,0,pooled_rounds,0,0,false,0,257,77147203,2248400,5000,0,10000,79410603
1,0.1.0,model-level causal evidence; not a WAN measurement,reduced_rounds_slice,0,pooled_rounds,0,1,false,0,257,77147203,3276000,5000,0,10000,80438203
1,0.1.0,model-level causal evidence; not a WAN measurement,reduced_rounds_slice,0,pooled_rounds,0,2,true,0,257,77147203,3276000,5000,0,10000,80438203
1,0.1.0,model-level causal evidence; not a WAN measurement,reduced_rounds_slice,0,pooled_rounds,1,0,false,0,257,77435203,2329998,5000,0,10000,79780201
1,0.1.0,model-level causal evidence; not a WAN measurement,reduced_rounds_slice,0,pooled_rounds,1,1,false,0,257,77435203,3357598,5000,0,10000,80807801
1,0.1.0,model-level causal evidence; not a WAN measurement,reduced_rounds_slice,0,pooled_rounds,1,2,true,0,257,77435203,3357598,5000,0,10000,80807801
1,0.1.0,model-level causal evidence; not a WAN measurement,reduced_rounds_slice,0,pooled_rounds,2,0,false,1,257,78090402,2453199,5000,0,10000,80558601
1,0.1.0,model-level causal evidence; not a WAN measurement,reduced_rounds_slice,0,pooled_rounds,2,1,false,1,257,78090402,3480799,5000,0,10000,81586201
1,0.1.0,model-level causal evidence; not a WAN measurement,reduced_rounds_slice,0,pooled_rounds,2,2,true,1,257,78090402,3480799,5000,0,10000,81586201
1,0.1.0,model-level causal evidence; not a WAN measurement,reduced_rounds_slice,0,pooled_rounds,3,0,false,0,257,77662404,2440397,5000,0,10000,80117801
1,0.1.0,model-level causal evidence; not a WAN measurement,reduced_rounds_slice,0,pooled_rounds,3,1,false,0,257,77662404,3467997,5000,0,10000,81145401
1,0.1.0,model-level causal evidence; not a WAN measurement,reduced_rounds_slice,0,pooled_rounds,3,2,true,0,257,77662404,3467997,5000,0,10000,81145401
1,0.1.0,model-level causal evidence; not a WAN measurement,reduced_rounds_slice,0,pooled_rounds,4,0,false,1,257,76311223,2248400,5000,0,10000,78574623
1,0.1.0,model-level causal evidence; not a WAN measurement,reduced_rounds_slice,0,pooled_rounds,4,1,false,1,257,76311223,3276000,5000,0,10000,79602223
1,0.1.0,model-level causal evidence; not a WAN measurement,reduced_rounds_slice,0,pooled_rounds,4,2,true,1,257,76311223,3276000,5000,0,10000,79602223
1,0.1.0,model-level causal evidence; not a WAN measurement,reduced_rounds_slice,0,pooled_rounds,5,0,false,1,259,76656803,2248400,5000,0,10000,78920203
1,0.1.0,model-level causal evidence; not a WAN measurement,reduced_rounds_slice,0,pooled_rounds,5,1,false,1,259,76656803,3276000,5000,0,10000,79947803
1,0.1.0,model-level causal evidence; not a WAN measurement,reduced_rounds_slice,0,pooled_rounds,5,2,true,1,259,76656803,3276000,5000,0,10000,79947803
1,0.1.0,model-level causal evidence; not a WAN measurement,reduced_rounds_slice,0,pooled_rounds,6,0,false,0,257,78201607,2248400,5000,0,10000,80465007
1,0.1.0,model-level causal evidence; not a WAN measurement,reduced_rounds_slice,0,pooled_rounds,6,1,false,0,257,78201607,3276000,5000,0,10000,81492607
1,0.1.0,model-level causal evidence; not a WAN measurement,reduced_rounds_slice,0,pooled_rounds,6,2,true,0,257,78201607,3276000,5000,0,10000,81492607
1,0.1.0,model-level causal evidence; not a WAN measurement,reduced_rounds_slice,0,pooled_rounds,7,0,false,1,257,78038411,2873990,5000,0,10000,80927401
1,0.1.0,model-level causal evidence; not a WAN measurement,reduced_rounds_slice,0,pooled_rounds,7,1,false,1,257,78038411,3901590,5000,0,10000,81955001
1,0.1.0,model-level causal evidence; not a WAN measurement,reduced_rounds_slice,0,pooled_rounds,7,2,true,1,257,78038411,3901590,5000,0,10000,81955001
1,0.1.0,model-level causal evidence; not a WAN measurement,reduced_rounds_slice,0,pooled_rounds,8,0,false,1,257,77752803,2717998,5000,0,10000,80485801
1,0.1.0,model-level causal evidence; not a WAN measurement,reduced_rounds_slice,0,pooled_rounds,8,1,false,1,257,77752803,3745598,5000,0,10000,81513401
1,0.1.0,model-level causal evidence; not a WAN measurement,reduced_rounds_slice,0,pooled_rounds,8,2,true,1,257,77752803,3745598,5000,0,10000,81513401
1,0.1.0,model-level causal evidence; not a WAN measurement,reduced_rounds_slice,0,pooled_rounds,9,0,false,0,257,78098403,2690000,5000,0,10000,80803403
1,0.1.0,model-level causal evidence; not a WAN measurement,reduced_rounds_slice,0,pooled_rounds,9,1,false,0,257,78098403,3717600,5000,0,10000,81831003
1,0.1.0,model-level causal evidence; not a WAN measurement,reduced_rounds_slice,0,pooled_rounds,9,2,true,0,257,78098403,3717600,5000,0,10000,81831003
1,0.1.0,model-level causal evidence; not a WAN measurement,reduced_rounds_slice,0,pooled_rounds,10,0,false,0,260,77148003,2248400,5000,0,10000,79411403
1,0.1.0,model-level causal evidence; not a WAN measurement,reduced_rounds_slice,0,pooled_rounds,10,1,false,0,260,77148003,3276000,5000,0,10000,80439003
1,0.1.0,model-level causal evidence; not a WAN measurement,reduced_rounds_slice,0,pooled_rounds,10,2,true,0,260,77148003,3276000,5000,0,10000,80439003
1,0.1.0,model-level causal evidence; not a WAN measurement,reduced_rounds_slice,0,pooled_rounds,11,0,false,1,257,76425612,2248400,5000,0,10000,78689012
1,0.1.0,model-level causal evidence; not a WAN measurement,reduced_rounds_slice,0,pooled_rounds,11,1,false,1,257,76425612,3276000,5000,0,10000,79716612
1,0.1.0,model-level causal evidence; not a WAN measurement,reduced_rounds_slice,0,pooled_rounds,11,2,true,1,257,76425612,3276000,5000,0,10000,79716612
1,0.1.0,model-level causal evidence; not a WAN measurement,reduced_rounds_slice,0,pooled_rounds,12,0,false,0,257,75935223,2545178,5000,0,10000,78495401
1,0.1.0,model-level causal evidence; not a WAN measurement,reduced_rounds_slice,0,pooled_rounds,12,1,false,0,257,75935223,3572778,5000,0,10000,79523001
1,0.1.0,model-level causal evidence; not a WAN measurement,reduced_rounds_slice,0,pooled_rounds,12,2,true,0,257,75935223,3572778,5000,0,10000,79523001
1,0.1.0,model-level causal evidence; not a WAN measurement,reduced_rounds_slice,0,pooled_rounds,13,0,false,0,256,77907202,2248400,5000,0,10000,80170602
1,0.1.0,model-level causal evidence; not a WAN measurement,reduced_rounds_slice,0,pooled_rounds,13,1,false,0,256,77907202,3276000,5000,0,10000,81198202
1,0.1.0,model-level causal evidence; not a WAN measurement,reduced_rounds_slice,0,pooled_rounds,13,2,true,0,256,77907202,3276000,5000,0,10000,81198202
1,0.1.0,model-level causal evidence; not a WAN measurement,reduced_rounds_slice,0,pooled_rounds,14,0,false,0,257,76784805,2552396,5000,0,10000,79352201
1,0.1.0,model-level causal evidence; not a WAN measurement,reduced_rounds_slice,0,pooled_rounds,14,1,false,0,257,76784805,3579996,5000,0,10000,80379801
1,0.1.0,model-level causal evidence; not a WAN measurement,reduced_rounds_slice,0,pooled_rounds,14,2,true,0,257,76784805,3579996,5000,0,10000,80379801
1,0.1.0,model-level causal evidence; not a WAN measurement,reduced_rounds_slice,0,pooled_rounds,15,0,false,1,257,77199203,2248400,5000,0,10000,79462603
1,0.1.0,model-level causal evidence; not a WAN measurement,reduced_rounds_slice,0,pooled_rounds,15,1,false,1,257,77199203,3276000,5000,0,10000,80490203
1,0.1.0,model-level causal evidence; not a WAN measurement,reduced_rounds_slice,0,pooled_rounds,15,2,true,1,257,77199203,3276000,5000,0,10000,80490203
1,0.1.0,model-level causal evidence; not a WAN measurement,reduced_rounds_slice,0,pooled_rounds,16,0,false,0,251,78502403,2248400,5000,0,10000,80765803
1,0.1.0,model-level causal evidence; not a WAN measurement,reduced_rounds_slice,0,pooled_rounds,16,1,false,0,251,78502403,3276000,5000,0,10000,81793403
1,0.1.0,model-level causal evidence; not a WAN measurement,reduced_rounds_slice,0,pooled_rounds,16,2,true,0,251,78502403,3276000,5000,0,10000,81793403
1,0.1.0,model-level causal evidence; not a WAN measurement,reduced_rounds_slice,0,pooled_rounds,17,0,false,1,254,76622413,2248400,5000,0,10000,78885813
1,0.1.0,model-level causal evidence; not a WAN measurement,reduced_rounds_slice,0,pooled_rounds,17,1,false,1,254,76622413,3276000,5000,0,10000,79913413
1,0.1.0,model-level causal evidence; not a WAN measurement,reduced_rounds_slice,0,pooled_rounds,17,2,true,1,254,76622413,3276000,5000,0,10000,79913413
1,0.1.0,model-level causal evidence; not a WAN measurement,reduced_rounds_slice,0,pooled_rounds,18,0,false,1,257,78617605,2248400,5000,0,10000,80881005
1,0.1.0,model-level causal evidence; not a WAN measurement,reduced_rounds_slice,0,pooled_rounds,18,1,false,1,257,78617605,3276000,5000,0,10000,81908605
1,0.1.0,model-level causal evidence; not a WAN measurement,reduced_rounds_slice,0,pooled_rounds,18,2,true,1,257,78617605,3276000,5000,0,10000,81908605
1,0.1.0,model-level causal evidence; not a WAN measurement,reduced_rounds_slice,0,pooled_rounds,19,0,false,1,257,77230402,2689999,5000,0,10000,79935401
1,0.1.0,model-level causal evidence; not a WAN measurement,reduced_rounds_slice,0,pooled_rounds,19,1,false,1,257,77230402,3717599,5000,0,10000,80963001
1,0.1.0,model-level causal evidence; not a WAN measurement,reduced_rounds_slice,0,pooled_rounds,19,2,true,1,257,77230402,3717599,5000,0,10000,80963001
1,0.1.0,model-level causal evidence; not a WAN measurement,reduced_rounds_slice,0,pooled_rounds,20,0,false,1,257,76475202,2248400,5000,0,10000,78738602
1,0.1.0,model-level causal evidence; not a WAN measurement,reduced_rounds_slice,0,pooled_rounds,20,1,false,1,257,76475202,3276000,5000,0,10000,79766202
1,0.1.0,model-level causal evidence; not a WAN measurement,reduced_rounds_slice,0,pooled_rounds,20,2,true,1,257,76475202,3276000,5000,0,10000,79766202
1,0.1.0,model-level causal evidence; not a WAN measurement,reduced_rounds_slice,0,pooled_rounds,21,0,false,0,260,77217605,2248400,5000,0,10000,79481005
1,0.1.0,model-level causal evidence; not a WAN measurement,reduced_rounds_slice,0,pooled_rounds,21,1,false,0,260,77217605,3276000,5000,0,10000,80508605
1,0.1.0,model-level causal evidence; not a WAN measurement,reduced_rounds_slice,0,pooled_rounds,21,2,true,0,260,77217605,3276000,5000,0,10000,80508605
1,0.1.0,model-level causal evidence; not a WAN measurement,reduced_rounds_slice,0,pooled_rounds,22,0,false,0,257,76619202,2299599,5000,0,10000,78933801
1,0.1.0,model-level causal evidence; not a WAN measurement,reduced_rounds_slice,0,pooled_rounds,22,1,false,0,257,76619202,3327199,5000,0,10000,79961401
1,0.1.0,model-level causal evidence; not a WAN measurement,reduced_rounds_slice,0,pooled_rounds,22,2,true,0,257,76619202,3327199,5000,0,10000,79961401
1,0.1.0,model-level causal evidence; not a WAN measurement,reduced_rounds_slice,0,pooled_rounds,23,0,false,1,257,76856810,2248400,5000,0,10000,79120210
1,0.1.0,model-level causal evidence; not a WAN measurement,reduced_rounds_slice,0,pooled_rounds,23,1,false,1,257,76856810,3276000,5000,0,10000,80147810
1,0.1.0,model-level causal evidence; not a WAN measurement,reduced_rounds_slice,0,pooled_rounds,23,2,true,1,257,76856810,3276000,5000,0,10000,80147810
1,0.1.0,model-level causal evidence; not a WAN measurement,reduced_rounds_slice,0,pooled_rounds,24,0,false,1,257,76491204,2248400,5000,0,10000,78754604
1,0.1.0,model-level causal evidence; not a WAN measurement,reduced_rounds_slice,0,pooled_rounds,24,1,false,1,257,76491204,3276000,5000,0,10000,79782204
1,0.1.0,model-level causal evidence; not a WAN measurement,reduced_rounds_slice,0,pooled_rounds,24,2,true,1,257,76491204,3276000,5000,0,10000,79782204
1,0.1.0,model-level causal evidence; not a WAN measurement,reduced_rounds_slice,0,pooled_rounds,25,0,false,0,257,77656804,2248400,5000,0,10000,79920204
1,0.1.0,model-level causal evidence; not a WAN measurement,reduced_rounds_slice,0,pooled_rounds,25,1,false,0,257,77656804,3276000,5000,0,10000,80947804
1,0.1.0,model-level causal evidence; not a WAN measurement,reduced_rounds_slice,0,pooled_rounds,25,2,true,0,257,77656804,3276000,5000,0,10000,80947804
1,0.1.0,model-level causal evidence; not a WAN measurement,reduced_rounds_slice,0,pooled_rounds,26,0,false,1,257,76499215,2248400,5000,0,10000,78762615
1,0.1.0,model-level causal evidence; not a WAN measurement,reduced_rounds_slice,0,pooled_rounds,26,1,false,1,257,76499215,3276000,5000,0,10000,79790215
1,0.1.0,model-level causal evidence; not a WAN measurement,reduced_rounds_slice,0,pooled_rounds,26,2,true,1,257,76499215,3276000,5000,0,10000,79790215
1,0.1.0,model-level causal evidence; not a WAN measurement,reduced_rounds_slice,0,pooled_rounds,27,0,false,1,256,77540003,2333198,5000,0,10000,79888201
1,0.1.0,model-level causal evidence; not a WAN measurement,reduced_rounds_slice,0,pooled_rounds,27,1,false,1,256,77540003,3360798,5000,0,10000,80915801
1,0.1.0,model-level causal evidence; not a WAN measurement,reduced_rounds_slice,0,pooled_rounds,27,2,true,1,256,77540003,3360798,5000,0,10000,80915801
1,0.1.0,model-level causal evidence; not a WAN measurement,reduced_rounds_slice,0,pooled_rounds,28,0,false,1,257,78301602,2626799,5000,0,10000,80943401
1,0.1.0,model-level causal evidence; not a WAN measurement,reduced_rounds_slice,0,pooled_rounds,28,1,false,1,257,78301602,3654399,5000,0,10000,81971001
1,0.1.0,model-level causal evidence; not a WAN measurement,reduced_rounds_slice,0,pooled_rounds,28,2,true,1,257,78301602,3654399,5000,0,10000,81971001
1,0.1.0,model-level causal evidence; not a WAN measurement,reduced_rounds_slice,0,pooled_rounds,29,0,false,1,257,76540003,2380398,5000,0,10000,78935401
1,0.1.0,model-level causal evidence; not a WAN measurement,reduced_rounds_slice,0,pooled_rounds,29,1,false,1,257,76540003,3407998,5000,0,10000,79963001
1,0.1.0,model-level causal evidence; not a WAN measurement,reduced_rounds_slice,0,pooled_rounds,29,2,true,1,257,76540003,3407998,5000,0,10000,79963001
1,0.1.0,model-level causal evidence; not a WAN measurement,reduced_rounds_slice,0,pooled_rounds,30,0,false,0,257,76781612,2690000,5000,0,10000,79486612
1,0.1.0,model-level causal evidence; not a WAN measurement,reduced_rounds_slice,0,pooled_rounds,30,1,false,0,257,76781612,3717600,5000,0,10000,80514212
1,0.1.0,model-level causal evidence; not a WAN measurement,reduced_rounds_slice,0,pooled_rounds,30,2,true,0,257,76781612,3717600,5000,0,10000,80514212
1,0.1.0,model-level causal evidence; not a WAN measurement,reduced_rounds_slice,0,pooled_rounds,31,0,false,1,257,77357604,2248400,5000,0,10000,79621004
1,0.1.0,model-level causal evidence; not a WAN measurement,reduced_rounds_slice,0,pooled_rounds,31,1,false,1,257,77357604,3276000,5000,0,10000,80648604
1,0.1.0,model-level causal evidence; not a WAN measurement,reduced_rounds_slice,0,pooled_rounds,31,2,true,1,257,77357604,3276000,5000,0,10000,80648604
1,0.1.0,model-level causal evidence; not a WAN measurement,reduced_rounds_slice,100,pooled_rounds,0,0,false,0,257,72203207,2138000,5000,0,10000,74356207
1,0.1.0,model-level causal evidence; not a WAN measurement,reduced_rounds_slice,100,pooled_rounds,0,1,false,0,257,72203207,3165600,5000,0,10000,75383807
1,0.1.0,model-level causal evidence; not a WAN measurement,reduced_rounds_slice,100,pooled_rounds,0,2,true,0,257,72203207,3165600,5000,0,10000,75383807
1,0.1.0,model-level causal evidence; not a WAN measurement,reduced_rounds_slice,100,pooled_rounds,1,0,false,0,257,72644402,2215199,5000,0,10000,74874601
1,0.1.0,model-level causal evidence; not a WAN measurement,reduced_rounds_slice,100,pooled_rounds,1,1,false,0,257,72644402,3242799,5000,0,10000,75902201
1,0.1.0,model-level causal evidence; not a WAN measurement,reduced_rounds_slice,100,pooled_rounds,1,2,true,0,257,72644402,3242799,5000,0,10000,75902201
1,0.1.0,model-level causal evidence; not a WAN measurement,reduced_rounds_slice,100,pooled_rounds,2,0,false,0,257,71734012,2138000,5000,0,10000,73887012
1,0.1.0,model-level causal evidence; not a WAN measurement,reduced_rounds_slice,100,pooled_rounds,2,1,false,0,257,71734012,3165600,5000,0,10000,74914612
1,0.1.0,model-level causal evidence; not a WAN measurement,reduced_rounds_slice,100,pooled_rounds,2,2,true,0,257,71734012,3165600,5000,0,10000,74914612
1,0.1.0,model-level causal evidence; not a WAN measurement,reduced_rounds_slice,100,pooled_rounds,3,0,false,0,257,72494009,2138000,5000,0,10000,74647009
1,0.1.0,model-level causal evidence; not a WAN measurement,reduced_rounds_slice,100,pooled_rounds,3,1,false,0,257,72494009,3165600,5000,0,10000,75674609
1,0.1.0,model-level causal evidence; not a WAN measurement,reduced_rounds_slice,100,pooled_rounds,3,2,true,0,257,72494009,3165600,5000,0,10000,75674609
1,0.1.0,model-level causal evidence; not a WAN measurement,reduced_rounds_slice,100,pooled_rounds,4,0,false,0,257,73404003,2138000,5000,0,10000,75557003
1,0.1.0,model-level causal evidence; not a WAN measurement,reduced_rounds_slice,100,pooled_rounds,4,1,false,0,257,73404003,3165600,5000,0,10000,76584603
1,0.1.0,model-level causal evidence; not a WAN measurement,reduced_rounds_slice,100,pooled_rounds,4,2,true,0,257,73404003,3165600,5000,0,10000,76584603
1,0.1.0,model-level causal evidence; not a WAN measurement,reduced_rounds_slice,100,pooled_rounds,5,0,false,0,257,72191204,2145597,5000,0,10000,74351801
1,0.1.0,model-level causal evidence; not a WAN measurement,reduced_rounds_slice,100,pooled_rounds,5,1,false,0,257,72191204,3173197,5000,0,10000,75379401
1,0.1.0,model-level causal evidence; not a WAN measurement,reduced_rounds_slice,100,pooled_rounds,5,2,true,0,257,72191204,3173197,5000,0,10000,75379401
1,0.1.0,model-level causal evidence; not a WAN measurement,reduced_rounds_slice,100,pooled_rounds,6,0,false,0,257,72950005,2305199,5000,0,10000,75270204
1,0.1.0,model-level causal evidence; not a WAN measurement,reduced_rounds_slice,100,pooled_rounds,6,1,false,0,257,72950005,3332799,5000,0,10000,76297804
1,0.1.0,model-level causal evidence; not a WAN measurement,reduced_rounds_slice,100,pooled_rounds,6,2,true,0,257,72950005,3332799,5000,0,10000,76297804
1,0.1.0,model-level causal evidence; not a WAN measurement,reduced_rounds_slice,100,pooled_rounds,7,0,false,0,257,72100807,2138000,5000,0,10000,74253807
1,0.1.0,model-level causal evidence; not a WAN measurement,reduced_rounds_slice,100,pooled_rounds,7,1,false,0,257,72100807,3165600,5000,0,10000,75281407
1,0.1.0,model-level causal evidence; not a WAN measurement,reduced_rounds_slice,100,pooled_rounds,7,2,true,0,257,72100807,3165600,5000,0,10000,75281407
1,0.1.0,model-level causal evidence; not a WAN measurement,reduced_rounds_slice,100,pooled_rounds,8,0,false,0,257,72871602,2240399,5000,0,10000,75127001
1,0.1.0,model-level causal evidence; not a WAN measurement,reduced_rounds_slice,100,pooled_rounds,8,1,false,0,257,72871602,3267999,5000,0,10000,76154601
1,0.1.0,model-level causal evidence; not a WAN measurement,reduced_rounds_slice,100,pooled_rounds,8,2,true,0,257,72871602,3267999,5000,0,10000,76154601
1,0.1.0,model-level causal evidence; not a WAN measurement,reduced_rounds_slice,100,pooled_rounds,9,0,false,0,257,72481202,2138000,5000,0,10000,74634202
1,0.1.0,model-level causal evidence; not a WAN measurement,reduced_rounds_slice,100,pooled_rounds,9,1,false,0,257,72481202,3165600,5000,0,10000,75661802
1,0.1.0,model-level causal evidence; not a WAN measurement,reduced_rounds_slice,100,pooled_rounds,9,2,true,0,257,72481202,3165600,5000,0,10000,75661802
1,0.1.0,model-level causal evidence; not a WAN measurement,reduced_rounds_slice,100,pooled_rounds,10,0,false,0,257,72856809,2138000,5000,0,10000,75009809
1,0.1.0,model-level causal evidence; not a WAN measurement,reduced_rounds_slice,100,pooled_rounds,10,1,false,0,257,72856809,3165600,5000,0,10000,76037409
1,0.1.0,model-level causal evidence; not a WAN measurement,reduced_rounds_slice,100,pooled_rounds,10,2,true,0,257,72856809,3165600,5000,0,10000,76037409
1,0.1.0,model-level causal evidence; not a WAN measurement,reduced_rounds_slice,100,pooled_rounds,11,0,false,0,257,71214021,2138000,5000,0,10000,73367021
1,0.1.0,model-level causal evidence; not a WAN measurement,reduced_rounds_slice,100,pooled_rounds,11,1,false,0,257,71214021,3165600,5000,0,10000,74394621
1,0.1.0,model-level causal evidence; not a WAN measurement,reduced_rounds_slice,100,pooled_rounds,11,2,true,0,257,71214021,3165600,5000,0,10000,74394621
1,0.1.0,model-level causal evidence; not a WAN measurement,reduced_rounds_slice,100,pooled_rounds,12,0,false,0,257,71840002,2138000,5000,0,10000,73993002
1,0.1.0,model-level causal evidence; not a WAN measurement,reduced_rounds_slice,100,pooled_rounds,12,1,false,0,257,71840002,3165600,5000,0,10000,75020602
1,0.1.0,model-level causal evidence; not a WAN measurement,reduced_rounds_slice,100,pooled_rounds,12,2,true,0,257,71840002,3165600,5000,0,10000,75020602
1,0.1.0,model-level causal evidence; not a WAN measurement,reduced_rounds_slice,100,pooled_rounds,13,0,false,0,257,72593202,2138000,5000,0,10000,74746202
1,0.1.0,model-level causal evidence; not a WAN measurement,reduced_rounds_slice,100,pooled_rounds,13,1,false,0,257,72593202,3165600,5000,0,10000,75773802
1,0.1.0,model-level causal evidence; not a WAN measurement,reduced_rounds_slice,100,pooled_rounds,13,2,true,0,257,72593202,3165600,5000,0,10000,75773802
1,0.1.0,model-level causal evidence; not a WAN measurement,reduced_rounds_slice,100,pooled_rounds,14,0,false,0,257,72790804,2138000,5000,0,10000,74943804
1,0.1.0,model-level causal evidence; not a WAN measurement,reduced_rounds_slice,100,pooled_rounds,14,1,false,0,257,72790804,3165600,5000,0,10000,75971404
1,0.1.0,model-level causal evidence; not a WAN measurement,reduced_rounds_slice,100,pooled_rounds,14,2,true,0,257,72790804,3165600,5000,0,10000,75971404
1,0.1.0,model-level causal evidence; not a WAN measurement,reduced_rounds_slice,100,pooled_rounds,15,0,false,0,257,72676402,2138000,5000,0,10000,74829402
1,0.1.0,model-level causal evidence; not a WAN measurement,reduced_rounds_slice,100,pooled_rounds,15,1,false,0,257,72676402,3165600,5000,0,10000,75857002
1,0.1.0,model-level causal evidence; not a WAN measurement,reduced_rounds_slice,100,pooled_rounds,15,2,true,0,257,72676402,3165600,5000,0,10000,75857002
1,0.1.0,model-level causal evidence; not a WAN measurement,reduced_rounds_slice,100,pooled_rounds,16,0,false,0,257,72196805,2310801,5000,0,10000,74522606
1,0.1.0,model-level causal evidence; not a WAN measurement,reduced_rounds_slice,100,pooled_rounds,16,1,false,0,257,72196805,3338401,5000,0,10000,75550206
1,0.1.0,model-level causal evidence; not a WAN measurement,reduced_rounds_slice,100,pooled_rounds,16,2,true,0,257,72196805,3338401,5000,0,10000,75550206
1,0.1.0,model-level causal evidence; not a WAN measurement,reduced_rounds_slice,100,pooled_rounds,17,0,false,0,257,71887605,2138000,5000,0,10000,74040605
1,0.1.0,model-level causal evidence; not a WAN measurement,reduced_rounds_slice,100,pooled_rounds,17,1,false,0,257,71887605,3165600,5000,0,10000,75068205
1,0.1.0,model-level causal evidence; not a WAN measurement,reduced_rounds_slice,100,pooled_rounds,17,2,true,0,257,71887605,3165600,5000,0,10000,75068205
1,0.1.0,model-level causal evidence; not a WAN measurement,reduced_rounds_slice,100,pooled_rounds,18,0,false,0,257,73094002,2138000,5000,0,10000,75247002
1,0.1.0,model-level causal evidence; not a WAN measurement,reduced_rounds_slice,100,pooled_rounds,18,1,false,0,257,73094002,3165600,5000,0,10000,76274602
1,0.1.0,model-level causal evidence; not a WAN measurement,reduced_rounds_slice,100,pooled_rounds,18,2,true,0,257,73094002,3165600,5000,0,10000,76274602
1,0.1.0,model-level causal evidence; not a WAN measurement,reduced_rounds_slice,100,pooled_rounds,19,0,false,0,257,72339209,2138000,5000,0,10000,74492209
1,0.1.0,model-level causal evidence; not a WAN measurement,reduced_rounds_slice,100,pooled_rounds,19,1,false,0,257,72339209,3165600,5000,0,10000,75519809
1,0.1.0,model-level causal evidence; not a WAN measurement,reduced_rounds_slice,100,pooled_rounds,19,2,true,0,257,72339209,3165600,5000,0,10000,75519809
1,0.1.0,model-level causal evidence; not a WAN measurement,reduced_rounds_slice,100,pooled_rounds,20,0,false,0,257,72840002,2138000,5000,0,10000,74993002
1,0.1.0,model-level causal evidence; not a WAN measurement,reduced_rounds_slice,100,pooled_rounds,20,1,false,0,257,72840002,3165600,5000,0,10000,76020602
1,0.1.0,model-level causal evidence; not a WAN measurement,reduced_rounds_slice,100,pooled_rounds,20,2,true,0,257,72840002,3165600,5000,0,10000,76020602
1,0.1.0,model-level causal evidence; not a WAN measurement,reduced_rounds_slice,100,pooled_rounds,21,0,false,0,257,72457603,2138000,5000,0,10000,74610603
1,0.1.0,model-level causal evidence; not a WAN measurement,reduced_rounds_slice,100,pooled_rounds,21,1,false,0,257,72457603,3165600,5000,0,10000,75638203
1,0.1.0,model-level causal evidence; not a WAN measurement,reduced_rounds_slice,100,pooled_rounds,21,2,true,0,257,72457603,3165600,5000,0,10000,75638203
1,0.1.0,model-level causal evidence; not a WAN measurement,reduced_rounds_slice,100,pooled_rounds,22,0,false,0,257,72029605,2172396,5000,0,10000,74217001
1,0.1.0,model-level causal evidence; not a WAN measurement,reduced_rounds_slice,100,pooled_rounds,22,1,false,0,257,72029605,3199996,5000,0,10000,75244601
1,0.1.0,model-level causal evidence; not a WAN measurement,reduced_rounds_slice,100,pooled_rounds,22,2,true,0,257,72029605,3199996,5000,0,10000,75244601
1,0.1.0,model-level causal evidence; not a WAN measurement,reduced_rounds_slice,100,pooled_rounds,23,0,false,0,257,71710003,2138000,5000,0,10000,73863003
1,0.1.0,model-level causal evidence; not a WAN measurement,reduced_rounds_slice,100,pooled_rounds,23,1,false,0,257,71710003,3165600,5000,0,10000,74890603
1,0.1.0,model-level causal evidence; not a WAN measurement,reduced_rounds_slice,100,pooled_rounds,23,2,true,0,257,71710003,3165600,5000,0,10000,74890603
1,0.1.0,model-level causal evidence; not a WAN measurement,reduced_rounds_slice,100,pooled_rounds,24,0,false,0,257,72481202,2138000,5000,0,10000,74634202
1,0.1.0,model-level causal evidence; not a WAN measurement,reduced_rounds_slice,100,pooled_rounds,24,1,false,0,257,72481202,3165600,5000,0,10000,75661802
1,0.1.0,model-level causal evidence; not a WAN measurement,reduced_rounds_slice,100,pooled_rounds,24,2,true,0,257,72481202,3165600,5000,0,10000,75661802
1,0.1.0,model-level causal evidence; not a WAN measurement,reduced_rounds_slice,100,pooled_rounds,25,0,false,0,257,73189204,2138000,5000,0,10000,75342204
1,0.1.0,model-level causal evidence; not a WAN measurement,reduced_rounds_slice,100,pooled_rounds,25,1,false,0,257,73189204,3165600,5000,0,10000,76369804
1,0.1.0,model-level causal evidence; not a WAN measurement,reduced_rounds_slice,100,pooled_rounds,25,2,true,0,257,73189204,3165600,5000,0,10000,76369804
1,0.1.0,model-level causal evidence; not a WAN measurement,reduced_rounds_slice,100,pooled_rounds,26,0,false,0,257,72432007,2138000,5000,0,10000,74585007
1,0.1.0,model-level causal evidence; not a WAN measurement,reduced_rounds_slice,100,pooled_rounds,26,1,false,0,257,72432007,3165600,5000,0,10000,75612607
1,0.1.0,model-level causal evidence; not a WAN measurement,reduced_rounds_slice,100,pooled_rounds,26,2,true,0,257,72432007,3165600,5000,0,10000,75612607
1,0.1.0,model-level causal evidence; not a WAN measurement,reduced_rounds_slice,100,pooled_rounds,27,0,false,0,257,73070806,2138000,5000,0,10000,75223806
1,0.1.0,model-level causal evidence; not a WAN measurement,reduced_rounds_slice,100,pooled_rounds,27,1,false,0,257,73070806,3165600,5000,0,10000,76251406
1,0.1.0,model-level causal evidence; not a WAN measurement,reduced_rounds_slice,100,pooled_rounds,27,2,true,0,257,73070806,3165600,5000,0,10000,76251406
1,0.1.0,model-level causal evidence; not a WAN measurement,reduced_rounds_slice,100,pooled_rounds,28,0,false,0,257,72820403,2138000,5000,0,10000,74973403
1,0.1.0,model-level causal evidence; not a WAN measurement,reduced_rounds_slice,100,pooled_rounds,28,1,false,0,257,72820403,3165600,5000,0,10000,76001003
1,0.1.0,model-level causal evidence; not a WAN measurement,reduced_rounds_slice,100,pooled_rounds,28,2,true,0,257,72820403,3165600,5000,0,10000,76001003
1,0.1.0,model-level causal evidence; not a WAN measurement,reduced_rounds_slice,100,pooled_rounds,29,0,false,0,257,71932403,2138000,5000,0,10000,74085403
1,0.1.0,model-level causal evidence; not a WAN measurement,reduced_rounds_slice,100,pooled_rounds,29,1,false,0,257,71932403,3165600,5000,0,10000,75113003
1,0.1.0,model-level causal evidence; not a WAN measurement,reduced_rounds_slice,100,pooled_rounds,29,2,true,0,257,71932403,3165600,5000,0,10000,75113003
1,0.1.0,model-level causal evidence; not a WAN measurement,reduced_rounds_slice,100,pooled_rounds,30,0,false,0,257,71942809,2138000,5000,0,10000,74095809
1,0.1.0,model-level causal evidence; not a WAN measurement,reduced_rounds_slice,100,pooled_rounds,30,1,false,0,257,71942809,3165600,5000,0,10000,75123409
1,0.1.0,model-level causal evidence; not a WAN measurement,reduced_rounds_slice,100,pooled_rounds,30,2,true,0,257,71942809,3165600,5000,0,10000,75123409
1,0.1.0,model-level causal evidence; not a WAN measurement,reduced_rounds_slice,100,pooled_rounds,31,0,false,0,257,72088402,2216799,5000,0,10000,74320201
1,0.1.0,model-level causal evidence; not a WAN measurement,reduced_rounds_slice,100,pooled_rounds,31,1,false,0,257,72088402,3244399,5000,0,10000,75347801
1,0.1.0,model-level causal evidence; not a WAN measurement,reduced_rounds_slice,100,pooled_rounds,31,2,true,0,257,72088402,3244399,5000,0,10000,75347801
