schema_version,simulator_version,evidence_class,sample_class,seed,overlap_percent,protocol,source_symbols,barrier_completion_ns,sender_completion_ns,total_emissions,useful_emissions,flow_count_match_emissions,tree0_emissions,tree1_emissions,post_barrier_tail_emissions,positive_round_deficits,round_deficit_sum,maximum_round_deficit,application_drops,link_drops,background_delivered_bytes,tree0_path_bytes,tree1_path_bytes,tree0_utilization_permille,tree1_utilization_permille,delivered_rate_correlation_ppm,maximum_mailbox_high_water
1,0.1.0,model-level causal evidence; not a WAN measurement,decisive,0,0,carousel,512,80299001,83506082,552,552,0,274,278,20,0,0,0,0,0,920576,151248,153456,188,191,775895,80
1,0.1.0,model-level causal evidence; not a WAN measurement,decisive,1,0,carousel,512,79523001,82806082,558,558,0,278,280,21,0,0,0,0,0,901120,153456,154560,192,194,61557,80
1,0.1.0,model-level causal evidence; not a WAN measurement,decisive,2,0,carousel,512,80231022,83706082,556,556,0,278,278,24,0,0,0,0,0,945152,153456,153456,191,191,484205,80
1,0.1.0,model-level causal evidence; not a WAN measurement,decisive,3,0,carousel,512,80728602,84006082,551,551,0,273,278,19,0,0,0,0,0,961024,150696,153456,186,190,703209,90
1,0.1.0,model-level causal evidence; not a WAN measurement,decisive,4,0,carousel,512,80239001,83306082,555,555,0,278,277,22,0,0,0,0,0,975360,153456,152904,191,190,483411,87
1,0.1.0,model-level causal evidence; not a WAN measurement,decisive,5,0,carousel,512,81769403,84806082,557,557,0,278,279,17,0,0,0,0,0,935424,153456,154008,187,188,444571,102
1,0.1.0,model-level causal evidence; not a WAN measurement,decisive,6,0,carousel,512,82343804,85906082,557,557,0,286,271,17,0,0,0,0,0,963072,157872,149592,191,181,420265,94
1,0.1.0,model-level causal evidence; not a WAN measurement,decisive,7,0,carousel,512,80231820,83506082,551,551,0,273,278,19,0,0,0,0,0,971776,150696,153456,187,191,699780,86
1,0.1.0,model-level causal evidence; not a WAN measurement,decisive,8,0,carousel,512,81059803,84406082,557,557,0,278,279,22,0,0,0,0,0,960000,153456,154008,189,189,705548,80
1,0.1.0,model-level causal evidence; not a WAN measurement,decisive,9,0,carousel,512,80586202,84106082,560,560,0,278,282,25,0,0,0,0,0,979456,153456,155664,190,193,500096,92
1,0.1.0,model-level causal evidence; not a WAN measurement,decisive,10,0,carousel,512,81099002,84206082,548,548,0,278,270,16,0,0,0,0,0,979456,153456,149040,189,183,700123,81
1,0.1.0,model-level causal evidence; not a WAN measurement,decisive,11,0,carousel,512,81435003,84906082,559,559,0,286,273,26,0,0,0,0,0,998400,157872,150696,193,185,396936,96
1,0.1.0,model-level causal evidence; not a WAN measurement,decisive,12,0,carousel,512,80355013,83706082,558,558,0,280,278,18,0,0,0,0,0,931840,154560,153456,192,190,729759,92
1,0.1.0,model-level causal evidence; not a WAN measurement,decisive,13,0,carousel,512,80671804,84006082,557,557,0,273,284,24,0,0,0,0,0,891904,150696,156768,186,194,771053,88
1,0.1.0,model-level causal evidence; not a WAN measurement,decisive,14,0,carousel,512,82347801,85706082,558,558,0,280,278,18,0,0,0,0,0,1034752,154560,153456,187,186,396699,89
1,0.1.0,model-level causal evidence; not a WAN measurement,decisive,15,0,carousel,512,81713407,84806082,556,556,0,278,278,19,0,0,0,0,0,884224,153456,153456,187,187,-34391,94
1,0.1.0,model-level causal evidence; not a WAN measurement,decisive,16,0,carousel,512,82927003,86106082,556,556,0,278,278,17,0,0,0,0,0,973824,153456,153456,185,185,615078,85
1,0.1.0,model-level causal evidence; not a WAN measurement,decisive,17,0,carousel,512,79873410,83306082,560,560,0,282,278,22,0,0,0,0,0,859648,155664,153456,194,192,-435551,80
1,0.1.0,model-level causal evidence; not a WAN measurement,decisive,18,0,carousel,512,80541407,84006082,556,556,0,278,278,24,0,0,0,0,0,886784,153456,153456,190,190,727422,77
1,0.1.0,model-level causal evidence; not a WAN measurement,decisive,19,0,carousel,512,79782204,82806082,556,556,0,278,278,16,0,0,0,0,0,994816,153456,153456,192,192,81740,85
1,0.1.0,model-level causal evidence; not a WAN measurement,decisive,20,0,carousel,512,80100603,83506082,558,558,0,278,280,26,0,0,0,0,0,888320,153456,154560,191,192,901901,83
1,0.1.0,model-level causal evidence; not a WAN measurement,decisive,21,0,carousel,512,80813403,84406082,563,563,0,285,278,31,0,0,0,0,0,1024000,157320,153456,194,189,347554,89
1,0.1.0,model-level causal evidence; not a WAN measurement,decisive,22,0,carousel,512,80198202,83706082,556,556,0,278,278,20,0,0,0,0,0,1000448,153456,153456,191,191,822325,94
1,0.1.0,model-level causal evidence; not a WAN measurement,decisive,23,0,carousel,512,80714202,84106082,556,556,0,278,278,16,0,0,0,0,0,905216,153456,153456,190,190,579338,87
1,0.1.0,model-level causal evidence; not a WAN measurement,decisive,24,0,carousel,512,80016601,83506082,559,559,0,284,275,25,0,0,0,0,0,844288,156768,151800,195,189,808875,87
1,0.1.0,model-level causal evidence; not a WAN measurement,decisive,25,0,carousel,512,79962223,83106082,549,549,0,270,279,17,0,0,0,0,0,948224,149040,154008,186,192,67463,88
1,0.1.0,model-level causal evidence; not a WAN measurement,decisive,26,0,carousel,512,81549407,85006082,561,561,0,280,281,21,0,0,0,0,0,985600,154560,155112,189,190,-122137,92
1,0.1.0,model-level causal evidence; not a WAN measurement,decisive,27,0,carousel,512,81148603,84506082,556,556,0,278,278,16,0,0,0,0,0,971776,153456,153456,189,189,824216,87
1,0.1.0,model-level causal evidence; not a WAN measurement,decisive,28,0,carousel,512,82012603,85406082,556,556,0,278,278,16,0,0,0,0,0,930816,153456,153456,187,187,512620,93
1,0.1.0,model-level causal evidence; not a WAN measurement,decisive,29,0,carousel,512,81379803,84506082,556,556,0,278,278,23,0,0,0,0,0,973312,153456,153456,188,188,447586,89
1,0.1.0,model-level causal evidence; not a WAN measurement,decisive,30,0,carousel,512,80859805,84206082,558,558,0,278,280,18,0,0,0,0,0,972800,153456,154560,189,191,473647,83
1,0.1.0,model-level causal evidence; not a WAN measurement,decisive,31,0,carousel,512,81127001,84406082,552,552,0,279,273,20,0,0,0,0,0,941056,154008,150696,189,185,583538,92
1,0.1.0,model-level causal evidence; not a WAN measurement,decisive,32,0,carousel,512,80075806,83406082,555,555,0,279,276,23,0,0,0,0,0,912896,154008,152352,192,190,656952,80
1,0.1.0,model-level causal evidence; not a WAN measurement,decisive,33,0,carousel,512,80413404,83806082,559,559,0,281,278,19,0,0,0,0,0,900096,155112,153456,192,190,325799,81
1,0.1.0,model-level causal evidence; not a WAN measurement,decisive,34,0,carousel,512,80539002,84006082,559,559,0,280,279,20,0,0,0,0,0,853504,154560,154008,191,191,844763,82
1,0.1.0,model-level causal evidence; not a WAN measurement,decisive,35,0,carousel,512,80188601,83606082,557,557,0,279,278,21,0,0,0,0,0,964608,154008,153456,192,191,579318,83
1,0.1.0,model-level causal evidence; not a WAN measurement,decisive,36,0,carousel,512,80743005,84206082,559,559,0,281,278,19,0,0,0,0,0,991232,155112,153456,192,190,341752,89
1,0.1.0,model-level causal evidence; not a WAN measurement,decisive,37,0,carousel,512,80127001,83606082,555,555,0,278,277,23,0,0,0,0,0,989696,153456,152904,191,190,411333,88
1,0.1.0,model-level causal evidence; not a WAN measurement,decisive,38,0,carousel,512,80252615,83606082,558,558,0,278,280,26,0,0,0,0,0,862208,153456,154560,191,192,727363,91
1,0.1.0,model-level causal evidence; not a WAN measurement,decisive,39,0,carousel,512,80474202,83706082,550,550,0,278,272,18,0,0,0,0,0,916992,153456,150144,190,186,473249,89
1,0.1.0,model-level causal evidence; not a WAN measurement,decisive,40,0,carousel,512,80280604,83806082,559,559,0,285,274,27,0,0,0,0,0,921600,157320,151248,195,188,796768,92
1,0.1.0,model-level causal evidence; not a WAN measurement,decisive,41,0,carousel,512,80192201,83506082,556,556,0,275,281,24,0,0,0,0,0,872960,151800,155112,189,193,659776,78
1,0.1.0,model-level causal evidence; not a WAN measurement,decisive,42,0,carousel,512,80898201,83906082,553,553,0,275,278,18,0,0,0,0,0,923648,151800,153456,187,189,435726,85
1,0.1.0,model-level causal evidence; not a WAN measurement,decisive,43,0,carousel,512,80781011,84306082,562,562,0,278,284,30,0,0,0,0,0,898560,153456,156768,189,194,818202,89
1,0.1.0,model-level causal evidence; not a WAN measurement,decisive,44,0,carousel,512,79771011,82906082,554,554,0,276,278,19,0,0,0,0,0,924160,152352,153456,190,192,-603764,80
1,0.1.0,model-level causal evidence; not a WAN measurement,decisive,45,0,carousel,512,81182201,84606082,556,556,0,286,270,19,0,0,0,0,0,940544,157872,149040,194,183,931212,84
1,0.1.0,model-level causal evidence; not a WAN measurement,decisive,46,0,carousel,512,79215803,82406082,553,553,0,278,275,21,0,0,0,0,0,855552,153456,151800,193,191,-265166,86
1,0.1.0,model-level causal evidence; not a WAN measurement,decisive,47,0,carousel,512,80687807,83706082,548,548,0,278,270,17,0,0,0,0,0,937984,153456,149040,190,184,476762,85
1,0.1.0,model-level causal evidence; not a WAN measurement,decisive,48,0,carousel,512,81359804,84706082,556,556,0,270,286,16,0,0,0,0,0,1036800,149040,157872,183,194,635148,92
1,0.1.0,model-level causal evidence; not a WAN measurement,decisive,49,0,carousel,512,80931801,84306082,559,559,0,278,281,19,0,0,0,0,0,1066496,153456,155112,189,191,480565,85
1,0.1.0,model-level causal evidence; not a WAN measurement,decisive,50,0,carousel,512,81963001,85406082,557,557,0,278,279,17,0,0,0,0,0,1022464,153456,154008,187,187,778812,93
1,0.1.0,model-level causal evidence; not a WAN measurement,decisive,51,0,carousel,512,80144602,83606082,558,558,0,272,286,26,0,0,0,0,0,910848,150144,157872,187,196,566782,90
1,0.1.0,model-level causal evidence; not a WAN measurement,decisive,52,0,carousel,512,79513401,82906082,559,559,0,281,278,19,0,0,0,0,0,847360,155112,153456,195,192,641621,80
1,0.1.0,model-level causal evidence; not a WAN measurement,decisive,53,0,carousel,512,80345402,83506082,551,551,0,281,270,19,0,0,0,0,0,1005056,155112,149040,193,185,850629,85
1,0.1.0,model-level causal evidence; not a WAN measurement,decisive,54,0,carousel,512,80545403,83906082,556,556,0,278,278,21,0,0,0,0,0,945664,153456,153456,190,190,710834,88
1,0.1.0,model-level causal evidence; not a WAN measurement,decisive,55,0,carousel,512,81121405,84206082,550,550,0,272,278,18,0,0,0,0,0,891392,150144,153456,185,189,548731,81
1,0.1.0,model-level causal evidence; not a WAN measurement,decisive,56,0,carousel,512,79695002,83106082,559,559,0,281,278,27,0,0,0,0,0,1008128,155112,153456,194,192,-291583,80
1,0.1.0,model-level causal evidence; not a WAN measurement,decisive,57,0,carousel,512,81300602,84706082,556,556,0,278,278,24,0,0,0,0,0,904192,153456,153456,188,188,46682,93
1,0.1.0,model-level causal evidence; not a WAN measurement,decisive,58,0,carousel,512,81797402,85106082,558,558,0,286,272,26,0,0,0,0,0,923648,157872,150144,193,183,423567,84
1,0.1.0,model-level causal evidence; not a WAN measurement,decisive,59,0,carousel,512,80357401,83906082,556,556,0,278,278,24,0,0,0,0,0,954368,153456,153456,190,190,739192,93
1,0.1.0,model-level causal evidence; not a WAN measurement,decisive,60,0,carousel,512,80478206,84006082,560,560,0,282,278,22,0,0,0,0,0,872960,155664,153456,193,190,722630,86
1,0.1.0,model-level causal evidence; not a WAN measurement,decisive,61,0,carousel,512,80969402,84506082,561,561,0,278,283,27,0,0,0,0,0,953856,153456,156216,189,192,807046,90
1,0.1.0,model-level causal evidence; not a WAN measurement,decisive,62,0,carousel,512,79880202,83306082,560,560,0,279,281,20,0,0,0,0,0,930816,154008,155112,192,194,323271,84
1,0.1.0,model-level causal evidence; not a WAN measurement,decisive,63,0,carousel,512,81070201,84506082,560,560,0,282,278,20,0,0,0,0,0,938496,155664,153456,192,189,444802,84
1,0.1.0,model-level causal evidence; not a WAN measurement,decisive,64,0,carousel,512,78914208,82306082,558,558,0,278,280,26,0,0,0,0,0,845824,153456,154560,194,195,-102176,82
1,0.1.0,model-level causal evidence; not a WAN measurement,decisive,65,0,carousel,512,82955001,86506082,557,557,0,278,279,17,0,0,0,0,0,1014784,153456,154008,184,185,30315,88
1,0.1.0,model-level causal evidence; not a WAN measurement,decisive,66,0,carousel,512,79901409,83206082,555,555,0,271,284,23,0,0,0,0,0,922112,149592,156768,187,196,-348163,87
1,0.1.0,model-level causal evidence; not a WAN measurement,decisive,67,0,carousel,512,80042218,83206082,557,557,0,278,279,23,0,0,0,0,0,938496,153456,154008,191,192,532323,84
1,0.1.0,model-level causal evidence; not a WAN measurement,decisive,68,0,carousel,512,81445003,84906082,555,555,0,281,274,24,0,0,0,0,0,976896,155112,151248,190,185,355629,92
1,0.1.0,model-level causal evidence; not a WAN measurement,decisive,69,0,carousel,512,80335804,83706082,559,559,0,278,281,19,0,0,0,0,0,917504,153456,155112,191,193,688363,80
1,0.1.0,model-level causal evidence; not a WAN measurement,decisive,70,0,carousel,512,81474202,84906082,556,556,0,278,278,16,0,0,0,0,0,994816,153456,153456,188,188,553043,92
1,0.1.0,model-level causal evidence; not a WAN measurement,decisive,71,0,carousel,512,80090206,83306082,559,559,0,281,278,19,0,0,0,0,0,878592,155112,153456,193,191,735490,80
1,0.1.0,model-level causal evidence; not a WAN measurement,decisive,72,0,carousel,512,81095014,84106082,548,548,0,270,278,16,0,0,0,0,0,940544,149040,153456,183,189,513525,88
1,0.1.0,model-level causal evidence; not a WAN measurement,decisive,73,0,carousel,512,80750202,84106082,555,555,0,278,277,23,0,0,0,0,0,940032,153456,152904,190,189,680257,86
1,0.1.0,model-level causal evidence; not a WAN measurement,decisive,74,0,carousel,512,80745411,84106082,556,556,0,278,278,22,0,0,0,0,0,999424,153456,153456,190,190,536509,92
1,0.1.0,model-level causal evidence; not a WAN measurement,decisive,75,0,carousel,512,81381403,84806082,556,556,0,278,278,24,0,0,0,0,0,894464,153456,153456,188,188,619075,85
1,0.1.0,model-level causal evidence; not a WAN measurement,decisive,76,0,carousel,512,81742202,85306082,562,562,0,283,279,22,0,0,0,0,0,923648,156216,154008,191,188,308418,95
1,0.1.0,model-level causal evidence; not a WAN measurement,decisive,77,0,carousel,512,81039010,84406082,559,559,0,281,278,19,0,0,0,0,0,915456,155112,153456,191,189,398494,79
1,0.1.0,model-level causal evidence; not a WAN measurement,decisive,78,0,carousel,512,80415021,84006082,566,566,0,281,285,26,0,0,0,0,0,875008,155112,157320,192,195,654774,88
1,0.1.0,model-level causal evidence; not a WAN measurement,decisive,79,0,carousel,512,81159001,84606082,556,556,0,278,278,17,0,0,0,0,0,961024,153456,153456,189,189,701188,80
1,0.1.0,model-level causal evidence; not a WAN measurement,decisive,80,0,carousel,512,80797401,84206082,559,559,0,278,281,23,0,0,0,0,0,896000,153456,155112,189,191,776527,83
1,0.1.0,model-level causal evidence; not a WAN measurement,decisive,81,0,carousel,512,81961401,85506082,564,564,0,284,280,24,0,0,0,0,0,942080,156768,154560,191,188,231068,83
1,0.1.0,model-level causal evidence; not a WAN measurement,decisive,82,0,carousel,512,80580605,83806082,557,557,0,271,286,25,0,0,0,0,0,962560,149592,157872,185,195,494116,89
1,0.1.0,model-level causal evidence; not a WAN measurement,decisive,83,0,carousel,512,80723803,84106082,556,556,0,286,270,24,0,0,0,0,0,889344,157872,149040,195,184,814598,82
1,0.1.0,model-level causal evidence; not a WAN measurement,decisive,84,0,carousel,512,79892604,83206082,551,551,0,272,279,19,0,0,0,0,0,960000,150144,154008,187,192,-326645,86
1,0.1.0,model-level causal evidence; not a WAN measurement,decisive,85,0,carousel,512,79886203,83306082,558,558,0,280,278,24,0,0,0,0,0,971264,154560,153456,193,192,398491,93
1,0.1.0,model-level causal evidence; not a WAN measurement,decisive,86,0,carousel,512,81570201,85006082,560,560,0,282,278,28,0,0,0,0,0,967168,155664,153456,190,188,387259,88
1,0.1.0,model-level causal evidence; not a WAN measurement,decisive,87,0,carousel,512,80916606,84006082,556,556,0,281,275,23,0,0,0,0,0,927744,155112,151800,191,187,881527,86
1,0.1.0,model-level causal evidence; not a WAN measurement,decisive,88,0,carousel,512,82050202,85406082,558,558,0,278,280,18,0,0,0,0,0,1013760,153456,154560,187,188,25390,87
1,0.1.0,model-level causal evidence; not a WAN measurement,decisive,89,0,carousel,512,80012604,83506082,561,561,0,281,280,23,0,0,0,0,0,1001472,155112,154560,193,193,838614,83
1,0.1.0,model-level causal evidence; not a WAN measurement,decisive,90,0,carousel,512,79435003,82906082,558,558,0,272,286,26,0,0,0,0,0,922112,150144,157872,189,198,-156153,86
1,0.1.0,model-level causal evidence; not a WAN measurement,decisive,91,0,carousel,512,81363802,84706082,558,558,0,278,280,25,0,0,0,0,0,972800,153456,154560,188,189,590344,86
1,0.1.0,model-level causal evidence; not a WAN measurement,decisive,92,0,carousel,512,79582204,83006082,551,551,0,273,278,19,0,0,0,0,0,905216,150696,153456,189,192,-183558,78
1,0.1.0,model-level causal evidence; not a WAN measurement,decisive,93,0,carousel,512,80316603,83706082,558,558,0,281,277,26,0,0,0,0,0,995328,155112,152904,193,190,783382,92
1,0.1.0,model-level causal evidence; not a WAN measurement,decisive,94,0,carousel,512,79639802,82806082,551,551,0,273,278,19,0,0,0,0,0,990720,150696,153456,189,192,56902,82
1,0.1.0,model-level causal evidence; not a WAN measurement,decisive,95,0,carousel,512,79151821,82506082,554,554,0,276,278,22,0,0,0,0,0,937472,152352,153456,192,193,-284569,83
1,0.1.0,model-level causal evidence; not a WAN measurement,decisive,96,0,carousel,512,80016601,83506082,556,556,0,278,278,24,0,0,0,0,0,932864,153456,153456,191,191,756801,87
1,0.1.0,model-level causal evidence; not a WAN measurement,decisive,97,0,carousel,512,80199802,83606082,556,556,0,278,278,22,0,0,0,0,0,884736,153456,153456,191,191,661550,87
1,0.1.0,model-level causal evidence; not a WAN measurement,decisive,98,0,carousel,512,79660611,83206082,562,562,0,284,278,29,0,0,0,0,0,858624,156768,153456,196,192,290129,81
1,0.1.0,model-level causal evidence; not a WAN measurement,decisive,99,0,carousel,512,80979002,84406082,560,560,0,278,282,26,0,0,0,0,0,945664,153456,155664,189,192,590885,79
1,0.1.0,model-level causal evidence; not a WAN measurement,decisive,100,0,carousel,512,80143002,83606082,557,557,0,283,274,26,0,0,0,0,0,896000,156216,151248,194,188,744314,79
1,0.1.0,model-level causal evidence; not a WAN measurement,decisive,101,0,carousel,512,80531806,84106082,557,557,0,278,279,25,0,0,0,0,0,904192,153456,154008,190,191,484614,80
1,0.1.0,model-level causal evidence; not a WAN measurement,decisive,102,0,carousel,512,79955001,83206082,553,553,0,280,273,21,0,0,0,0,0,877056,154560,150696,193,188,397185,85
1,0.1.0,model-level causal evidence; not a WAN measurement,decisive,103,0,carousel,512,81547003,84906082,558,558,0,278,280,20,0,0,0,0,0,971776,153456,154560,188,189,686469,91
1,0.1.0,model-level causal evidence; not a WAN measurement,decisive,104,0,carousel,512,81152603,84506082,555,555,0,282,273,23,0,0,0,0,0,983040,155664,150696,191,185,324692,91
1,0.1.0,model-level causal evidence; not a WAN measurement,decisive,105,0,carousel,512,80312606,83806082,561,561,0,278,283,29,0,0,0,0,0,892416,153456,156216,191,194,746869,90
1,0.1.0,model-level causal evidence; not a WAN measurement,decisive,106,0,carousel,512,81035801,84406082,556,556,0,278,278,19,0,0,0,0,0,960000,153456,153456,189,189,909488,93
1,0.1.0,model-level causal evidence; not a WAN measurement,decisive,107,0,carousel,512,81935807,85306082,559,559,0,281,278,19,0,0,0,0,0,987136,155112,153456,189,187,946865,92
1,0.1.0,model-level causal evidence; not a WAN measurement,decisive,108,0,carousel,512,82018201,85406082,556,556,0,278,278,16,0,0,0,0,0,991744,153456,153456,187,187,908541,86
1,0.1.0,model-level causal evidence; not a WAN measurement,decisive,109,0,carousel,512,81292601,84706082,556,556,0,286,270,24,0,0,0,0,0,963072,157872,149040,194,183,724985,83
1,0.1.0,model-level causal evidence; not a WAN measurement,decisive,110,0,carousel,512,81287001,84606082,558,558,0,282,276,26,0,0,0,0,0,950272,155664,152352,191,187,765739,88
1,0.1.0,model-level causal evidence; not a WAN measurement,decisive,111,0,carousel,512,82088603,85506082,556,556,0,278,278,16,0,0,0,0,0,1031168,153456,153456,186,186,775554,97
1,0.1.0,model-level causal evidence; not a WAN measurement,decisive,112,0,carousel,512,80182201,83606082,560,560,0,282,278,23,0,0,0,0,0,993792,155664,153456,194,191,754706,90
1,0.1.0,model-level causal evidence; not a WAN measurement,decisive,113,0,carousel,512,81992606,85506082,561,561,0,283,278,29,0,0,0,0,0,970240,156216,153456,190,187,699427,93
1,0.1.0,model-level causal evidence; not a WAN measurement,decisive,114,0,carousel,512,79148606,82506082,558,558,0,280,278,25,0,0,0,0,0,929280,154560,153456,195,193,-470604,92
1,0.1.0,model-level causal evidence; not a WAN measurement,decisive,115,0,carousel,512,80919001,84306082,556,556,0,278,278,16,0,0,0,0,0,1036800,153456,153456,189,189,614449,84
1,0.1.0,model-level causal evidence; not a WAN measurement,decisive,116,0,carousel,512,81127001,84506082,559,559,0,281,278,23,0,0,0,0,0,1022976,155112,153456,191,189,538054,92
1,0.1.0,model-level causal evidence; not a WAN measurement,decisive,117,0,carousel,512,81182201,84606082,557,557,0,278,279,19,0,0,0,0,0,932864,153456,154008,189,189,632967,83
1,0.1.0,model-level causal evidence; not a WAN measurement,decisive,118,0,carousel,512,83449401,86706082,558,558,0,278,280,18,0,0,0,0,0,972288,153456,154560,183,185,398800,99
1,0.1.0,model-level causal evidence; not a WAN measurement,decisive,119,0,carousel,512,80137401,83506082,556,556,0,278,278,24,0,0,0,0,0,900096,153456,153456,191,191,616092,87
1,0.1.0,model-level causal evidence; not a WAN measurement,decisive,120,0,carousel,512,81649402,85006082,556,556,0,278,278,18,0,0,0,0,0,956928,153456,153456,187,187,755794,106
1,0.1.0,model-level causal evidence; not a WAN measurement,decisive,121,0,carousel,512,79247414,82706082,559,559,0,280,279,21,0,0,0,0,0,898560,154560,154008,195,194,710047,80
1,0.1.0,model-level causal evidence; not a WAN measurement,decisive,122,0,carousel,512,82035802,85406082,556,556,0,278,278,16,0,0,0,0,0,903680,153456,153456,187,187,672746,88
1,0.1.0,model-level causal evidence; not a WAN measurement,decisive,123,0,carousel,512,80206202,83706082,553,553,0,278,275,21,0,0,0,0,0,957952,153456,151800,191,189,710688,84
1,0.1.0,model-level causal evidence; not a WAN measurement,decisive,124,0,carousel,512,80454204,83506082,556,556,0,278,278,19,0,0,0,0,0,948736,153456,153456,190,190,527577,82
1,0.1.0,model-level causal evidence; not a WAN measurement,decisive,125,0,carousel,512,81311006,84906082,556,556,0,278,278,23,0,0,0,0,0,960512,153456,153456,188,188,755052,92
1,0.1.0,model-level causal evidence; not a WAN measurement,decisive,126,0,carousel,512,80984614,84406082,560,560,0,282,278,25,0,0,0,0,0,922624,155664,153456,192,189,450720,81
1,0.1.0,model-level causal evidence; not a WAN measurement,decisive,127,0,carousel,512,80812606,84206082,556,556,0,278,278,16,0,0,0,0,0,919552,153456,153456,189,189,770651,82
1,0.1.0,model-level causal evidence; not a WAN measurement,decisive,0,0,per_stripe_fec,512,82143002,85148443,556,556,0,278,278,16,0,0,0,0,0,940032,153456,153456,186,186,778600,92
1,0.1.0,model-level causal evidence; not a WAN measurement,decisive,1,0,per_stripe_fec,512,81128602,84134043,556,556,0,278,278,16,0,0,0,0,0,918016,153456,153456,189,189,699058,83
1,0.1.0,model-level causal evidence; not a WAN measurement,decisive,2,0,per_stripe_fec,512,82315804,85321245,556,556,0,278,278,11,0,0,0,0,0,916992,153456,153456,186,186,420178,95
1,0.1.0,model-level causal evidence; not a WAN measurement,decisive,3,0,per_stripe_fec,512,81304605,84310046,556,556,0,278,278,11,0,0,0,0,0,940032,153456,153456,188,188,485885,87
1,0.1.0,model-level causal evidence; not a WAN measurement,decisive,4,0,per_stripe_fec,512,80787801,83793242,556,556,0,278,278,16,0,0,0,0,0,924160,153456,153456,189,189,764433,93
1,0.1.0,model-level causal evidence; not a WAN measurement,decisive,5,0,per_stripe_fec,512,79872202,82877643,556,556,0,278,278,16,0,0,0,0,0,909312,153456,153456,192,192,-93988,92
1,0.1.0,model-level causal evidence; not a WAN measurement,decisive,6,0,per_stripe_fec,512,83237401,86242842,556,556,0,278,278,16,0,0,0,0,0,1017856,153456,153456,184,184,388239,85
1,0.1.0,model-level causal evidence; not a WAN measurement,decisive,7,0,per_stripe_fec,512,83309401,86314842,556,556,0,278,278,12,0,0,0,0,0,979456,153456,153456,184,184,-194106,89
1,0.1.0,model-level causal evidence; not a WAN measurement,decisive,8,0,per_stripe_fec,512,80093406,83098847,556,556,0,278,278,16,0,0,0,0,0,900608,153456,153456,191,191,915867,80
1,0.1.0,model-level causal evidence; not a WAN measurement,decisive,9,0,per_stripe_fec,512,79960604,82966045,556,556,0,278,278,16,0,0,0,0,0,896000,153456,153456,191,191,719894,90
1,0.1.0,model-level causal evidence; not a WAN measurement,decisive,10,0,per_stripe_fec,512,82639802,85645243,556,556,0,278,278,8,0,0,0,0,0,967680,153456,153456,185,185,227254,85
1,0.1.0,model-level causal evidence; not a WAN measurement,decisive,11,0,per_stripe_fec,512,82809401,85814842,556,556,0,278,278,15,0,0,0,0,0,1014272,153456,153456,185,185,440456,83
1,0.1.0,model-level causal evidence; not a WAN measurement,decisive,12,0,per_stripe_fec,512,80823807,83829248,556,556,0,278,278,16,0,0,0,0,0,929792,153456,153456,189,189,185479,86
1,0.1.0,model-level causal evidence; not a WAN measurement,decisive,13,0,per_stripe_fec,512,80019801,83025242,556,556,0,278,278,12,0,0,0,0,0,819712,153456,153456,191,191,474015,73
1,0.1.0,model-level causal evidence; not a WAN measurement,decisive,14,0,per_stripe_fec,512,81495011,84500452,556,556,0,278,278,16,0,0,0,0,0,905216,153456,153456,188,188,497152,80
1,0.1.0,model-level causal evidence; not a WAN measurement,decisive,15,0,per_stripe_fec,512,81247001,84252442,556,556,0,278,278,16,0,0,0,0,0,976384,153456,153456,188,188,283749,86
1,0.1.0,model-level causal evidence; not a WAN measurement,decisive,16,0,per_stripe_fec,512,81529402,84534843,556,556,0,278,278,16,0,0,0,0,0,1009152,153456,153456,188,188,409514,93
1,0.1.0,model-level causal evidence; not a WAN measurement,decisive,17,0,per_stripe_fec,512,81513401,84518842,556,556,0,278,278,12,0,0,0,0,0,858624,153456,153456,188,188,344752,80
1,0.1.0,model-level causal evidence; not a WAN measurement,decisive,18,0,per_stripe_fec,512,81182201,84187642,556,556,0,278,278,16,0,0,0,0,0,983040,153456,153456,189,189,629938,80
1,0.1.0,model-level causal evidence; not a WAN measurement,decisive,19,0,per_stripe_fec,512,80470201,83475642,556,556,0,278,278,16,0,0,0,0,0,915456,153456,153456,190,190,469325,80
1,0.1.0,model-level causal evidence; not a WAN measurement,decisive,20,0,per_stripe_fec,512,82182201,85187642,556,556,0,278,278,16,0,0,0,0,0,949248,153456,153456,186,186,506743,84
1,0.1.0,model-level causal evidence; not a WAN measurement,decisive,21,0,per_stripe_fec,512,81006602,84012043,556,556,0,278,278,16,0,0,0,0,0,1027584,153456,153456,189,189,572392,86
1,0.1.0,model-level causal evidence; not a WAN measurement,decisive,22,0,per_stripe_fec,512,81698202,84703643,556,556,0,278,278,16,0,0,0,0,0,1029120,153456,153456,187,187,4382,93
1,0.1.0,model-level causal evidence; not a WAN measurement,decisive,23,0,per_stripe_fec,512,81187803,84193244,556,556,0,278,278,16,0,0,0,0,0,883200,153456,153456,189,189,542384,81
1,0.1.0,model-level causal evidence; not a WAN measurement,decisive,24,0,per_stripe_fec,512,82261401,85266842,556,556,0,278,278,8,0,0,0,0,0,826368,153456,153456,186,186,480293,80
1,0.1.0,model-level causal evidence; not a WAN measurement,decisive,25,0,per_stripe_fec,512,81243801,84249242,556,556,0,278,278,16,0,0,0,0,0,965632,153456,153456,188,188,395871,87
1,0.1.0,model-level causal evidence; not a WAN measurement,decisive,26,0,per_stripe_fec,512,81795804,84801245,556,556,0,278,278,10,0,0,0,0,0,888832,153456,153456,187,187,842794,80
1,0.1.0,model-level causal evidence; not a WAN measurement,decisive,27,0,per_stripe_fec,512,82198202,85203643,556,556,0,278,278,15,0,0,0,0,0,996864,153456,153456,186,186,436700,89
1,0.1.0,model-level causal evidence; not a WAN measurement,decisive,28,0,per_stripe_fec,512,83073401,86078842,556,556,0,278,278,8,0,0,0,0,0,928256,153456,153456,184,184,-432096,87
1,0.1.0,model-level causal evidence; not a WAN measurement,decisive,29,0,per_stripe_fec,512,81975801,84981242,556,556,0,278,278,8,0,0,0,0,0,899072,153456,153456,187,187,188290,81
1,0.1.0,model-level causal evidence; not a WAN measurement,decisive,30,0,per_stripe_fec,512,81245004,84250445,556,556,0,278,278,16,0,0,0,0,0,1035264,153456,153456,188,188,226814,92
1,0.1.0,model-level causal evidence; not a WAN measurement,decisive,31,0,per_stripe_fec,512,81223801,84229242,556,556,0,278,278,17,0,0,0,0,0,967168,153456,153456,188,188,407697,104
1,0.1.0,model-level causal evidence; not a WAN measurement,decisive,32,0,per_stripe_fec,512,81153002,84158443,556,556,0,278,278,17,0,0,0,0,0,961024,153456,153456,189,189,155604,84
1,0.1.0,model-level causal evidence; not a WAN measurement,decisive,33,0,per_stripe_fec,512,81245401,84250842,556,556,0,278,278,16,0,0,0,0,0,942592,153456,153456,188,188,533990,80
1,0.1.0,model-level causal evidence; not a WAN measurement,decisive,34,0,per_stripe_fec,512,80963805,83969246,556,556,0,278,278,16,0,0,0,0,0,925696,153456,153456,189,189,449110,77
1,0.1.0,model-level causal evidence; not a WAN measurement,decisive,35,0,per_stripe_fec,512,80964601,83970042,556,556,0,278,278,16,0,0,0,0,0,877568,153456,153456,189,189,564686,80
1,0.1.0,model-level causal evidence; not a WAN measurement,decisive,36,0,per_stripe_fec,512,80437407,83442848,556,556,0,278,278,16,0,0,0,0,0,855040,153456,153456,190,190,813761,80
1,0.1.0,model-level causal evidence; not a WAN measurement,decisive,37,0,per_stripe_fec,512,81728604,84734045,556,556,0,278,278,8,0,0,0,0,0,924160,153456,153456,187,187,582456,93
1,0.1.0,model-level causal evidence; not a WAN measurement,decisive,38,0,per_stripe_fec,512,82852601,85858042,556,556,0,278,278,11,0,0,0,0,0,1036288,153456,153456,185,185,149294,84
1,0.1.0,model-level causal evidence; not a WAN measurement,decisive,39,0,per_stripe_fec,512,81059804,84065245,556,556,0,278,278,18,0,0,0,0,0,950784,153456,153456,189,189,374245,82
1,0.1.0,model-level causal evidence; not a WAN measurement,decisive,40,0,per_stripe_fec,512,80467801,83473242,556,556,0,278,278,15,0,0,0,0,0,862208,153456,153456,190,190,371560,77
1,0.1.0,model-level causal evidence; not a WAN measurement,decisive,41,0,per_stripe_fec,512,82805401,85810842,556,556,0,278,278,8,0,0,0,0,0,909312,153456,153456,185,185,405271,91
1,0.1.0,model-level causal evidence; not a WAN measurement,decisive,42,0,per_stripe_fec,512,82787801,85793242,556,556,0,278,278,8,0,0,0,0,0,869888,153456,153456,185,185,266039,81
1,0.1.0,model-level causal evidence; not a WAN measurement,decisive,43,0,per_stripe_fec,512,81343804,84349245,556,556,0,278,278,17,0,0,0,0,0,922112,153456,153456,188,188,109981,83
1,0.1.0,model-level causal evidence; not a WAN measurement,decisive,44,0,per_stripe_fec,512,82005408,85010849,556,556,0,278,278,8,0,0,0,0,0,942592,153456,153456,187,187,621662,88
1,0.1.0,model-level causal evidence; not a WAN measurement,decisive,45,0,per_stripe_fec,512,80796208,83801649,556,556,0,278,278,16,0,0,0,0,0,897536,153456,153456,189,189,581722,84
1,0.1.0,model-level causal evidence; not a WAN measurement,decisive,46,0,per_stripe_fec,512,80584602,83590043,556,556,0,278,278,16,0,0,0,0,0,964608,153456,153456,190,190,617634,91
1,0.1.0,model-level causal evidence; not a WAN measurement,decisive,47,0,per_stripe_fec,512,84300602,87306043,557,557,0,279,278,8,0,0,0,0,0,982016,154008,153456,182,182,436526,93
1,0.1.0,model-level causal evidence; not a WAN measurement,decisive,48,0,per_stripe_fec,512,81269401,84274842,556,556,0,278,278,16,0,0,0,0,0,969216,153456,153456,188,188,500427,83
1,0.1.0,model-level causal evidence; not a WAN measurement,decisive,49,0,per_stripe_fec,512,81043802,84049243,556,556,0,278,278,13,0,0,0,0,0,972288,153456,153456,189,189,571992,84
1,0.1.0,model-level causal evidence; not a WAN measurement,decisive,50,0,per_stripe_fec,512,82058204,85063645,556,556,0,278,278,16,0,0,0,0,0,963072,153456,153456,187,187,601457,108
1,0.1.0,model-level causal evidence; not a WAN measurement,decisive,51,0,per_stripe_fec,512,81579005,84584446,555,555,0,278,277,12,0,0,0,0,0,986624,153456,152904,188,187,407802,86
1,0.1.0,model-level causal evidence; not a WAN measurement,decisive,52,0,per_stripe_fec,512,82273803,85279244,556,556,0,278,278,16,0,0,0,0,0,961024,153456,153456,186,186,602130,98
1,0.1.0,model-level causal evidence; not a WAN measurement,decisive,53,0,per_stripe_fec,512,82379803,85385244,558,558,0,279,279,11,0,0,0,0,0,941568,154008,154008,186,186,654175,89
1,0.1.0,model-level causal evidence; not a WAN measurement,decisive,54,0,per_stripe_fec,512,82421002,85426443,556,556,0,278,278,16,0,0,0,0,0,961024,153456,153456,186,186,307308,84
1,0.1.0,model-level causal evidence; not a WAN measurement,decisive,55,0,per_stripe_fec,512,80689405,83694846,556,556,0,278,278,16,0,0,0,0,0,1000448,153456,153456,190,190,327657,80
1,0.1.0,model-level causal evidence; not a WAN measurement,decisive,56,0,per_stripe_fec,512,81389401,84394842,556,556,0,278,278,14,0,0,0,0,0,922624,153456,153456,188,188,688492,83
1,0.1.0,model-level causal evidence; not a WAN measurement,decisive,57,0,per_stripe_fec,512,82183801,85189242,556,556,0,278,278,13,0,0,0,0,0,933376,153456,153456,186,186,403816,87
1,0.1.0,model-level causal evidence; not a WAN measurement,decisive,58,0,per_stripe_fec,512,81584602,84590043,556,556,0,278,278,16,0,0,0,0,0,919040,153456,153456,188,188,-7852,84
1,0.1.0,model-level causal evidence; not a WAN measurement,decisive,59,0,per_stripe_fec,512,81412601,84418042,556,556,0,278,278,16,0,0,0,0,0,1027584,153456,153456,188,188,575459,97
1,0.1.0,model-level causal evidence; not a WAN measurement,decisive,60,0,per_stripe_fec,512,81854201,84859642,556,556,0,278,278,10,0,0,0,0,0,897536,153456,153456,187,187,307414,84
1,0.1.0,model-level causal evidence; not a WAN measurement,decisive,61,0,per_stripe_fec,512,80933402,83938843,556,556,0,278,278,16,0,0,0,0,0,874496,153456,153456,189,189,812230,82
1,0.1.0,model-level causal evidence; not a WAN measurement,decisive,62,0,per_stripe_fec,512,81752605,84758046,556,556,0,278,278,8,0,0,0,0,0,888320,153456,153456,187,187,758049,81
1,0.1.0,model-level causal evidence; not a WAN measurement,decisive,63,0,per_stripe_fec,512,81751801,84757242,556,556,0,278,278,16,0,0,0,0,0,958976,153456,153456,187,187,562193,85
1,0.1.0,model-level causal evidence; not a WAN measurement,decisive,64,0,per_stripe_fec,512,80620608,83626049,556,556,0,278,278,16,0,0,0,0,0,918016,153456,153456,190,190,763722,87
1,0.1.0,model-level causal evidence; not a WAN measurement,decisive,65,0,per_stripe_fec,512,82837404,85842845,556,556,0,278,278,16,0,0,0,0,0,946176,153456,153456,185,185,723806,87
1,0.1.0,model-level causal evidence; not a WAN measurement,decisive,66,0,per_stripe_fec,512,83015803,86021244,556,556,0,278,278,16,0,0,0,0,0,987136,153456,153456,184,184,15921,90
1,0.1.0,model-level causal evidence; not a WAN measurement,decisive,67,0,per_stripe_fec,512,82072601,85078042,556,556,0,278,278,14,0,0,0,0,0,983552,153456,153456,186,186,350847,93
1,0.1.0,model-level causal evidence; not a WAN measurement,decisive,68,0,per_stripe_fec,512,81498204,84503645,556,556,0,278,278,16,0,0,0,0,0,910848,153456,153456,188,188,500602,83
1,0.1.0,model-level causal evidence; not a WAN measurement,decisive,69,0,per_stripe_fec,512,81639802,84645243,556,556,0,278,278,14,0,0,0,0,0,1019904,153456,153456,187,187,595746,86
1,0.1.0,model-level causal evidence; not a WAN measurement,decisive,70,0,per_stripe_fec,512,81963001,84968442,556,556,0,278,278,13,0,0,0,0,0,935424,153456,153456,187,187,614833,87
1,0.1.0,model-level causal evidence; not a WAN measurement,decisive,71,0,per_stripe_fec,512,82397404,85402845,556,556,0,278,278,14,0,0,0,0,0,1017856,153456,153456,186,186,691136,88
1,0.1.0,model-level causal evidence; not a WAN measurement,decisive,72,0,per_stripe_fec,512,81439007,84444448,556,556,0,278,278,14,0,0,0,0,0,890368,153456,153456,188,188,321565,88
1,0.1.0,model-level causal evidence; not a WAN measurement,decisive,73,0,per_stripe_fec,512,84727004,87732445,556,556,0,278,278,8,0,0,0,0,0,950784,153456,153456,181,181,-156503,91
1,0.1.0,model-level causal evidence; not a WAN measurement,decisive,74,0,per_stripe_fec,512,81965405,84970846,556,556,0,278,278,16,0,0,0,0,0,875008,153456,153456,187,187,697621,95
1,0.1.0,model-level causal evidence; not a WAN measurement,decisive,75,0,per_stripe_fec,512,80925402,83930843,556,556,0,278,278,24,0,0,0,0,0,1024512,153456,153456,189,189,691908,90
1,0.1.0,model-level causal evidence; not a WAN measurement,decisive,76,0,per_stripe_fec,512,81326203,84331644,556,556,0,278,278,16,0,0,0,0,0,918528,153456,153456,188,188,732648,88
1,0.1.0,model-level causal evidence; not a WAN measurement,decisive,77,0,per_stripe_fec,512,81639802,84645243,556,556,0,278,278,8,0,0,0,0,0,892416,153456,153456,187,187,562474,80
1,0.1.0,model-level causal evidence; not a WAN measurement,decisive,78,0,per_stripe_fec,512,81499804,84505245,556,556,0,278,278,16,0,0,0,0,0,882176,153456,153456,188,188,418968,87
1,0.1.0,model-level causal evidence; not a WAN measurement,decisive,79,0,per_stripe_fec,512,81860601,84866042,556,556,0,278,278,8,0,0,0,0,0,1006080,153456,153456,187,187,760841,93
1,0.1.0,model-level causal evidence; not a WAN measurement,decisive,80,0,per_stripe_fec,512,80871006,83876447,556,556,0,278,278,14,0,0,0,0,0,852992,153456,153456,189,189,285695,78
1,0.1.0,model-level causal evidence; not a WAN measurement,decisive,81,0,per_stripe_fec,512,81361403,84366844,556,556,0,278,278,16,0,0,0,0,0,984064,153456,153456,188,188,638441,90
1,0.1.0,model-level causal evidence; not a WAN measurement,decisive,82,0,per_stripe_fec,512,83123004,86128445,556,556,0,278,278,8,0,0,0,0,0,980480,153456,153456,184,184,-42041,92
1,0.1.0,model-level causal evidence; not a WAN measurement,decisive,83,0,per_stripe_fec,512,80634209,83639650,556,556,0,278,278,15,0,0,0,0,0,862720,153456,153456,190,190,405856,80
1,0.1.0,model-level causal evidence; not a WAN measurement,decisive,84,0,per_stripe_fec,512,80691809,83697250,556,556,0,278,278,16,0,0,0,0,0,900608,153456,153456,190,190,443628,83
1,0.1.0,model-level causal evidence; not a WAN measurement,decisive,85,0,per_stripe_fec,512,81565408,84570849,556,556,0,278,278,8,0,0,0,0,0,838144,153456,153456,188,188,230288,94
1,0.1.0,model-level causal evidence; not a WAN measurement,decisive,86,0,per_stripe_fec,512,81909401,84914842,556,556,0,278,278,18,0,0,0,0,0,1013760,153456,153456,187,187,287471,84
1,0.1.0,model-level causal evidence; not a WAN measurement,decisive,87,0,per_stripe_fec,512,80568601,83574042,556,556,0,278,278,16,0,0,0,0,0,853504,153456,153456,190,190,303382,89
1,0.1.0,model-level causal evidence; not a WAN measurement,decisive,88,0,per_stripe_fec,512,80474202,83479643,556,556,0,278,278,16,0,0,0,0,0,883200,153456,153456,190,190,792924,83
1,0.1.0,model-level causal evidence; not a WAN measurement,decisive,89,0,per_stripe_fec,512,81071801,84077242,556,556,0,278,278,16,0,0,0,0,0,946176,153456,153456,189,189,405476,80
1,0.1.0,model-level causal evidence; not a WAN measurement,decisive,90,0,per_stripe_fec,512,80034202,83039643,556,556,0,278,278,11,0,0,0,0,0,803840,153456,153456,191,191,746337,80
1,0.1.0,model-level causal evidence; not a WAN measurement,decisive,91,0,per_stripe_fec,512,82311801,85317242,556,556,0,278,278,16,0,0,0,0,0,976896,153456,153456,186,186,-158840,88
1,0.1.0,model-level causal evidence; not a WAN measurement,decisive,92,0,per_stripe_fec,512,80570201,83575642,557,557,0,279,278,16,0,0,0,0,0,922624,154008,153456,191,190,269376,75
1,0.1.0,model-level causal evidence; not a WAN measurement,decisive,93,0,per_stripe_fec,512,81100603,84106044,556,556,0,278,278,16,0,0,0,0,0,1018880,153456,153456,189,189,330531,86
1,0.1.0,model-level causal evidence; not a WAN measurement,decisive,94,0,per_stripe_fec,512,82490203,85495644,556,556,0,278,278,16,0,0,0,0,0,963072,153456,153456,186,186,-388305,84
1,0.1.0,model-level causal evidence; not a WAN measurement,decisive,95,0,per_stripe_fec,512,82907801,85913242,556,556,0,278,278,9,0,0,0,0,0,945152,153456,153456,185,185,633929,85
1,0.1.0,model-level causal evidence; not a WAN measurement,decisive,96,0,per_stripe_fec,512,82605401,85610842,556,556,0,278,278,12,0,0,0,0,0,1003520,153456,153456,185,185,342254,85
1,0.1.0,model-level causal evidence; not a WAN measurement,decisive,97,0,per_stripe_fec,512,81909401,84914842,556,556,0,278,278,19,0,0,0,0,0,1002496,153456,153456,187,187,236913,93
1,0.1.0,model-level causal evidence; not a WAN measurement,decisive,98,0,per_stripe_fec,512,81739005,84744446,556,556,0,278,278,12,0,0,0,0,0,889344,153456,153456,187,187,849528,86
1,0.1.0,model-level causal evidence; not a WAN measurement,decisive,99,0,per_stripe_fec,512,81363802,84369243,556,556,0,278,278,16,0,0,0,0,0,994304,153456,153456,188,188,653793,81
1,0.1.0,model-level causal evidence; not a WAN measurement,decisive,100,0,per_stripe_fec,512,81415003,84420444,556,556,0,278,278,14,0,0,0,0,0,930304,153456,153456,188,188,646266,86
1,0.1.0,model-level causal evidence; not a WAN measurement,decisive,101,0,per_stripe_fec,512,80750202,83755643,556,556,0,278,278,16,0,0,0,0,0,987136,153456,153456,190,190,187210,91
1,0.1.0,model-level causal evidence; not a WAN measurement,decisive,102,0,per_stripe_fec,512,82198202,85203643,556,556,0,278,278,8,0,0,0,0,0,951808,153456,153456,186,186,20029,91
1,0.1.0,model-level causal evidence; not a WAN measurement,decisive,103,0,per_stripe_fec,512,82379803,85385244,557,557,0,278,279,9,0,0,0,0,0,877568,153456,154008,186,186,105506,79
1,0.1.0,model-level causal evidence; not a WAN measurement,decisive,104,0,per_stripe_fec,512,81639802,84645243,556,556,0,278,278,16,0,0,0,0,0,952832,153456,153456,187,187,744319,82
1,0.1.0,model-level causal evidence; not a WAN measurement,decisive,105,0,per_stripe_fec,512,82671804,85677245,556,556,0,278,278,8,0,0,0,0,0,891904,153456,153456,185,185,-373605,102
1,0.1.0,model-level causal evidence; not a WAN measurement,decisive,106,0,per_stripe_fec,512,82249801,85255242,557,557,0,279,278,13,0,0,0,0,0,986112,154008,153456,187,186,540223,83
1,0.1.0,model-level causal evidence; not a WAN measurement,decisive,107,0,per_stripe_fec,512,82739408,85744849,557,557,0,278,279,9,0,0,0,0,0,944128,153456,154008,185,186,568984,81
1,0.1.0,model-level causal evidence; not a WAN measurement,decisive,108,0,per_stripe_fec,512,80267002,83272443,556,556,0,278,278,18,0,0,0,0,0,920576,153456,153456,191,191,630425,78
1,0.1.0,model-level causal evidence; not a WAN measurement,decisive,109,0,per_stripe_fec,512,82311006,85316447,556,556,0,278,278,8,0,0,0,0,0,909312,153456,153456,186,186,565080,91
1,0.1.0,model-level causal evidence; not a WAN measurement,decisive,110,0,per_stripe_fec,512,80631801,83637242,556,556,0,278,278,16,0,0,0,0,0,838656,153456,153456,190,190,486149,92
1,0.1.0,model-level causal evidence; not a WAN measurement,decisive,111,0,per_stripe_fec,512,81335006,84340447,556,556,0,278,278,15,0,0,0,0,0,984064,153456,153456,188,188,374420,92
1,0.1.0,model-level causal evidence; not a WAN measurement,decisive,112,0,per_stripe_fec,512,80864601,83870042,556,556,0,278,278,16,0,0,0,0,0,940544,153456,153456,189,189,670245,82
1,0.1.0,model-level causal evidence; not a WAN measurement,decisive,113,0,per_stripe_fec,512,82639802,85645243,556,556,0,278,278,10,0,0,0,0,0,938496,153456,153456,185,185,-186401,96
1,0.1.0,model-level causal evidence; not a WAN measurement,decisive,114,0,per_stripe_fec,512,81702204,84707645,556,556,0,278,278,16,0,0,0,0,0,962560,153456,153456,187,187,266244,82
1,0.1.0,model-level causal evidence; not a WAN measurement,decisive,115,0,per_stripe_fec,512,79947804,82953245,556,556,0,278,278,16,0,0,0,0,0,859648,153456,153456,191,191,304454,83
1,0.1.0,model-level causal evidence; not a WAN measurement,decisive,116,0,per_stripe_fec,512,82243804,85249245,556,556,0,278,278,14,0,0,0,0,0,989184,153456,153456,186,186,643659,92
1,0.1.0,model-level causal evidence; not a WAN measurement,decisive,117,0,per_stripe_fec,512,83018201,86023642,556,556,0,278,278,8,0,0,0,0,0,905216,153456,153456,184,184,-130927,89
1,0.1.0,model-level causal evidence; not a WAN measurement,decisive,118,0,per_stripe_fec,512,82016601,85022042,557,557,0,279,278,16,0,0,0,0,0,917504,154008,153456,187,187,541843,93
1,0.1.0,model-level causal evidence; not a WAN measurement,decisive,119,0,per_stripe_fec,512,80732606,83738047,556,556,0,278,278,8,0,0,0,0,0,806400,153456,153456,190,190,732949,80
1,0.1.0,model-level causal evidence; not a WAN measurement,decisive,120,0,per_stripe_fec,512,82831003,85836444,556,556,0,278,278,17,0,0,0,0,0,1039360,153456,153456,185,185,386131,92
1,0.1.0,model-level causal evidence; not a WAN measurement,decisive,121,0,per_stripe_fec,512,83351802,86357243,556,556,0,278,278,8,0,0,0,0,0,1041920,153456,153456,184,184,175237,87
1,0.1.0,model-level causal evidence; not a WAN measurement,decisive,122,0,per_stripe_fec,512,80823806,83829247,556,556,0,278,278,15,0,0,0,0,0,920064,153456,153456,189,189,776093,80
1,0.1.0,model-level causal evidence; not a WAN measurement,decisive,123,0,per_stripe_fec,512,81139802,84145243,556,556,0,278,278,16,0,0,0,0,0,910848,153456,153456,189,189,74126,77
1,0.1.0,model-level causal evidence; not a WAN measurement,decisive,124,0,per_stripe_fec,512,80876601,83882042,556,556,0,278,278,10,0,0,0,0,0,888320,153456,153456,189,189,757156,79
1,0.1.0,model-level causal evidence; not a WAN measurement,decisive,125,0,per_stripe_fec,512,81961401,84966842,556,556,0,278,278,12,0,0,0,0,0,875008,153456,153456,187,187,592280,81
1,0.1.0,model-level causal evidence; not a WAN measurement,decisive,126,0,per_stripe_fec,512,83292601,86298042,556,556,0,278,278,8,0,0,0,0,0,978944,153456,153456,184,184,506510,96
1,0.1.0,model-level causal evidence; not a WAN measurement,decisive,127,0,per_stripe_fec,512,80876603,83882044,556,556,0,278,278,8,0,0,0,0,0,884736,153456,153456,189,189,702904,82
1,0.1.0,model-level causal evidence; not a WAN measurement,decisive,0,0,best_tree0_candidate,512,158105403,161110844,1068,534,534,534,534,16,0,0,0,0,0,1842688,294768,294768,186,186,110285,93
1,0.1.0,model-level causal evidence; not a WAN measurement,decisive,1,0,best_tree0_candidate,512,154529402,157534843,1060,534,526,534,526,16,0,0,0,0,0,1680384,294768,290352,190,187,-392246,91
1,0.1.0,model-level causal evidence; not a WAN measurement,decisive,2,0,best_tree0_candidate,512,156011823,159017264,1060,534,526,534,526,18,0,0,0,0,0,1635328,294768,290352,188,186,387701,94
1,0.1.0,model-level causal evidence; not a WAN measurement,decisive,3,0,best_tree0_candidate,512,157490203,160495644,1068,534,534,534,534,16,0,0,0,0,0,1759744,294768,294768,187,187,433181,88
1,0.1.0,model-level causal evidence; not a WAN measurement,decisive,4,0,best_tree0_candidate,512,155389403,158394844,1052,534,518,534,518,16,0,0,0,0,0,1757184,294768,285936,189,184,424601,85
1,0.1.0,model-level causal evidence; not a WAN measurement,decisive,5,0,best_tree0_candidate,512,160844601,163850042,1068,534,534,534,534,18,0,0,0,0,0,1742336,294768,294768,183,183,270582,86
1,0.1.0,model-level causal evidence; not a WAN measurement,decisive,6,0,best_tree0_candidate,512,155357401,158362842,1068,534,534,534,534,21,0,0,0,0,0,1611264,294768,294768,189,189,248782,89
1,0.1.0,model-level causal evidence; not a WAN measurement,decisive,7,0,best_tree0_candidate,512,157531002,160536443,1068,534,534,534,534,16,0,0,0,0,0,1700352,294768,294768,187,187,68726,82
1,0.1.0,model-level causal evidence; not a WAN measurement,decisive,8,0,best_tree0_candidate,512,157161407,160166848,1067,534,533,534,533,24,0,0,0,0,0,1878528,294768,294216,187,187,585233,84
1,0.1.0,model-level causal evidence; not a WAN measurement,decisive,9,0,best_tree0_candidate,512,153343804,156349245,1068,534,534,534,534,16,0,0,0,0,0,1565696,294768,294768,192,192,22267,80
1,0.1.0,model-level causal evidence; not a WAN measurement,decisive,10,0,best_tree0_candidate,512,156318602,159324043,1061,534,527,534,527,17,0,0,0,0,0,1583104,294768,289800,188,185,617475,88
1,0.1.0,model-level causal evidence; not a WAN measurement,decisive,11,0,best_tree0_candidate,512,156209403,159214844,1064,534,530,534,530,22,0,0,0,0,0,1717760,294768,290352,188,185,300918,88
1,0.1.0,model-level causal evidence; not a WAN measurement,decisive,12,0,best_tree0_candidate,512,156403001,159408442,1052,534,518,534,518,16,0,0,0,0,0,1701888,294768,285936,188,182,670565,92
1,0.1.0,model-level causal evidence; not a WAN measurement,decisive,13,0,best_tree0_candidate,512,155630201,158635642,1061,534,527,534,527,17,0,0,0,0,0,1558016,294768,290904,189,186,505583,80
1,0.1.0,model-level causal evidence; not a WAN measurement,decisive,14,0,best_tree0_candidate,512,154859813,157865254,1060,534,526,534,526,19,0,0,0,0,0,1591808,294768,290352,190,187,23914,89
1,0.1.0,model-level causal evidence; not a WAN measurement,decisive,15,0,best_tree0_candidate,512,156437001,159442442,1060,534,526,534,526,16,0,0,0,0,0,1682944,294768,290352,188,185,29469,83
1,0.1.0,model-level causal evidence; not a WAN measurement,decisive,16,0,best_tree0_candidate,512,154605411,157610852,1060,534,526,534,526,21,0,0,0,0,0,1655296,294768,290352,190,187,312367,86
1,0.1.0,model-level causal evidence; not a WAN measurement,decisive,17,0,best_tree0_candidate,512,158711003,161716444,1068,534,534,534,534,18,0,0,0,0,0,1664512,294768,294768,185,185,-190710,94
1,0.1.0,model-level causal evidence; not a WAN measurement,decisive,18,0,best_tree0_candidate,512,156803005,159808446,1066,534,532,534,532,18,0,0,0,0,0,1638912,294768,290904,187,185,566188,94
1,0.1.0,model-level causal evidence; not a WAN measurement,decisive,19,0,best_tree0_candidate,512,155261401,158266842,1062,534,528,534,528,18,0,0,0,0,0,1571840,294768,291456,189,187,434402,86
1,0.1.0,model-level causal evidence; not a WAN measurement,decisive,20,0,best_tree0_candidate,512,156734201,159739642,1068,534,534,534,534,17,0,0,0,0,0,1634304,294768,294216,188,187,-14959,89
1,0.1.0,model-level causal evidence; not a WAN measurement,decisive,21,0,best_tree0_candidate,512,155980601,158986042,1060,534,526,534,526,19,0,0,0,0,0,1732096,294768,290352,188,186,203953,84
1,0.1.0,model-level causal evidence; not a WAN measurement,decisive,22,0,best_tree0_candidate,512,155712602,158718043,1060,534,526,534,526,16,0,0,0,0,0,1652224,294768,290352,189,186,370224,91
1,0.1.0,model-level causal evidence; not a WAN measurement,decisive,23,0,best_tree0_candidate,512,158201401,161206842,1069,535,534,535,534,18,0,0,0,0,0,1794048,295320,294768,186,186,191618,87
1,0.1.0,model-level causal evidence; not a WAN measurement,decisive,24,0,best_tree0_candidate,512,158079802,161085243,1068,534,534,534,534,16,0,0,0,0,0,1923584,294768,294768,186,186,-205570,96
1,0.1.0,model-level causal evidence; not a WAN measurement,decisive,25,0,best_tree0_candidate,512,156294201,159299642,1057,534,523,534,523,17,0,0,0,0,0,1675264,294768,288144,188,184,228104,85
1,0.1.0,model-level causal evidence; not a WAN measurement,decisive,26,0,best_tree0_candidate,512,157020603,160026044,1068,534,534,534,534,24,0,0,0,0,0,1873408,294768,294768,187,187,353038,101
1,0.1.0,model-level causal evidence; not a WAN measurement,decisive,27,0,best_tree0_candidate,512,154823003,157828444,1063,534,529,534,529,25,0,0,0,0,0,1620992,294768,292008,190,188,-128000,85
1,0.1.0,model-level causal evidence; not a WAN measurement,decisive,28,0,best_tree0_candidate,512,157109002,160114443,1068,534,534,534,534,16,0,0,0,0,0,1678336,294768,294768,187,187,402016,83
1,0.1.0,model-level causal evidence; not a WAN measurement,decisive,29,0,best_tree0_candidate,512,157318203,160323644,1065,534,531,534,531,19,0,0,0,0,0,1831936,294768,293112,187,186,506739,86
1,0.1.0,model-level causal evidence; not a WAN measurement,decisive,30,0,best_tree0_candidate,512,153132624,156138065,1060,534,526,534,526,24,0,0,0,0,0,1708032,294768,290352,192,189,37519,84
1,0.1.0,model-level causal evidence; not a WAN measurement,decisive,31,0,best_tree0_candidate,512,156024602,159030043,1068,534,534,534,534,16,0,0,0,0,0,1660928,294768,294768,188,188,266723,86
1,0.1.0,model-level causal evidence; not a WAN measurement,decisive,32,0,best_tree0_candidate,512,155245401,158250842,1063,534,529,534,529,19,0,0,0,0,0,1617920,294768,292008,189,188,321260,96
1,0.1.0,model-level causal evidence; not a WAN measurement,decisive,33,0,best_tree0_candidate,512,157596202,160601643,1068,534,534,534,534,17,0,0,0,0,0,1773568,294768,294768,187,187,375453,95
1,0.1.0,model-level causal evidence; not a WAN measurement,decisive,34,0,best_tree0_candidate,512,157657403,160662844,1066,534,532,534,532,18,0,0,0,0,0,1881088,294768,293664,186,186,205269,92
1,0.1.0,model-level causal evidence; not a WAN measurement,decisive,35,0,best_tree0_candidate,512,152954205,155959646,1052,534,518,534,518,16,0,0,0,0,0,1698816,294768,285936,192,186,-64866,88
1,0.1.0,model-level causal evidence; not a WAN measurement,decisive,36,0,best_tree0_candidate,512,155898201,158903642,1066,534,532,534,532,18,0,0,0,0,0,1697280,294768,293664,189,188,572639,83
1,0.1.0,model-level causal evidence; not a WAN measurement,decisive,37,0,best_tree0_candidate,512,158334201,161339642,1068,534,534,534,534,28,0,0,0,0,0,1733120,294768,294768,186,186,-224521,86
1,0.1.0,model-level causal evidence; not a WAN measurement,decisive,38,0,best_tree0_candidate,512,155245408,158250849,1060,534,526,534,526,19,0,0,0,0,0,1699328,294768,290352,189,187,563714,95
1,0.1.0,model-level causal evidence; not a WAN measurement,decisive,39,0,best_tree0_candidate,512,155237401,158242842,1067,534,533,534,533,23,0,0,0,0,0,1694720,294768,294216,189,189,601282,88
1,0.1.0,model-level causal evidence; not a WAN measurement,decisive,40,0,best_tree0_candidate,512,155006204,158011645,1069,535,534,535,534,21,0,0,0,0,0,1779712,295320,294768,190,190,693355,84
1,0.1.0,model-level causal evidence; not a WAN measurement,decisive,41,0,best_tree0_candidate,512,157265002,160270443,1068,534,534,534,534,16,0,0,0,0,0,1806336,294768,294768,187,187,525069,89
1,0.1.0,model-level causal evidence; not a WAN measurement,decisive,42,0,best_tree0_candidate,512,155787801,158793242,1059,534,525,534,525,21,0,0,0,0,0,1723904,294768,285936,189,183,577485,92
1,0.1.0,model-level causal evidence; not a WAN measurement,decisive,43,0,best_tree0_candidate,512,154403001,157408442,1060,534,526,534,526,16,0,0,0,0,0,1722368,294768,290352,190,188,-231842,93
1,0.1.0,model-level causal evidence; not a WAN measurement,decisive,44,0,best_tree0_candidate,512,157127001,160132442,1068,534,534,534,534,17,0,0,0,0,0,1780736,294768,294768,187,187,174532,86
1,0.1.0,model-level causal evidence; not a WAN measurement,decisive,45,0,best_tree0_candidate,512,153584608,156590049,1068,534,534,534,534,16,0,0,0,0,0,1492992,294768,294768,191,191,23094,81
1,0.1.0,model-level causal evidence; not a WAN measurement,decisive,46,0,best_tree0_candidate,512,155853405,158858846,1064,534,530,534,530,20,0,0,0,0,0,1688064,294768,292560,189,187,297444,89
1,0.1.0,model-level causal evidence; not a WAN measurement,decisive,47,0,best_tree0_candidate,512,154410205,157415646,1058,534,524,534,524,22,0,0,0,0,0,1684480,294768,289248,190,187,-160755,84
1,0.1.0,model-level causal evidence; not a WAN measurement,decisive,48,0,best_tree0_candidate,512,156979002,159984443,1067,534,533,534,533,16,0,0,0,0,0,1773056,290352,290352,184,184,352594,89
1,0.1.0,model-level causal evidence; not a WAN measurement,decisive,49,0,best_tree0_candidate,512,154371803,157377244,1059,534,525,534,525,23,0,0,0,0,0,1576448,294768,289800,190,187,-24469,86
1,0.1.0,model-level causal evidence; not a WAN measurement,decisive,50,0,best_tree0_candidate,512,155522216,158527657,1060,534,526,534,526,16,0,0,0,0,0,1660416,294768,290352,189,186,665743,94
1,0.1.0,model-level causal evidence; not a WAN measurement,decisive,51,0,best_tree0_candidate,512,159153002,162158443,1068,534,534,534,534,16,0,0,0,0,0,1656320,294768,294768,185,185,-408036,82
1,0.1.0,model-level causal evidence; not a WAN measurement,decisive,52,0,best_tree0_candidate,512,156941803,159947244,1068,534,534,534,534,16,0,0,0,0,0,1740288,294768,294768,187,187,88508,90
1,0.1.0,model-level causal evidence; not a WAN measurement,decisive,53,0,best_tree0_candidate,512,157200606,160206047,1060,534,526,534,526,22,0,0,0,0,0,1857536,294768,290352,187,184,388729,92
1,0.1.0,model-level causal evidence; not a WAN measurement,decisive,54,0,best_tree0_candidate,512,157081401,160086842,1060,534,526,534,526,19,0,0,0,0,0,1852928,294768,290352,187,184,475550,93
1,0.1.0,model-level causal evidence; not a WAN measurement,decisive,55,0,best_tree0_candidate,512,155375822,158381263,1053,534,519,534,519,17,0,0,0,0,0,1730048,294768,286488,189,184,472510,87
1,0.1.0,model-level causal evidence; not a WAN measurement,decisive,56,0,best_tree0_candidate,512,153907801,156913242,1067,534,533,534,533,23,0,0,0,0,0,1738752,294768,294216,191,191,34113,83
1,0.1.0,model-level causal evidence; not a WAN measurement,decisive,57,0,best_tree0_candidate,512,158523001,161528442,1068,534,534,534,534,16,0,0,0,0,0,1796608,294768,294768,185,185,93503,92
1,0.1.0,model-level causal evidence; not a WAN measurement,decisive,58,0,best_tree0_candidate,512,156253401,159258842,1066,534,532,534,532,21,0,0,0,0,0,1716736,293112,290904,187,186,605156,92
1,0.1.0,model-level causal evidence; not a WAN measurement,decisive,59,0,best_tree0_candidate,512,153899826,156905267,1062,534,528,534,528,21,0,0,0,0,0,1521664,294768,291456,191,189,294977,86
1,0.1.0,model-level causal evidence; not a WAN measurement,decisive,60,0,best_tree0_candidate,512,156019005,159024446,1062,534,528,534,528,17,0,0,0,0,0,1576960,294768,291456,188,186,656831,85
1,0.1.0,model-level causal evidence; not a WAN measurement,decisive,61,0,best_tree0_candidate,512,155299813,158305254,1060,534,526,534,526,16,0,0,0,0,0,1656320,294768,290352,189,186,480950,86
1,0.1.0,model-level causal evidence; not a WAN measurement,decisive,62,0,best_tree0_candidate,512,156029410,159034851,1059,534,525,534,525,20,0,0,0,0,0,1680384,294768,287592,188,184,525614,85
1,0.1.0,model-level causal evidence; not a WAN measurement,decisive,63,0,best_tree0_candidate,512,154892604,157898045,1060,534,526,534,526,16,0,0,0,0,0,1709568,294768,290352,190,187,139986,84
1,0.1.0,model-level causal evidence; not a WAN measurement,decisive,64,0,best_tree0_candidate,512,153947804,156953245,1065,534,531,534,531,20,0,0,0,0,0,1633280,294768,293112,191,190,78114,89
1,0.1.0,model-level causal evidence; not a WAN measurement,decisive,65,0,best_tree0_candidate,512,158547003,161552444,1068,534,534,534,534,17,0,0,0,0,0,1795072,294768,294768,185,185,120785,93
1,0.1.0,model-level causal evidence; not a WAN measurement,decisive,66,0,best_tree0_candidate,512,156569411,159574852,1061,534,527,534,527,17,0,0,0,0,0,1724928,294768,290352,188,185,499862,89
1,0.1.0,model-level causal evidence; not a WAN measurement,decisive,67,0,best_tree0_candidate,512,156852601,159858042,1067,534,533,534,533,21,0,0,0,0,0,1702912,294768,291456,187,185,95195,85
1,0.1.0,model-level causal evidence; not a WAN measurement,decisive,68,0,best_tree0_candidate,512,155551811,158557252,1060,534,526,534,526,22,0,0,0,0,0,1738752,294768,290352,189,186,639351,84
1,0.1.0,model-level causal evidence; not a WAN measurement,decisive,69,0,best_tree0_candidate,512,157584602,160590043,1066,534,532,534,532,16,0,0,0,0,0,1876992,294768,293664,187,186,189259,94
1,0.1.0,model-level causal evidence; not a WAN measurement,decisive,70,0,best_tree0_candidate,512,154934204,157939645,1067,534,533,534,533,20,0,0,0,0,0,1690624,294768,294216,190,189,85000,89
1,0.1.0,model-level causal evidence; not a WAN measurement,decisive,71,0,best_tree0_candidate,512,153383003,156388444,1052,534,518,534,518,18,0,0,0,0,0,1655296,294768,285936,192,186,-139070,95
1,0.1.0,model-level causal evidence; not a WAN measurement,decisive,72,0,best_tree0_candidate,512,154347801,157353242,1055,534,521,534,521,16,0,0,0,0,0,1702912,294768,287592,190,186,-402508,91
1,0.1.0,model-level causal evidence; not a WAN measurement,decisive,73,0,best_tree0_candidate,512,154704602,157710043,1066,534,532,534,532,21,0,0,0,0,0,1623040,294768,293664,190,189,160288,89
1,0.1.0,model-level causal evidence; not a WAN measurement,decisive,74,0,best_tree0_candidate,512,154913413,157918854,1068,534,534,534,534,16,0,0,0,0,0,1425408,294768,294768,190,190,254374,78
1,0.1.0,model-level causal evidence; not a WAN measurement,decisive,75,0,best_tree0_candidate,512,155529402,158534843,1060,534,526,534,526,16,0,0,0,0,0,1741824,294768,290352,189,186,836616,92
1,0.1.0,model-level causal evidence; not a WAN measurement,decisive,76,0,best_tree0_candidate,512,160309401,163314842,1068,534,534,534,534,16,0,0,0,0,0,1802240,294768,294768,183,183,573824,97
1,0.1.0,model-level causal evidence; not a WAN measurement,decisive,77,0,best_tree0_candidate,512,157425401,160430842,1067,534,533,534,533,17,0,0,0,0,0,1833984,294768,294216,187,186,405668,98
1,0.1.0,model-level causal evidence; not a WAN measurement,decisive,78,0,best_tree0_candidate,512,158807001,161812442,1065,534,531,534,531,17,0,0,0,0,0,1836544,294768,293112,185,184,-225872,88
1,0.1.0,model-level causal evidence; not a WAN measurement,decisive,79,0,best_tree0_candidate,512,155602203,158607644,1064,534,530,534,530,19,0,0,0,0,0,1774080,294768,292560,189,188,701434,87
1,0.1.0,model-level causal evidence; not a WAN measurement,decisive,80,0,best_tree0_candidate,512,155963001,158968442,1068,534,534,534,534,16,0,0,0,0,0,1658880,294768,294768,188,188,327849,86
1,0.1.0,model-level causal evidence; not a WAN measurement,decisive,81,0,best_tree0_candidate,512,156043802,159049243,1060,534,526,534,526,16,0,0,0,0,0,1839616,294768,290352,188,186,652748,88
1,0.1.0,model-level causal evidence; not a WAN measurement,decisive,82,0,best_tree0_candidate,512,157495011,160500452,1068,534,534,534,534,16,0,0,0,0,0,1646592,294768,294768,187,187,385262,93
1,0.1.0,model-level causal evidence; not a WAN measurement,decisive,83,0,best_tree0_candidate,512,156852601,159858042,1066,533,533,533,533,23,0,0,0,0,0,1634816,294216,290352,187,185,308876,88
1,0.1.0,model-level causal evidence; not a WAN measurement,decisive,84,0,best_tree0_candidate,512,154498211,157503652,1060,534,526,534,526,17,0,0,0,0,0,1677824,294768,290352,190,187,342153,83
1,0.1.0,model-level causal evidence; not a WAN measurement,decisive,85,0,best_tree0_candidate,512,155397420,158402861,1052,534,518,534,518,17,0,0,0,0,0,1764352,294768,285936,189,184,394332,88
1,0.1.0,model-level causal evidence; not a WAN measurement,decisive,86,0,best_tree0_candidate,512,160367802,163373243,1068,534,534,534,534,16,0,0,0,0,0,2044928,294768,294768,183,183,345271,93
1,0.1.0,model-level causal evidence; not a WAN measurement,decisive,87,0,best_tree0_candidate,512,156427003,159432444,1068,534,534,534,534,23,0,0,0,0,0,1595904,294216,290352,188,185,-23851,99
1,0.1.0,model-level causal evidence; not a WAN measurement,decisive,88,0,best_tree0_candidate,512,155239805,158245246,1060,534,526,534,526,16,0,0,0,0,0,1638912,294768,290352,189,187,260628,93
1,0.1.0,model-level causal evidence; not a WAN measurement,decisive,89,0,best_tree0_candidate,512,156147406,159152847,1068,534,534,534,534,16,0,0,0,0,0,1511936,294768,294768,188,188,487678,82
1,0.1.0,model-level causal evidence; not a WAN measurement,decisive,90,0,best_tree0_candidate,512,157427003,160432444,1067,534,533,534,533,23,0,0,0,0,0,1730048,294768,294216,187,186,462887,92
1,0.1.0,model-level causal evidence; not a WAN measurement,decisive,91,0,best_tree0_candidate,512,158285401,161290842,1068,534,534,534,534,16,0,0,0,0,0,1792000,294768,294768,186,186,-119794,94
1,0.1.0,model-level causal evidence; not a WAN measurement,decisive,92,0,best_tree0_candidate,512,154429002,157434443,1052,534,518,534,518,18,0,0,0,0,0,1743360,294768,285936,190,185,-219165,88
1,0.1.0,model-level causal evidence; not a WAN measurement,decisive,93,0,best_tree0_candidate,512,156695813,159701254,1057,534,523,534,523,21,0,0,0,0,0,1819648,292560,285936,186,182,580295,98
1,0.1.0,model-level causal evidence; not a WAN measurement,decisive,94,0,best_tree0_candidate,512,156657403,159662844,1059,534,525,534,525,17,0,0,0,0,0,1827328,294768,289248,188,184,378357,90
1,0.1.0,model-level causal evidence; not a WAN measurement,decisive,95,0,best_tree0_candidate,512,156898201,159903642,1068,534,534,534,534,23,0,0,0,0,0,1632768,293664,290352,187,185,452615,83
1,0.1.0,model-level causal evidence; not a WAN measurement,decisive,96,0,best_tree0_candidate,512,155326203,158331644,1060,534,526,534,526,21,0,0,0,0,0,1750528,294768,290352,189,186,525130,87
1,0.1.0,model-level causal evidence; not a WAN measurement,decisive,97,0,best_tree0_candidate,512,157963001,160968442,1068,534,534,534,534,16,0,0,0,0,0,1712128,294768,294768,186,186,152707,88
1,0.1.0,model-level causal evidence; not a WAN measurement,decisive,98,0,best_tree0_candidate,512,157253401,160258842,1068,534,534,534,534,17,0,0,0,0,0,1827328,294768,294768,187,187,318389,93
1,0.1.0,model-level causal evidence; not a WAN measurement,decisive,99,0,best_tree0_candidate,512,156566203,159571644,1060,534,526,534,526,16,0,0,0,0,0,1788416,294768,290352,188,185,489150,82
1,0.1.0,model-level causal evidence; not a WAN measurement,decisive,100,0,best_tree0_candidate,512,155950208,158955649,1060,534,526,534,526,16,0,0,0,0,0,1672192,294768,290352,189,186,486141,87
1,0.1.0,model-level causal evidence; not a WAN measurement,decisive,101,0,best_tree0_candidate,512,158447803,161453244,1068,534,534,534,534,16,0,0,0,0,0,1816576,294768,294768,186,186,22183,92
1,0.1.0,model-level causal evidence; not a WAN measurement,decisive,102,0,best_tree0_candidate,512,155602203,158607644,1060,534,526,534,526,16,0,0,0,0,0,1670656,294768,290352,189,186,464453,84
1,0.1.0,model-level causal evidence; not a WAN measurement,decisive,103,0,best_tree0_candidate,512,158484202,161489643,1064,534,530,534,530,16,0,0,0,0,0,1727488,294768,292560,185,184,-101361,89
1,0.1.0,model-level causal evidence; not a WAN measurement,decisive,104,0,best_tree0_candidate,512,156613412,159618853,1060,534,526,534,526,17,0,0,0,0,0,1718784,294216,289248,187,184,113836,90
1,0.1.0,model-level causal evidence; not a WAN measurement,decisive,105,0,best_tree0_candidate,512,156470605,159476046,1066,534,532,534,532,20,0,0,0,0,0,1781248,293664,292560,187,186,172118,95
1,0.1.0,model-level causal evidence; not a WAN measurement,decisive,106,0,best_tree0_candidate,512,154033402,157038843,1068,534,534,534,534,18,0,0,0,0,0,1654272,294768,294768,191,191,45345,82
1,0.1.0,model-level causal evidence; not a WAN measurement,decisive,107,0,best_tree0_candidate,512,157045402,160050843,1067,534,533,534,533,23,0,0,0,0,0,1852416,294768,294216,187,187,434923,88
1,0.1.0,model-level causal evidence; not a WAN measurement,decisive,108,0,best_tree0_candidate,512,154389404,157394845,1068,534,534,534,534,16,0,0,0,0,0,1565696,294768,294768,190,190,441725,90
1,0.1.0,model-level causal evidence; not a WAN measurement,decisive,109,0,best_tree0_candidate,512,153939804,156945245,1060,534,526,534,526,16,0,0,0,0,0,1711616,294768,290352,191,188,32874,89
1,0.1.0,model-level causal evidence; not a WAN measurement,decisive,110,0,best_tree0_candidate,512,156288204,159293645,1064,534,530,534,530,20,0,0,0,0,0,1702400,294768,290352,188,185,315229,88
1,0.1.0,model-level causal evidence; not a WAN measurement,decisive,111,0,best_tree0_candidate,512,156860601,159866042,1067,534,533,534,533,24,0,0,0,0,0,1698816,293664,290352,187,185,301112,93
1,0.1.0,model-level causal evidence; not a WAN measurement,decisive,112,0,best_tree0_candidate,512,152639802,155645243,1052,534,518,534,518,16,0,0,0,0,0,1597440,294768,285936,193,187,309027,80
1,0.1.0,model-level causal evidence; not a WAN measurement,decisive,113,0,best_tree0_candidate,512,152452604,155458045,1059,534,525,534,525,24,0,0,0,0,0,1712640,294768,289800,193,190,20688,87
1,0.1.0,model-level causal evidence; not a WAN measurement,decisive,114,0,best_tree0_candidate,512,158379803,161385244,1069,535,534,535,534,23,0,0,0,0,0,1902592,295320,294768,186,186,-162669,91
1,0.1.0,model-level causal evidence; not a WAN measurement,decisive,115,0,best_tree0_candidate,512,158445003,161450444,1068,534,534,534,534,16,0,0,0,0,0,1901568,294768,294768,186,186,-47964,90
1,0.1.0,model-level causal evidence; not a WAN measurement,decisive,116,0,best_tree0_candidate,512,155334204,158339645,1063,535,528,535,528,19,0,0,0,0,0,1697280,295320,291456,190,187,686039,92
1,0.1.0,model-level causal evidence; not a WAN measurement,decisive,117,0,best_tree0_candidate,512,158261004,161266445,1068,534,534,534,534,22,0,0,0,0,0,1802240,294768,294768,186,186,190587,96
1,0.1.0,model-level causal evidence; not a WAN measurement,decisive,118,0,best_tree0_candidate,512,153741404,156746845,1060,534,526,534,526,16,0,0,0,0,0,1789440,294768,290352,191,188,-121343,86
1,0.1.0,model-level causal evidence; not a WAN measurement,decisive,119,0,best_tree0_candidate,512,154253401,157258842,1052,534,518,534,518,16,0,0,0,0,0,1622016,294768,285936,191,185,64029,86
1,0.1.0,model-level causal evidence; not a WAN measurement,decisive,120,0,best_tree0_candidate,512,157494203,160499644,1060,534,526,534,526,18,0,0,0,0,0,1844736,294768,290352,187,184,201988,86
1,0.1.0,model-level causal evidence; not a WAN measurement,decisive,121,0,best_tree0_candidate,512,155780602,158786043,1068,534,534,534,534,17,0,0,0,0,0,1625600,294768,294768,189,189,390414,87
1,0.1.0,model-level causal evidence; not a WAN measurement,decisive,122,0,best_tree0_candidate,512,157739004,160744445,1068,534,534,534,534,16,0,0,0,0,0,1694208,294768,294768,186,186,487468,97
1,0.1.0,model-level causal evidence; not a WAN measurement,decisive,123,0,best_tree0_candidate,512,156298220,159303661,1060,534,526,534,526,21,0,0,0,0,0,1660928,294768,288696,188,184,402211,86
1,0.1.0,model-level causal evidence; not a WAN measurement,decisive,124,0,best_tree0_candidate,512,152844601,155850042,1060,534,526,534,526,19,0,0,0,0,0,1761792,294768,290352,192,189,59543,83
1,0.1.0,model-level causal evidence; not a WAN measurement,decisive,125,0,best_tree0_candidate,512,154042218,157047659,1060,534,526,534,526,16,0,0,0,0,0,1609216,294768,290352,191,188,-88993,82
1,0.1.0,model-level causal evidence; not a WAN measurement,decisive,126,0,best_tree0_candidate,512,154797401,157802842,1060,534,526,534,526,17,0,0,0,0,0,1698304,294768,290352,190,187,-273872,83
1,0.1.0,model-level causal evidence; not a WAN measurement,decisive,127,0,best_tree0_candidate,512,155379803,158385244,1060,534,526,534,526,16,0,0,0,0,0,1716736,294768,290352,189,186,434247,90
1,0.1.0,model-level causal evidence; not a WAN measurement,decisive,0,0,best_tree1_candidate,512,159695804,162701245,1068,534,534,534,534,19,0,0,0,0,0,1809408,294768,294768,184,184,57161,92
1,0.1.0,model-level causal evidence; not a WAN measurement,decisive,1,0,best_tree1_candidate,512,159474202,162479643,1068,534,534,534,534,16,0,0,0,0,0,1796608,294768,294768,184,184,210665,95
1,0.1.0,model-level causal evidence; not a WAN measurement,decisive,2,0,best_tree1_candidate,512,153738219,156743660,1060,534,526,526,534,16,0,0,0,0,0,1674240,290352,294768,188,191,170587,83
1,0.1.0,model-level causal evidence; not a WAN measurement,decisive,3,0,best_tree1_candidate,512,154467801,157473242,1059,534,525,525,534,17,0,0,0,0,0,1580032,289800,294768,187,190,199028,86
1,0.1.0,model-level causal evidence; not a WAN measurement,decisive,4,0,best_tree1_candidate,512,154831001,157836442,1061,534,527,527,534,16,0,0,0,0,0,1725952,290904,294768,187,190,292763,88
1,0.1.0,model-level causal evidence; not a WAN measurement,decisive,5,0,best_tree1_candidate,512,157229401,160234842,1062,534,528,528,534,18,0,0,0,0,0,1789440,291456,294768,185,187,408820,87
1,0.1.0,model-level causal evidence; not a WAN measurement,decisive,6,0,best_tree1_candidate,512,155575014,158580455,1063,534,529,529,534,16,0,0,0,0,0,1755648,292008,294768,187,189,788503,90
1,0.1.0,model-level causal evidence; not a WAN measurement,decisive,7,0,best_tree1_candidate,512,156928602,159934043,1068,534,534,534,534,19,0,0,0,0,0,1734144,290352,294768,185,187,443285,95
1,0.1.0,model-level causal evidence; not a WAN measurement,decisive,8,0,best_tree1_candidate,512,157755001,160760442,1062,534,528,528,534,18,0,0,0,0,0,1882112,291456,294768,184,186,-189738,89
1,0.1.0,model-level causal evidence; not a WAN measurement,decisive,9,0,best_tree1_candidate,512,155969402,158974843,1067,534,533,533,534,23,0,0,0,0,0,1625600,290352,294768,186,188,494800,90
1,0.1.0,model-level causal evidence; not a WAN measurement,decisive,10,0,best_tree1_candidate,512,157223804,160229245,1052,534,518,518,534,16,0,0,0,0,0,1914368,285936,294768,181,187,-283326,90
1,0.1.0,model-level causal evidence; not a WAN measurement,decisive,11,0,best_tree1_candidate,512,160143002,163148443,1069,535,534,534,535,17,0,0,0,0,0,1806336,294768,295320,184,184,752815,109
1,0.1.0,model-level causal evidence; not a WAN measurement,decisive,12,0,best_tree1_candidate,512,154003004,157008445,1066,534,532,532,534,22,0,0,0,0,0,1671168,293664,294768,190,191,-5851,99
1,0.1.0,model-level causal evidence; not a WAN measurement,decisive,13,0,best_tree1_candidate,512,157139801,160145242,1068,534,534,534,534,17,0,0,0,0,0,1742336,294768,294768,187,187,305135,85
1,0.1.0,model-level causal evidence; not a WAN measurement,decisive,14,0,best_tree1_candidate,512,156179003,159184444,1060,534,526,526,534,18,0,0,0,0,0,1676800,290352,293664,185,188,571388,91
1,0.1.0,model-level causal evidence; not a WAN measurement,decisive,15,0,best_tree1_candidate,512,156126204,159131645,1064,534,530,530,534,20,0,0,0,0,0,1727488,290352,294768,185,188,282213,96
1,0.1.0,model-level causal evidence; not a WAN measurement,decisive,16,0,best_tree1_candidate,512,155860601,158866042,1057,534,523,523,534,17,0,0,0,0,0,1736192,288144,294768,184,189,560198,89
1,0.1.0,model-level causal evidence; not a WAN measurement,decisive,17,0,best_tree1_candidate,512,154273002,157278443,1061,534,527,527,534,17,0,0,0,0,0,1540096,290904,294768,188,191,241016,99
1,0.1.0,model-level causal evidence; not a WAN measurement,decisive,18,0,best_tree1_candidate,512,155470205,158475646,1064,534,530,530,534,20,0,0,0,0,0,1626112,292560,294768,188,189,586254,87
1,0.1.0,model-level causal evidence; not a WAN measurement,decisive,19,0,best_tree1_candidate,512,157255002,160260443,1066,534,532,532,534,18,0,0,0,0,0,1755136,293664,294768,186,187,313005,92
1,0.1.0,model-level causal evidence; not a WAN measurement,decisive,20,0,best_tree1_candidate,512,156548601,159554042,1065,534,531,531,534,18,0,0,0,0,0,1573376,290352,294768,185,188,325063,87
1,0.1.0,model-level causal evidence; not a WAN measurement,decisive,21,0,best_tree1_candidate,512,156403001,159408442,1060,534,526,526,534,19,0,0,0,0,0,1808384,288696,294768,184,188,131554,92
1,0.1.0,model-level causal evidence; not a WAN measurement,decisive,22,0,best_tree1_candidate,512,155412601,158418042,1060,534,526,526,534,16,0,0,0,0,0,1649664,290352,294768,186,189,442417,87
1,0.1.0,model-level causal evidence; not a WAN measurement,decisive,23,0,best_tree1_candidate,512,156178204,159183645,1060,534,526,526,534,16,0,0,0,0,0,1747456,290352,294768,185,188,257015,102
1,0.1.0,model-level causal evidence; not a WAN measurement,decisive,24,0,best_tree1_candidate,512,157438203,160443644,1068,534,534,534,534,16,0,0,0,0,0,1799680,294768,294768,187,187,401079,86
1,0.1.0,model-level causal evidence; not a WAN measurement,decisive,25,0,best_tree1_candidate,512,155957404,158962845,1068,534,534,534,534,21,0,0,0,0,0,1560064,294768,294768,189,189,454406,91
1,0.1.0,model-level causal evidence; not a WAN measurement,decisive,26,0,best_tree1_candidate,512,156203010,159208451,1066,534,532,532,534,22,0,0,0,0,0,1668608,290352,294768,185,188,481756,88
1,0.1.0,model-level causal evidence; not a WAN measurement,decisive,27,0,best_tree1_candidate,512,159024602,162030043,1068,534,534,534,534,19,0,0,0,0,0,1820160,294768,294768,185,185,217857,93
1,0.1.0,model-level causal evidence; not a WAN measurement,decisive,28,0,best_tree1_candidate,512,153488608,156494049,1060,534,526,526,534,16,0,0,0,0,0,1669120,290352,294768,189,192,39148,89
1,0.1.0,model-level causal evidence; not a WAN measurement,decisive,29,0,best_tree1_candidate,512,154774203,157779644,1067,534,533,533,534,27,0,0,0,0,0,1669120,294216,294768,190,190,125274,83
1,0.1.0,model-level causal evidence; not a WAN measurement,decisive,30,0,best_tree1_candidate,512,155688601,158694042,1068,534,534,534,534,16,0,0,0,0,0,1569280,294768,294768,189,189,470130,92
1,0.1.0,model-level causal evidence; not a WAN measurement,decisive,31,0,best_tree1_candidate,512,152201402,155206843,1051,534,517,517,534,17,0,0,0,0,0,1649664,285384,294768,187,193,218140,90
1,0.1.0,model-level causal evidence; not a WAN measurement,decisive,32,0,best_tree1_candidate,512,155237401,158242842,1057,534,523,523,534,16,0,0,0,0,0,1641472,288696,294768,185,189,214535,93
1,0.1.0,model-level causal evidence; not a WAN measurement,decisive,33,0,best_tree1_candidate,512,153679001,156684442,1060,534,526,526,534,16,0,0,0,0,0,1659392,290352,294768,188,191,282341,86
1,0.1.0,model-level causal evidence; not a WAN measurement,decisive,34,0,best_tree1_candidate,512,159374202,162379643,1068,534,534,534,534,19,0,0,0,0,0,1880576,294768,294768,184,184,137065,98
1,0.1.0,model-level causal evidence; not a WAN measurement,decisive,35,0,best_tree1_candidate,512,156884604,159890045,1060,534,526,526,534,23,0,0,0,0,0,1688576,285936,294768,182,187,389510,90
1,0.1.0,model-level causal evidence; not a WAN measurement,decisive,36,0,best_tree1_candidate,512,156015001,159020442,1068,534,534,534,534,16,0,0,0,0,0,1612288,294768,294768,188,188,179337,84
1,0.1.0,model-level causal evidence; not a WAN measurement,decisive,37,0,best_tree1_candidate,512,159251402,162256843,1070,535,535,535,535,18,0,0,0,0,0,1788416,295320,295320,185,185,-117408,83
1,0.1.0,model-level causal evidence; not a WAN measurement,decisive,38,0,best_tree1_candidate,512,154655007,157660448,1052,534,518,518,534,17,0,0,0,0,0,1702912,285936,294768,184,190,-309261,89
1,0.1.0,model-level causal evidence; not a WAN measurement,decisive,39,0,best_tree1_candidate,512,158061403,161066844,1066,534,532,532,534,16,0,0,0,0,0,1850368,293664,294768,185,186,-218372,88
1,0.1.0,model-level causal evidence; not a WAN measurement,decisive,40,0,best_tree1_candidate,512,157619008,160624449,1064,534,530,530,534,19,0,0,0,0,0,1880576,292560,294768,185,187,-38331,99
1,0.1.0,model-level causal evidence; not a WAN measurement,decisive,41,0,best_tree1_candidate,512,156492607,159498048,1060,534,526,526,534,16,0,0,0,0,0,1810944,290352,294768,185,188,64844,91
1,0.1.0,model-level causal evidence; not a WAN measurement,decisive,42,0,best_tree1_candidate,512,155868602,158874043,1059,534,525,525,534,22,0,0,0,0,0,1672192,289800,294768,185,189,259632,92
1,0.1.0,model-level causal evidence; not a WAN measurement,decisive,43,0,best_tree1_candidate,512,159022205,162027646,1069,535,534,534,535,17,0,0,0,0,0,1696768,294768,295320,185,185,167765,85
1,0.1.0,model-level causal evidence; not a WAN measurement,decisive,44,0,best_tree1_candidate,512,154648605,157654046,1052,534,518,518,534,16,0,0,0,0,0,1707008,285936,294768,184,190,-367524,97
1,0.1.0,model-level causal evidence; not a WAN measurement,decisive,45,0,best_tree1_candidate,512,153933401,156938842,1060,534,526,526,534,20,0,0,0,0,0,1530368,290352,294768,188,191,233237,92
1,0.1.0,model-level causal evidence; not a WAN measurement,decisive,46,0,best_tree1_candidate,512,158035802,161041243,1068,534,534,534,534,19,0,0,0,0,0,1799680,294768,294768,186,186,-127616,88
1,0.1.0,model-level causal evidence; not a WAN measurement,decisive,47,0,best_tree1_candidate,512,159243004,162248445,1064,534,530,530,534,21,0,0,0,0,0,1852416,292560,294768,183,185,86336,91
1,0.1.0,model-level causal evidence; not a WAN measurement,decisive,48,0,best_tree1_candidate,512,155912202,158917643,1069,535,534,534,535,19,0,0,0,0,0,1655296,294216,295320,188,189,304714,91
1,0.1.0,model-level causal evidence; not a WAN measurement,decisive,49,0,best_tree1_candidate,512,156594202,159599643,1061,534,527,527,534,19,0,0,0,0,0,1657344,290352,293112,185,187,304813,90
1,0.1.0,model-level causal evidence; not a WAN measurement,decisive,50,0,best_tree1_candidate,512,157155802,160161243,1058,534,524,524,534,20,0,0,0,0,0,1826304,289248,294768,184,187,497429,91
1,0.1.0,model-level causal evidence; not a WAN measurement,decisive,51,0,best_tree1_candidate,512,157915802,160921243,1068,534,534,534,534,18,0,0,0,0,0,1754624,294768,294768,186,186,-55630,89
1,0.1.0,model-level causal evidence; not a WAN measurement,decisive,52,0,best_tree1_candidate,512,154391804,157397245,1061,535,526,526,535,19,0,0,0,0,0,1617408,290352,295320,188,191,263590,83
1,0.1.0,model-level causal evidence; not a WAN measurement,decisive,53,0,best_tree1_candidate,512,153963805,156969246,1052,534,518,518,534,16,0,0,0,0,0,1559552,285936,294768,185,191,258129,89
1,0.1.0,model-level causal evidence; not a WAN measurement,decisive,54,0,best_tree1_candidate,512,154474202,157479643,1056,534,522,522,534,20,0,0,0,0,0,1616896,288144,294768,186,190,459725,95
1,0.1.0,model-level causal evidence; not a WAN measurement,decisive,55,0,best_tree1_candidate,512,153942208,156947649,1060,534,526,526,534,16,0,0,0,0,0,1590272,290352,294768,188,191,-358710,90
1,0.1.0,model-level causal evidence; not a WAN measurement,decisive,56,0,best_tree1_candidate,512,155071805,158077246,1060,534,526,526,534,16,0,0,0,0,0,1754112,290352,294768,187,190,554151,94
1,0.1.0,model-level causal evidence; not a WAN measurement,decisive,57,0,best_tree1_candidate,512,157568601,160574042,1064,534,530,530,534,19,0,0,0,0,0,1893376,292560,294768,185,187,-188010,89
1,0.1.0,model-level causal evidence; not a WAN measurement,decisive,58,0,best_tree1_candidate,512,155289001,158294442,1060,534,526,526,534,16,0,0,0,0,0,1624064,290352,294768,186,189,724379,83
1,0.1.0,model-level causal evidence; not a WAN measurement,decisive,59,0,best_tree1_candidate,512,159474202,162479643,1068,534,534,534,534,16,0,0,0,0,0,1741312,294768,294768,184,184,18979,94
1,0.1.0,model-level causal evidence; not a WAN measurement,decisive,60,0,best_tree1_candidate,512,155421406,158426847,1064,534,530,530,534,20,0,0,0,0,0,1580032,292560,294768,188,189,706919,83
1,0.1.0,model-level causal evidence; not a WAN measurement,decisive,61,0,best_tree1_candidate,512,155774204,158779645,1065,534,531,531,534,21,0,0,0,0,0,1713152,293112,294768,188,189,480762,88
1,0.1.0,model-level causal evidence; not a WAN measurement,decisive,62,0,best_tree1_candidate,512,158099002,161104443,1068,534,534,534,534,16,0,0,0,0,0,1742336,294768,294768,186,186,332127,85
1,0.1.0,model-level causal evidence; not a WAN measurement,decisive,63,0,best_tree1_candidate,512,154497415,157502856,1052,534,518,518,534,12,0,0,0,0,0,1642496,285936,294768,185,190,46375,87
1,0.1.0,model-level causal evidence; not a WAN measurement,decisive,64,0,best_tree1_candidate,512,156004601,159010042,1068,534,534,534,534,21,0,0,0,0,0,1640960,292008,294768,187,188,216891,92
1,0.1.0,model-level causal evidence; not a WAN measurement,decisive,65,0,best_tree1_candidate,512,156502204,159507645,1062,534,528,528,534,18,0,0,0,0,0,1646080,290352,294768,185,188,33071,86
1,0.1.0,model-level causal evidence; not a WAN measurement,decisive,66,0,best_tree1_candidate,512,157182201,160187642,1066,534,532,532,534,19,0,0,0,0,0,1840128,293664,294768,186,187,419350,90
1,0.1.0,model-level causal evidence; not a WAN measurement,decisive,67,0,best_tree1_candidate,512,155979002,158984443,1059,534,525,525,534,22,0,0,0,0,0,1734656,289248,294768,185,188,217878,86
1,0.1.0,model-level causal evidence; not a WAN measurement,decisive,68,0,best_tree1_candidate,512,154271002,157276443,1052,534,518,518,534,18,0,0,0,0,0,1671680,285936,294768,185,191,-42889,86
1,0.1.0,model-level causal evidence; not a WAN measurement,decisive,69,0,best_tree1_candidate,512,156511012,159516453,1061,534,527,527,534,17,0,0,0,0,0,1670656,290352,293112,185,187,376321,83
1,0.1.0,model-level causal evidence; not a WAN measurement,decisive,70,0,best_tree1_candidate,512,157201401,160206842,1060,534,526,526,534,25,0,0,0,0,0,1856000,290352,294768,184,187,72509,87
1,0.1.0,model-level causal evidence; not a WAN measurement,decisive,71,0,best_tree1_candidate,512,156607806,159613247,1060,534,526,526,534,16,0,0,0,0,0,1647104,288144,292560,183,186,417298,84
1,0.1.0,model-level causal evidence; not a WAN measurement,decisive,72,0,best_tree1_candidate,512,154351801,157357242,1060,534,526,526,534,16,0,0,0,0,0,1558016,290352,294768,188,190,236937,92
1,0.1.0,model-level causal evidence; not a WAN measurement,decisive,73,0,best_tree1_candidate,512,154639802,157645243,1068,534,534,534,534,16,0,0,0,0,0,1508352,294768,294768,190,190,168986,93
1,0.1.0,model-level causal evidence; not a WAN measurement,decisive,74,0,best_tree1_candidate,512,155965405,158970846,1065,534,531,531,534,21,0,0,0,0,0,1645568,290352,294768,186,188,423509,93
1,0.1.0,model-level causal evidence; not a WAN measurement,decisive,75,0,best_tree1_candidate,512,153845405,156850846,1052,534,518,518,534,16,0,0,0,0,0,1711104,285936,294768,185,191,88967,87
1,0.1.0,model-level causal evidence; not a WAN measurement,decisive,76,0,best_tree1_candidate,512,153837404,156842845,1068,534,534,534,534,18,0,0,0,0,0,1536512,294768,294768,191,191,-42024,86
1,0.1.0,model-level causal evidence; not a WAN measurement,decisive,77,0,best_tree1_candidate,512,155257405,158262846,1059,534,525,525,534,19,0,0,0,0,0,1714176,289800,294768,186,189,261245,87
1,0.1.0,model-level causal evidence; not a WAN measurement,decisive,78,0,best_tree1_candidate,512,159148606,162154047,1060,534,526,526,534,18,0,0,0,0,0,1746432,290352,294768,182,185,148774,90
1,0.1.0,model-level causal evidence; not a WAN measurement,decisive,79,0,best_tree1_candidate,512,156482209,159487650,1062,534,528,528,534,23,0,0,0,0,0,1654784,289800,293112,185,187,242349,94
1,0.1.0,model-level causal evidence; not a WAN measurement,decisive,80,0,best_tree1_candidate,512,154472609,157478050,1058,534,524,524,534,20,0,0,0,0,0,1602048,289248,294768,187,190,257502,89
1,0.1.0,model-level causal evidence; not a WAN measurement,decisive,81,0,best_tree1_candidate,512,155983810,158989251,1052,534,518,518,534,16,0,0,0,0,0,1631744,285936,294768,183,188,538172,85
1,0.1.0,model-level causal evidence; not a WAN measurement,decisive,82,0,best_tree1_candidate,512,154594202,157599643,1052,534,518,518,534,22,0,0,0,0,0,1684992,285936,294768,184,190,385394,90
1,0.1.0,model-level causal evidence; not a WAN measurement,decisive,83,0,best_tree1_candidate,512,153309413,156314854,1060,534,526,526,534,25,0,0,0,0,0,1695232,290352,294768,189,192,-274006,88
1,0.1.0,model-level causal evidence; not a WAN measurement,decisive,84,0,best_tree1_candidate,512,155739813,158745254,1068,534,534,534,534,18,0,0,0,0,0,1540096,294768,294768,189,189,168364,83
1,0.1.0,model-level causal evidence; not a WAN measurement,decisive,85,0,best_tree1_candidate,512,155848601,158854042,1058,534,524,524,534,17,0,0,0,0,0,1662464,289248,294768,185,189,614206,100
1,0.1.0,model-level causal evidence; not a WAN measurement,decisive,86,0,best_tree1_candidate,512,155687001,158692442,1060,534,526,526,534,16,0,0,0,0,0,1710592,290352,294768,186,189,337983,84
1,0.1.0,model-level causal evidence; not a WAN measurement,decisive,87,0,best_tree1_candidate,512,155308602,158314043,1065,534,531,531,534,21,0,0,0,0,0,1636352,293112,294768,188,189,487623,90
1,0.1.0,model-level causal evidence; not a WAN measurement,decisive,88,0,best_tree1_candidate,512,156529402,159534843,1068,534,534,534,534,19,0,0,0,0,0,1603072,293664,294768,187,188,258794,84
1,0.1.0,model-level causal evidence; not a WAN measurement,decisive,89,0,best_tree1_candidate,512,157542202,160547643,1068,534,534,534,534,16,0,0,0,0,0,1970688,294768,294768,187,187,-285002,91
1,0.1.0,model-level causal evidence; not a WAN measurement,decisive,90,0,best_tree1_candidate,512,155174201,158179642,1060,534,526,526,534,16,0,0,0,0,0,1657856,290352,294768,187,189,626574,92
1,0.1.0,model-level causal evidence; not a WAN measurement,decisive,91,0,best_tree1_candidate,512,154991006,157996447,1060,534,526,526,534,16,0,0,0,0,0,1660416,290352,294768,187,190,315691,80
1,0.1.0,model-level causal evidence; not a WAN measurement,decisive,92,0,best_tree1_candidate,512,156350205,159355646,1068,534,534,534,534,20,0,0,0,0,0,1714176,292560,294768,187,188,325408,98
1,0.1.0,model-level causal evidence; not a WAN measurement,decisive,93,0,best_tree1_candidate,512,156392602,159398043,1068,534,534,534,534,16,0,0,0,0,0,1606144,294768,294768,188,188,143085,81
1,0.1.0,model-level causal evidence; not a WAN measurement,decisive,94,0,best_tree1_candidate,512,156424602,159430043,1063,534,529,529,534,19,0,0,0,0,0,1724928,289248,294768,184,188,570767,91
1,0.1.0,model-level causal evidence; not a WAN measurement,decisive,95,0,best_tree1_candidate,512,155210202,158215643,1068,534,534,534,534,16,0,0,0,0,0,1686016,294768,294768,189,189,217005,87
1,0.1.0,model-level causal evidence; not a WAN measurement,decisive,96,0,best_tree1_candidate,512,155089801,158095242,1059,534,525,525,534,16,0,0,0,0,0,1819136,289800,294768,186,190,385306,90
1,0.1.0,model-level causal evidence; not a WAN measurement,decisive,97,0,best_tree1_candidate,512,155546205,158551646,1060,534,526,526,534,24,0,0,0,0,0,1844224,290352,294768,186,189,725009,88
1,0.1.0,model-level causal evidence; not a WAN measurement,decisive,98,0,best_tree1_candidate,512,157831003,160836444,1068,534,534,534,534,20,0,0,0,0,0,1937920,294768,294768,186,186,191125,88
1,0.1.0,model-level causal evidence; not a WAN measurement,decisive,99,0,best_tree1_candidate,512,153444604,156450045,1060,534,526,526,534,18,0,0,0,0,0,1592832,290352,294768,189,192,-120415,80
1,0.1.0,model-level causal evidence; not a WAN measurement,decisive,100,0,best_tree1_candidate,512,157269401,160274842,1066,534,532,532,534,19,0,0,0,0,0,1802240,293664,294768,186,187,224999,85
1,0.1.0,model-level causal evidence; not a WAN measurement,decisive,101,0,best_tree1_candidate,512,157113404,160118845,1060,534,526,526,534,16,0,0,0,0,0,1818624,290352,294768,184,187,102934,94
1,0.1.0,model-level causal evidence; not a WAN measurement,decisive,102,0,best_tree1_candidate,512,157687001,160692442,1060,534,526,526,534,16,0,0,0,0,0,1748480,290352,294768,184,186,204230,93
1,0.1.0,model-level causal evidence; not a WAN measurement,decisive,103,0,best_tree1_candidate,512,156298204,159303645,1065,534,531,531,534,21,0,0,0,0,0,1761280,290904,294768,186,188,408533,83
1,0.1.0,model-level causal evidence; not a WAN measurement,decisive,104,0,best_tree1_candidate,512,158727004,161732445,1068,534,534,534,534,18,0,0,0,0,0,1699840,294768,294768,185,185,-25258,83
1,0.1.0,model-level causal evidence; not a WAN measurement,decisive,105,0,best_tree1_candidate,512,153668604,156674045,1052,534,518,518,534,16,0,0,0,0,0,1716736,285936,294768,186,191,302724,99
1,0.1.0,model-level causal evidence; not a WAN measurement,decisive,106,0,best_tree1_candidate,512,156363802,159369243,1060,534,526,526,534,16,0,0,0,0,0,1639424,290352,294768,185,188,463894,88
1,0.1.0,model-level causal evidence; not a WAN measurement,decisive,107,0,best_tree1_candidate,512,153936610,156942051,1056,534,522,522,534,20,0,0,0,0,0,1530880,288144,294768,187,191,-10029,89
1,0.1.0,model-level causal evidence; not a WAN measurement,decisive,108,0,best_tree1_candidate,512,157804602,160810043,1060,534,526,526,534,19,0,0,0,0,0,1698304,290352,294768,183,186,496847,97
1,0.1.0,model-level causal evidence; not a WAN measurement,decisive,109,0,best_tree1_candidate,512,157742201,160747642,1068,534,534,534,534,16,0,0,0,0,0,1893888,294768,294768,186,186,249250,89
1,0.1.0,model-level causal evidence; not a WAN measurement,decisive,110,0,best_tree1_candidate,512,157424605,160430046,1068,534,534,534,534,16,0,0,0,0,0,1762816,294768,294768,187,187,40964,87
1,0.1.0,model-level causal evidence; not a WAN measurement,decisive,111,0,best_tree1_candidate,512,157311801,160317242,1064,534,530,530,534,20,0,0,0,0,0,1755648,292560,294768,185,187,516081,91
1,0.1.0,model-level causal evidence; not a WAN measurement,decisive,112,0,best_tree1_candidate,512,156759802,159765243,1067,534,533,533,534,22,0,0,0,0,0,1647104,290352,291456,185,185,473266,90
1,0.1.0,model-level causal evidence; not a WAN measurement,decisive,113,0,best_tree1_candidate,512,157647803,160653244,1062,534,528,528,534,18,0,0,0,0,0,1779200,291456,294768,184,186,229582,90
1,0.1.0,model-level causal evidence; not a WAN measurement,decisive,114,0,best_tree1_candidate,512,153458201,156463642,1052,534,518,518,534,24,0,0,0,0,0,1645568,285936,294768,186,192,139516,86
1,0.1.0,model-level causal evidence; not a WAN measurement,decisive,115,0,best_tree1_candidate,512,156971001,159976442,1068,534,534,534,534,17,0,0,0,0,0,1759232,293112,293112,186,186,232693,87
1,0.1.0,model-level causal evidence; not a WAN measurement,decisive,116,0,best_tree1_candidate,512,155363802,158369243,1068,534,534,534,534,19,0,0,0,0,0,1635840,294768,294768,189,189,471138,88
1,0.1.0,model-level causal evidence; not a WAN measurement,decisive,117,0,best_tree1_candidate,512,154435003,157440444,1060,534,526,526,534,16,0,0,0,0,0,1728000,290352,294768,188,190,378839,84
1,0.1.0,model-level causal evidence; not a WAN measurement,decisive,118,0,best_tree1_candidate,512,154115003,157120444,1060,534,526,526,534,23,0,0,0,0,0,1667584,290352,294768,188,191,31943,87
1,0.1.0,model-level causal evidence; not a WAN measurement,decisive,119,0,best_tree1_candidate,512,155878202,158883643,1063,534,529,529,534,19,0,0,0,0,0,1644544,292008,294768,187,189,455014,83
1,0.1.0,model-level causal evidence; not a WAN measurement,decisive,120,0,best_tree1_candidate,512,157255002,160260443,1065,534,531,531,534,21,0,0,0,0,0,1783296,293112,294768,186,187,493928,92
1,0.1.0,model-level causal evidence; not a WAN measurement,decisive,121,0,best_tree1_candidate,512,157183801,160189242,1063,534,529,529,534,19,0,0,0,0,0,1748992,292008,294768,185,187,589474,82
1,0.1.0,model-level causal evidence; not a WAN measurement,decisive,122,0,best_tree1_candidate,512,155144602,158150043,1060,534,526,526,534,18,0,0,0,0,0,1654784,290352,294768,187,189,555647,82
1,0.1.0,model-level causal evidence; not a WAN measurement,decisive,123,0,best_tree1_candidate,512,152237401,155242842,1052,534,518,518,534,21,0,0,0,0,0,1498624,285936,294768,187,193,426783,88
1,0.1.0,model-level causal evidence; not a WAN measurement,decisive,124,0,best_tree1_candidate,512,155403001,158408442,1060,534,526,526,534,16,0,0,0,0,0,1566720,290352,294768,186,189,123279,85
1,0.1.0,model-level causal evidence; not a WAN measurement,decisive,125,0,best_tree1_candidate,512,155435003,158440444,1063,534,529,529,534,19,0,0,0,0,0,1619456,292008,294768,187,189,322081,93
1,0.1.0,model-level causal evidence; not a WAN measurement,decisive,126,0,best_tree1_candidate,512,155562204,158567645,1068,534,534,534,534,17,0,0,0,0,0,1756672,294768,294768,189,189,150044,84
1,0.1.0,model-level causal evidence; not a WAN measurement,decisive,127,0,best_tree1_candidate,512,155281001,158286442,1059,534,525,525,534,16,0,0,0,0,0,1547264,289800,294768,186,189,520637,90
1,0.1.0,model-level causal evidence; not a WAN measurement,screening,0,25,carousel,512,80344201,83706082,556,556,0,278,278,16,0,0,0,0,0,1029632,153456,153456,190,190,817387,89
1,0.1.0,model-level causal evidence; not a WAN measurement,screening,1,25,carousel,512,80079801,83506082,561,561,0,278,283,29,0,0,0,0,0,954368,153456,156216,191,195,649765,80
1,0.1.0,model-level causal evidence; not a WAN measurement,screening,2,25,carousel,512,80199403,83506082,555,555,0,273,282,23,0,0,0,0,0,907776,150696,155664,187,194,706714,103
1,0.1.0,model-level causal evidence; not a WAN measurement,screening,3,25,carousel,512,80481804,83606082,555,555,0,277,278,22,0,0,0,0,0,1016832,152904,153456,189,190,317006,86
1,0.1.0,model-level causal evidence; not a WAN measurement,screening,4,25,carousel,512,79559001,82906082,556,556,0,278,278,24,0,0,0,0,0,956416,153456,153456,192,192,-263320,79
1,0.1.0,model-level causal evidence; not a WAN measurement,screening,5,25,carousel,512,79417404,82806082,556,556,0,278,278,19,0,0,0,0,0,915968,153456,153456,193,193,-211204,80
1,0.1.0,model-level causal evidence; not a WAN measurement,screening,6,25,carousel,512,80825001,84206082,559,559,0,278,281,19,0,0,0,0,0,1014784,153456,155112,189,191,702782,85
1,0.1.0,model-level causal evidence; not a WAN measurement,screening,7,25,carousel,512,79628202,83006082,560,560,0,278,282,20,0,0,0,0,0,928256,153456,155664,192,195,-447036,89
1,0.1.0,model-level causal evidence; not a WAN measurement,screening,8,25,carousel,512,81050202,84406082,556,556,0,278,278,24,0,0,0,0,0,975360,153456,153456,189,189,171728,88
1,0.1.0,model-level causal evidence; not a WAN measurement,screening,9,25,carousel,512,80831002,84206082,555,555,0,273,282,23,0,0,0,0,0,943104,150696,155664,186,192,517191,92
1,0.1.0,model-level causal evidence; not a WAN measurement,screening,10,25,carousel,512,80791407,84106082,559,559,0,279,280,19,0,0,0,0,0,886784,154008,154560,190,191,743700,79
1,0.1.0,model-level causal evidence; not a WAN measurement,screening,11,25,carousel,512,79032604,82406082,560,560,0,282,278,27,0,0,0,0,0,924160,155664,153456,196,194,-25275,82
1,0.1.0,model-level causal evidence; not a WAN measurement,screening,12,25,carousel,512,80351804,83506082,548,548,0,270,278,16,0,0,0,0,0,904704,149040,153456,185,190,708195,81
1,0.1.0,model-level causal evidence; not a WAN measurement,screening,13,25,carousel,512,80596603,84006082,559,559,0,278,281,22,0,0,0,0,0,1061376,153456,155112,190,192,280375,89
1,0.1.0,model-level causal evidence; not a WAN measurement,screening,14,25,carousel,512,80154207,83506082,556,556,0,278,278,16,0,0,0,0,0,940032,153456,153456,191,191,767273,83
1,0.1.0,model-level causal evidence; not a WAN measurement,screening,15,25,carousel,512,81189002,84606082,556,556,0,278,278,20,0,0,0,0,0,1021952,153456,153456,189,189,507406,85
1,0.1.0,model-level causal evidence; not a WAN measurement,screening,16,25,carousel,512,80354203,83706082,556,556,0,278,278,23,0,0,0,0,0,1061376,153456,153456,190,190,684128,89
1,0.1.0,model-level causal evidence; not a WAN measurement,screening,17,25,carousel,512,78474607,81906082,558,558,0,282,276,26,0,0,0,0,0,879616,155664,152352,198,194,78225,81
1,0.1.0,model-level causal evidence; not a WAN measurement,screening,18,25,carousel,512,79695001,83106082,556,556,0,270,286,21,0,0,0,0,0,904192,149040,157872,187,198,165231,82
1,0.1.0,model-level causal evidence; not a WAN measurement,screening,19,25,carousel,512,79413402,82906082,556,556,0,278,278,22,0,0,0,0,0,999424,153456,153456,193,193,-250387,81
1,0.1.0,model-level causal evidence; not a WAN measurement,screening,20,25,carousel,512,79773802,83206082,560,560,0,278,282,27,0,0,0,0,0,964096,153456,155664,192,195,55738,79
1,0.1.0,model-level causal evidence; not a WAN measurement,screening,21,25,carousel,512,79259406,82606082,556,556,0,278,278,16,0,0,0,0,0,943616,153456,153456,193,193,655629,89
1,0.1.0,model-level causal evidence; not a WAN measurement,screening,22,25,carousel,512,79202202,82606082,556,556,0,278,278,23,0,0,0,0,0,972288,153456,153456,193,193,-126133,85
1,0.1.0,model-level causal evidence; not a WAN measurement,screening,23,25,carousel,512,80099402,83506082,556,556,0,278,278,24,0,0,0,0,0,926720,153456,153456,191,191,559708,86
1,0.1.0,model-level causal evidence; not a WAN measurement,screening,24,25,carousel,512,79700602,83106082,560,560,0,282,278,20,0,0,0,0,0,883200,155664,153456,195,192,-699019,88
1,0.1.0,model-level causal evidence; not a WAN measurement,screening,25,25,carousel,512,79866205,83206082,554,554,0,276,278,16,0,0,0,0,0,986112,152352,153456,190,192,585092,87
1,0.1.0,model-level causal evidence; not a WAN measurement,screening,26,25,carousel,512,78989001,82406082,556,556,0,278,278,17,0,0,0,0,0,879104,153456,153456,194,194,-86084,88
1,0.1.0,model-level causal evidence; not a WAN measurement,screening,27,25,carousel,512,80366604,83806082,555,555,0,270,285,23,0,0,0,0,0,962560,149040,157320,185,195,465081,84
1,0.1.0,model-level causal evidence; not a WAN measurement,screening,28,25,carousel,512,80291001,83706082,557,557,0,278,279,19,0,0,0,0,0,1002496,153456,154008,191,191,791778,82
1,0.1.0,model-level causal evidence; not a WAN measurement,screening,29,25,carousel,512,79160607,82606082,556,556,0,286,270,24,0,0,0,0,0,1037312,157872,149040,199,188,-170075,87
1,0.1.0,model-level causal evidence; not a WAN measurement,screening,30,25,carousel,512,79921805,83406082,562,562,0,282,280,22,0,0,0,0,0,907264,155664,154560,194,193,578295,91
1,0.1.0,model-level causal evidence; not a WAN measurement,screening,31,25,carousel,512,80303801,83706082,556,556,0,270,286,24,0,0,0,0,0,946688,149040,157872,185,196,496673,90
1,0.1.0,model-level causal evidence; not a WAN measurement,screening,0,25,per_stripe_fec,512,79673401,82678842,556,556,0,278,278,16,0,0,0,0,0,828928,153456,153456,192,192,282990,90
1,0.1.0,model-level causal evidence; not a WAN measurement,screening,1,25,per_stripe_fec,512,80659401,83664842,556,556,0,278,278,16,0,0,0,0,0,1017856,153456,153456,190,190,782213,91
1,0.1.0,model-level causal evidence; not a WAN measurement,screening,2,25,per_stripe_fec,512,79547805,82553246,556,556,0,278,278,16,0,0,0,0,0,943616,153456,153456,192,192,-35519,88
1,0.1.0,model-level causal evidence; not a WAN measurement,screening,3,25,per_stripe_fec,512,78827001,81832442,556,556,0,278,278,16,0,0,0,0,0,969728,153456,153456,194,194,221236,81
1,0.1.0,model-level causal evidence; not a WAN measurement,screening,4,25,per_stripe_fec,512,80604201,83609642,556,556,0,278,278,16,0,0,0,0,0,1052160,153456,153456,190,190,659338,82
1,0.1.0,model-level causal evidence; not a WAN measurement,screening,5,25,per_stripe_fec,512,80371801,83377242,555,555,0,277,278,16,0,0,0,0,0,905216,152904,153456,190,190,384492,92
1,0.1.0,model-level causal evidence; not a WAN measurement,screening,6,25,per_stripe_fec,512,80189804,83195245,556,556,0,278,278,16,0,0,0,0,0,934912,153456,153456,191,191,507072,84
1,0.1.0,model-level causal evidence; not a WAN measurement,screening,7,25,per_stripe_fec,512,79233008,82238449,556,556,0,278,278,16,0,0,0,0,0,890368,153456,153456,193,193,513478,79
1,0.1.0,model-level causal evidence; not a WAN measurement,screening,8,25,per_stripe_fec,512,79509802,82515243,556,556,0,278,278,22,0,0,0,0,0,949248,153456,153456,193,193,701604,89
1,0.1.0,model-level causal evidence; not a WAN measurement,screening,9,25,per_stripe_fec,512,80104219,83109660,556,556,0,278,278,16,0,0,0,0,0,902144,153456,153456,191,191,798823,77
1,0.1.0,model-level causal evidence; not a WAN measurement,screening,10,25,per_stripe_fec,512,81166601,84172042,556,556,0,278,278,14,0,0,0,0,0,962560,153456,153456,189,189,658272,90
1,0.1.0,model-level causal evidence; not a WAN measurement,screening,11,25,per_stripe_fec,512,80315402,83320843,556,556,0,278,278,11,0,0,0,0,0,939008,153456,153456,191,191,969921,78
1,0.1.0,model-level causal evidence; not a WAN measurement,screening,12,25,per_stripe_fec,512,80202201,83207642,556,556,0,278,278,8,0,0,0,0,0,872960,153456,153456,191,191,732452,88
1,0.1.0,model-level causal evidence; not a WAN measurement,screening,13,25,per_stripe_fec,512,80774202,83779643,556,556,0,278,278,16,0,0,0,0,0,898048,153456,153456,189,189,844344,92
1,0.1.0,model-level causal evidence; not a WAN measurement,screening,14,25,per_stripe_fec,512,80323801,83329242,556,556,0,278,278,16,0,0,0,0,0,1003520,153456,153456,191,191,702878,91
1,0.1.0,model-level causal evidence; not a WAN measurement,screening,15,25,per_stripe_fec,512,80530607,83536048,556,556,0,278,278,16,0,0,0,0,0,1050112,153456,153456,190,190,521137,91
1,0.1.0,model-level causal evidence; not a WAN measurement,screening,16,25,per_stripe_fec,512,80678203,83683644,556,556,0,278,278,16,0,0,0,0,0,949248,153456,153456,190,190,770605,87
1,0.1.0,model-level causal evidence; not a WAN measurement,screening,17,25,per_stripe_fec,512,80194211,83199652,556,556,0,278,278,16,0,0,0,0,0,915456,153456,153456,191,191,718101,81
1,0.1.0,model-level causal evidence; not a WAN measurement,screening,18,25,per_stripe_fec,512,81201802,84207243,556,556,0,278,278,16,0,0,0,0,0,883200,153456,153456,188,188,547101,83
1,0.1.0,model-level causal evidence; not a WAN measurement,screening,19,25,per_stripe_fec,512,78927802,81933243,556,556,0,278,278,20,0,0,0,0,0,851456,153456,153456,194,194,-65410,79
1,0.1.0,model-level causal evidence; not a WAN measurement,screening,20,25,per_stripe_fec,512,80365001,83370442,556,556,0,278,278,16,0,0,0,0,0,951808,153456,153456,190,190,681021,103
1,0.1.0,model-level causal evidence; not a WAN measurement,screening,21,25,per_stripe_fec,512,81005003,84010444,556,556,0,278,278,8,0,0,0,0,0,1046528,153456,153456,189,189,398392,80
1,0.1.0,model-level causal evidence; not a WAN measurement,screening,22,25,per_stripe_fec,512,80902601,83908042,556,556,0,278,278,8,0,0,0,0,0,859648,153456,153456,189,189,441277,79
1,0.1.0,model-level causal evidence; not a WAN measurement,screening,23,25,per_stripe_fec,512,81039802,84045243,556,556,0,278,278,16,0,0,0,0,0,997888,153456,153456,189,189,449599,82
1,0.1.0,model-level causal evidence; not a WAN measurement,screening,24,25,per_stripe_fec,512,81526201,84531642,556,556,0,278,278,16,0,0,0,0,0,981504,153456,153456,188,188,489330,87
1,0.1.0,model-level causal evidence; not a WAN measurement,screening,25,25,per_stripe_fec,512,80836602,83842043,556,556,0,278,278,15,0,0,0,0,0,921088,153456,153456,189,189,764954,89
1,0.1.0,model-level causal evidence; not a WAN measurement,screening,26,25,per_stripe_fec,512,80617007,83622448,556,556,0,278,278,16,0,0,0,0,0,950784,153456,153456,190,190,810021,77
1,0.1.0,model-level causal evidence; not a WAN measurement,screening,27,25,per_stripe_fec,512,80387404,83392845,556,556,0,278,278,16,0,0,0,0,0,1024512,153456,153456,190,190,392970,93
1,0.1.0,model-level causal evidence; not a WAN measurement,screening,28,25,per_stripe_fec,512,81347801,84353242,556,556,0,278,278,13,0,0,0,0,0,992256,153456,153456,188,188,574825,85
1,0.1.0,model-level causal evidence; not a WAN measurement,screening,29,25,per_stripe_fec,512,81393401,84398842,556,556,0,278,278,8,0,0,0,0,0,957952,153456,153456,188,188,691420,84
1,0.1.0,model-level causal evidence; not a WAN measurement,screening,30,25,per_stripe_fec,512,81233801,84239242,556,556,0,278,278,16,0,0,0,0,0,989184,153456,153456,188,188,700355,82
1,0.1.0,model-level causal evidence; not a WAN measurement,screening,31,25,per_stripe_fec,512,80576603,83582044,556,556,0,278,278,10,0,0,0,0,0,883200,153456,153456,190,190,860835,87
1,0.1.0,model-level causal evidence; not a WAN measurement,screening,0,25,best_tree0_candidate,512,153870201,156875642,1060,534,526,534,526,23,0,0,0,0,0,1725440,294768,290352,191,188,527478,90
1,0.1.0,model-level causal evidence; not a WAN measurement,screening,1,25,best_tree0_candidate,512,154015803,157021244,1068,534,534,534,534,16,0,0,0,0,0,1734656,294768,294768,191,191,-367534,87
1,0.1.0,model-level causal evidence; not a WAN measurement,screening,2,25,best_tree0_candidate,512,154360203,157365644,1063,534,529,534,529,19,0,0,0,0,0,1698304,294768,292008,190,189,-178271,93
1,0.1.0,model-level causal evidence; not a WAN measurement,screening,3,25,best_tree0_candidate,512,154696601,157702042,1069,535,534,535,534,17,0,0,0,0,0,1657344,295320,294768,190,190,-249145,84
1,0.1.0,model-level causal evidence; not a WAN measurement,screening,4,25,best_tree0_candidate,512,153277007,156282448,1061,534,527,534,527,18,0,0,0,0,0,1571328,294768,290904,192,189,-12879,82
1,0.1.0,model-level causal evidence; not a WAN measurement,screening,5,25,best_tree0_candidate,512,154774203,157779644,1068,534,534,534,534,18,0,0,0,0,0,1691648,294768,294768,190,190,0,87
1,0.1.0,model-level causal evidence; not a WAN measurement,screening,6,25,best_tree0_candidate,512,156291405,159296846,1060,534,526,534,526,16,0,0,0,0,0,1782272,294768,290352,188,185,134004,94
1,0.1.0,model-level causal evidence; not a WAN measurement,screening,7,25,best_tree0_candidate,512,153833401,156838842,1060,534,526,534,526,17,0,0,0,0,0,1679872,294768,290352,191,188,52582,102
1,0.1.0,model-level causal evidence; not a WAN measurement,screening,8,25,best_tree0_candidate,512,153777803,156783244,1058,534,524,534,524,20,0,0,0,0,0,1800192,294768,289248,191,188,360253,88
1,0.1.0,model-level causal evidence; not a WAN measurement,screening,9,25,best_tree0_candidate,512,152899801,155905242,1060,534,526,534,526,16,0,0,0,0,0,1718272,294768,290352,192,189,460473,100
1,0.1.0,model-level causal evidence; not a WAN measurement,screening,10,25,best_tree0_candidate,512,154168201,157173642,1068,534,534,534,534,17,0,0,0,0,0,1631744,294768,294768,191,191,561817,87
1,0.1.0,model-level causal evidence; not a WAN measurement,screening,11,25,best_tree0_candidate,512,154967801,157973242,1060,534,526,534,526,16,0,0,0,0,0,1679872,294768,290352,190,187,-116551,84
1,0.1.0,model-level causal evidence; not a WAN measurement,screening,12,25,best_tree0_candidate,512,157201801,160207242,1060,534,526,534,526,16,0,0,0,0,0,1804800,294768,290352,187,184,597626,86
1,0.1.0,model-level causal evidence; not a WAN measurement,screening,13,25,best_tree0_candidate,512,155437004,158442445,1060,534,526,534,526,19,0,0,0,0,0,1807872,294768,290352,189,186,461604,84
1,0.1.0,model-level causal evidence; not a WAN measurement,screening,14,25,best_tree0_candidate,512,153136601,156142042,1064,534,530,534,530,21,0,0,0,0,0,1660928,294768,292560,192,191,-35960,79
1,0.1.0,model-level causal evidence; not a WAN measurement,screening,15,25,best_tree0_candidate,512,153924201,156929642,1066,534,532,534,532,20,0,0,0,0,0,1655808,294768,293664,191,190,-122150,87
1,0.1.0,model-level causal evidence; not a WAN measurement,screening,16,25,best_tree0_candidate,512,155433409,158438850,1068,534,534,534,534,18,0,0,0,0,0,1702400,294768,294768,189,189,460742,93
1,0.1.0,model-level causal evidence; not a WAN measurement,screening,17,25,best_tree0_candidate,512,156778605,159784046,1068,534,534,534,534,17,0,0,0,0,0,1744384,294768,294216,188,187,154055,86
1,0.1.0,model-level causal evidence; not a WAN measurement,screening,18,25,best_tree0_candidate,512,152567003,155572444,1068,534,534,534,534,17,0,0,0,0,0,1640960,294768,294768,193,193,333523,85
1,0.1.0,model-level causal evidence; not a WAN measurement,screening,19,25,best_tree0_candidate,512,154117407,157122848,1061,535,526,535,526,23,0,0,0,0,0,1688576,295320,290352,191,188,-394601,90
1,0.1.0,model-level causal evidence; not a WAN measurement,screening,20,25,best_tree0_candidate,512,156158603,159164044,1068,534,534,534,534,16,0,0,0,0,0,1769984,294768,294768,188,188,517239,95
1,0.1.0,model-level causal evidence; not a WAN measurement,screening,21,25,best_tree0_candidate,512,152474603,155480044,1068,534,534,534,534,16,0,0,0,0,0,1612288,294768,294768,193,193,366706,83
1,0.1.0,model-level causal evidence; not a WAN measurement,screening,22,25,best_tree0_candidate,512,156022604,159028045,1069,535,534,535,534,17,0,0,0,0,0,1742848,294768,294768,188,188,286133,80
1,0.1.0,model-level causal evidence; not a WAN measurement,screening,23,25,best_tree0_candidate,512,154684602,157690043,1067,534,533,534,533,17,0,0,0,0,0,1579008,294768,294216,190,190,105876,80
1,0.1.0,model-level causal evidence; not a WAN measurement,screening,24,25,best_tree0_candidate,512,156864605,159870046,1068,534,534,534,534,18,0,0,0,0,0,1719296,293112,292560,186,186,275061,92
1,0.1.0,model-level causal evidence; not a WAN measurement,screening,25,25,best_tree0_candidate,512,150639801,153645242,1045,534,511,534,511,21,0,0,0,0,0,1613312,294768,282072,195,187,23104,87
1,0.1.0,model-level causal evidence; not a WAN measurement,screening,26,25,best_tree0_candidate,512,156091001,159096442,1060,534,526,534,526,16,0,0,0,0,0,1669120,294768,290352,188,186,524616,94
1,0.1.0,model-level causal evidence; not a WAN measurement,screening,27,25,best_tree0_candidate,512,152785801,155791242,1060,534,526,534,526,16,0,0,0,0,0,1676288,294768,290352,192,190,-63613,88
1,0.1.0,model-level causal evidence; not a WAN measurement,screening,28,25,best_tree0_candidate,512,157341802,160347243,1068,534,534,534,534,16,0,0,0,0,0,1960448,294768,294768,187,187,305283,93
1,0.1.0,model-level causal evidence; not a WAN measurement,screening,29,25,best_tree0_candidate,512,153572602,156578043,1060,534,526,534,526,18,0,0,0,0,0,1755136,294768,290352,191,189,-37448,85
1,0.1.0,model-level causal evidence; not a WAN measurement,screening,30,25,best_tree0_candidate,512,152961808,155967249,1066,534,532,534,532,22,0,0,0,0,0,1612800,294768,293664,192,191,-128121,83
1,0.1.0,model-level causal evidence; not a WAN measurement,screening,31,25,best_tree0_candidate,512,152845001,155850442,1060,534,526,534,526,16,0,0,0,0,0,1691136,294768,290352,192,189,525039,94
1,0.1.0,model-level causal evidence; not a WAN measurement,screening,0,25,best_tree1_candidate,512,153741407,156746848,1061,534,527,527,534,16,0,0,0,0,0,1681920,290904,294768,189,191,-267344,84
1,0.1.0,model-level causal evidence; not a WAN measurement,screening,1,25,best_tree1_candidate,512,155439405,158444846,1068,534,534,534,534,20,0,0,0,0,0,1795072,294768,294768,189,189,653570,98
1,0.1.0,model-level causal evidence; not a WAN measurement,screening,2,25,best_tree1_candidate,512,155527401,158532842,1057,534,523,523,534,24,0,0,0,0,0,1712640,288696,294768,185,189,559592,86
1,0.1.0,model-level causal evidence; not a WAN measurement,screening,3,25,best_tree1_candidate,512,153617802,156623243,1069,535,534,534,535,20,0,0,0,0,0,1720832,294768,295320,191,192,-157990,84
1,0.1.0,model-level causal evidence; not a WAN measurement,screening,4,25,best_tree1_candidate,512,155093008,158098449,1068,534,534,534,534,16,0,0,0,0,0,1603072,294768,294768,190,190,682824,80
1,0.1.0,model-level causal evidence; not a WAN measurement,screening,5,25,best_tree1_candidate,512,154925401,157930842,1060,534,526,526,534,16,0,0,0,0,0,1712640,290352,294768,187,190,-244889,89
1,0.1.0,model-level causal evidence; not a WAN measurement,screening,6,25,best_tree1_candidate,512,155102205,158107646,1068,534,534,534,534,17,0,0,0,0,0,1614336,294768,294768,190,190,652569,76
1,0.1.0,model-level causal evidence; not a WAN measurement,screening,7,25,best_tree1_candidate,512,154567001,157572442,1060,534,526,526,534,17,0,0,0,0,0,1773568,290352,294768,187,190,63199,99
1,0.1.0,model-level causal evidence; not a WAN measurement,screening,8,25,best_tree1_candidate,512,156407401,159412842,1065,534,531,531,534,22,0,0,0,0,0,1801728,290352,294216,185,188,467504,94
1,0.1.0,model-level causal evidence; not a WAN measurement,screening,9,25,best_tree1_candidate,512,156458603,159464044,1068,534,534,534,534,16,0,0,0,0,0,1608704,290904,294768,185,188,149344,97
1,0.1.0,model-level causal evidence; not a WAN measurement,screening,10,25,best_tree1_candidate,512,152289008,155294449,1068,534,534,534,534,17,0,0,0,0,0,1552384,294768,294768,193,193,-225714,87
1,0.1.0,model-level causal evidence; not a WAN measurement,screening,11,25,best_tree1_candidate,512,152352202,155357643,1059,534,525,525,534,20,0,0,0,0,0,1825792,289800,294768,190,193,77146,100
1,0.1.0,model-level causal evidence; not a WAN measurement,screening,12,25,best_tree1_candidate,512,153819402,156824843,1065,534,531,531,534,21,0,0,0,0,0,1764352,293112,294768,190,191,142580,99
1,0.1.0,model-level causal evidence; not a WAN measurement,screening,13,25,best_tree1_candidate,512,152298602,155304043,1060,534,526,526,534,20,0,0,0,0,0,1661952,290352,294768,190,193,257833,86
1,0.1.0,model-level causal evidence; not a WAN measurement,screening,14,25,best_tree1_candidate,512,155906201,158911642,1065,534,531,531,534,18,0,0,0,0,0,1584128,293112,294768,188,189,460245,84
1,0.1.0,model-level causal evidence; not a WAN measurement,screening,15,25,best_tree1_candidate,512,153215404,156220845,1060,534,526,526,534,22,0,0,0,0,0,1763840,290352,294768,189,192,-135888,86
1,0.1.0,model-level causal evidence; not a WAN measurement,screening,16,25,best_tree1_candidate,512,155255404,158260845,1068,534,534,534,534,20,0,0,0,0,0,1675776,294768,294768,189,189,683614,91
1,0.1.0,model-level causal evidence; not a WAN measurement,screening,17,25,best_tree1_candidate,512,154044201,157049642,1068,534,534,534,534,16,0,0,0,0,0,1628672,294768,294768,191,191,-22148,80
1,0.1.0,model-level causal evidence; not a WAN measurement,screening,18,25,best_tree1_candidate,512,154054602,157060043,1068,534,534,534,534,19,0,0,0,0,0,1612288,294768,294768,191,191,192185,90
1,0.1.0,model-level causal evidence; not a WAN measurement,screening,19,25,best_tree1_candidate,512,152778604,155784045,1065,534,531,531,534,21,0,0,0,0,0,1728000,293112,294768,191,192,702566,85
1,0.1.0,model-level causal evidence; not a WAN measurement,screening,20,25,best_tree1_candidate,512,156417803,159423244,1060,534,526,526,534,16,0,0,0,0,0,1671168,290352,294768,185,188,203769,92
1,0.1.0,model-level causal evidence; not a WAN measurement,screening,21,25,best_tree1_candidate,512,155085802,158091243,1068,534,534,534,534,16,0,0,0,0,0,1596928,294768,294768,190,190,492513,84
1,0.1.0,model-level causal evidence; not a WAN measurement,screening,22,25,best_tree1_candidate,512,151722607,154728048,1055,534,521,521,534,19,0,0,0,0,0,1652224,287592,294768,189,194,95508,85
1,0.1.0,model-level causal evidence; not a WAN measurement,screening,23,25,best_tree1_candidate,512,152747007,155752448,1058,534,524,524,534,20,0,0,0,0,0,1654272,289248,294768,189,192,-159402,88
1,0.1.0,model-level causal evidence; not a WAN measurement,screening,24,25,best_tree1_candidate,512,154695801,157701242,1060,534,526,526,534,16,0,0,0,0,0,1735168,290352,294768,187,190,28915,89
1,0.1.0,model-level causal evidence; not a WAN measurement,screening,25,25,best_tree1_candidate,512,155699002,158704443,1064,534,530,530,534,23,0,0,0,0,0,1696768,292560,294768,187,189,238794,90
1,0.1.0,model-level causal evidence; not a WAN measurement,screening,26,25,best_tree1_candidate,512,152485403,155490844,1068,534,534,534,534,23,0,0,0,0,0,1745920,294768,294768,193,193,-64043,83
1,0.1.0,model-level causal evidence; not a WAN measurement,screening,27,25,best_tree1_candidate,512,155678201,158683642,1060,534,526,526,534,16,0,0,0,0,0,1797632,290352,294768,186,189,749225,87
1,0.1.0,model-level causal evidence; not a WAN measurement,screening,28,25,best_tree1_candidate,512,152935801,155941242,1061,535,526,526,535,17,0,0,0,0,0,1648640,290352,295320,189,193,66588,92
1,0.1.0,model-level causal evidence; not a WAN measurement,screening,29,25,best_tree1_candidate,512,154896201,157901642,1068,534,534,534,534,23,0,0,0,0,0,1760768,294768,294768,190,190,96411,90
1,0.1.0,model-level causal evidence; not a WAN measurement,screening,30,25,best_tree1_candidate,512,153180603,156186044,1061,534,527,527,534,17,0,0,0,0,0,1639424,290904,294768,189,192,573335,92
1,0.1.0,model-level causal evidence; not a WAN measurement,screening,31,25,best_tree1_candidate,512,157837001,160842442,1063,534,529,529,534,20,0,0,0,0,0,1718784,292008,294768,185,186,138411,92
1,0.1.0,model-level causal evidence; not a WAN measurement,screening,0,50,carousel,512,77924207,81206082,559,559,0,281,278,23,0,0,0,0,0,900096,155112,153456,199,196,799621,87
1,0.1.0,model-level causal evidence; not a WAN measurement,screening,1,50,carousel,512,78858609,82306082,560,560,0,278,282,24,0,0,0,0,0,1011712,153456,155664,194,197,-383247,85
1,0.1.0,model-level causal evidence; not a WAN measurement,screening,2,50,carousel,512,77755406,80906082,556,556,0,278,278,25,0,0,0,0,0,868352,153456,153456,197,197,-69230,80
1,0.1.0,model-level causal evidence; not a WAN measurement,screening,3,50,carousel,512,79283804,82706082,563,563,0,279,284,23,0,0,0,0,0,912896,154008,156768,194,197,-272744,83
1,0.1.0,model-level causal evidence; not a WAN measurement,screening,4,50,carousel,512,77493010,80906082,556,556,0,278,278,19,0,0,0,0,0,865792,153456,153456,198,198,515649,80
1,0.1.0,model-level causal evidence; not a WAN measurement,screening,5,50,carousel,512,79453402,82806082,560,560,0,282,278,28,0,0,0,0,0,992256,155664,153456,195,193,30521,85
1,0.1.0,model-level causal evidence; not a WAN measurement,screening,6,50,carousel,512,79284604,82606082,556,556,0,278,278,24,0,0,0,0,0,968192,153456,153456,193,193,591137,84
1,0.1.0,model-level causal evidence; not a WAN measurement,screening,7,50,carousel,512,78613401,81706082,556,556,0,278,278,24,0,0,0,0,0,935936,153456,153456,195,195,260620,87
1,0.1.0,model-level causal evidence; not a WAN measurement,screening,8,50,carousel,512,78170603,81506082,556,556,0,278,278,21,0,0,0,0,0,876032,153456,153456,196,196,46771,88
1,0.1.0,model-level causal evidence; not a WAN measurement,screening,9,50,carousel,512,79973402,83506082,559,559,0,280,279,19,0,0,0,0,0,973312,154560,154008,193,192,7201,85
1,0.1.0,model-level causal evidence; not a WAN measurement,screening,10,50,carousel,512,80032601,83406082,556,556,0,278,278,16,0,0,0,0,0,1003008,153456,153456,191,191,777262,92
1,0.1.0,model-level causal evidence; not a WAN measurement,screening,11,50,carousel,512,80267001,83306082,559,559,0,278,281,19,0,0,0,0,0,1076736,153456,155112,191,193,777778,85
1,0.1.0,model-level causal evidence; not a WAN measurement,screening,12,50,carousel,512,79087402,82406082,559,559,0,278,281,27,0,0,0,0,0,974848,153456,155112,194,196,460991,84
1,0.1.0,model-level causal evidence; not a WAN measurement,screening,13,50,carousel,512,79223401,82606082,558,558,0,280,278,20,0,0,0,0,0,1006592,154560,153456,195,193,160079,98
1,0.1.0,model-level causal evidence; not a WAN measurement,screening,14,50,carousel,512,79158602,82506082,558,558,0,278,280,23,0,0,0,0,0,999424,153456,154560,193,195,692604,87
1,0.1.0,model-level causal evidence; not a WAN measurement,screening,15,50,carousel,512,79581002,83006082,558,558,0,278,280,18,0,0,0,0,0,982016,153456,154560,192,194,-327723,87
1,0.1.0,model-level causal evidence; not a WAN measurement,screening,16,50,carousel,512,79645802,83106082,564,564,0,283,281,24,0,0,0,0,0,1050112,156216,155112,196,194,52474,85
1,0.1.0,model-level causal evidence; not a WAN measurement,screening,17,50,carousel,512,78344201,81706082,556,556,0,278,278,19,0,0,0,0,0,872448,153456,153456,195,195,224510,89
1,0.1.0,model-level causal evidence; not a WAN measurement,screening,18,50,carousel,512,79358201,82506082,552,552,0,279,273,20,0,0,0,0,0,977920,154008,150696,194,189,-6457,85
1,0.1.0,model-level causal evidence; not a WAN measurement,screening,19,50,carousel,512,78342207,81606082,556,556,0,278,278,16,0,0,0,0,0,861696,153456,153456,195,195,-358279,85
1,0.1.0,model-level causal evidence; not a WAN measurement,screening,20,50,carousel,512,78734602,82106082,560,560,0,282,278,23,0,0,0,0,0,1032704,155664,153456,197,194,-50315,78
1,0.1.0,model-level causal evidence; not a WAN measurement,screening,21,50,carousel,512,79399801,82806082,558,558,0,280,278,18,0,0,0,0,0,917504,154560,153456,194,193,600593,81
1,0.1.0,model-level causal evidence; not a WAN measurement,screening,22,50,carousel,512,77627406,80706082,549,549,0,278,271,17,0,0,0,0,0,956928,153456,149592,197,192,430126,87
1,0.1.0,model-level causal evidence; not a WAN measurement,screening,23,50,carousel,512,78247801,81606082,556,556,0,278,278,16,0,0,0,0,0,934912,153456,153456,196,196,520467,82
1,0.1.0,model-level causal evidence; not a WAN measurement,screening,24,50,carousel,512,79403003,82806082,561,561,0,283,278,23,0,0,0,0,0,933888,156216,153456,196,193,331677,81
1,0.1.0,model-level causal evidence; not a WAN measurement,screening,25,50,carousel,512,79212202,82706082,565,565,0,282,283,25,0,0,0,0,0,1042944,155664,156216,196,197,139368,91
1,0.1.0,model-level causal evidence; not a WAN measurement,screening,26,50,carousel,512,79211004,82606082,560,560,0,280,280,21,0,0,0,0,0,991232,154560,154560,195,195,-230607,84
1,0.1.0,model-level causal evidence; not a WAN measurement,screening,27,50,carousel,512,78693001,81806082,556,556,0,278,278,21,0,0,0,0,0,953856,153456,153456,195,195,17496,80
1,0.1.0,model-level causal evidence; not a WAN measurement,screening,28,50,carousel,512,78619808,82106082,561,561,0,284,277,29,0,0,0,0,0,971776,156768,152904,199,194,144096,83
1,0.1.0,model-level causal evidence; not a WAN measurement,screening,29,50,carousel,512,80028201,83406082,558,558,0,280,278,26,0,0,0,0,0,1008640,154560,153456,193,191,812776,87
1,0.1.0,model-level causal evidence; not a WAN measurement,screening,30,50,carousel,512,79132601,82506082,558,558,0,278,280,21,0,0,0,0,0,994304,153456,154560,193,195,335666,78
1,0.1.0,model-level causal evidence; not a WAN measurement,screening,31,50,carousel,512,78902206,82206082,559,559,0,281,278,19,0,0,0,0,0,977920,155112,153456,196,194,624746,89
1,0.1.0,model-level causal evidence; not a WAN measurement,screening,0,50,per_stripe_fec,512,79661402,82666843,556,556,0,278,278,16,0,0,0,0,0,909824,153456,153456,192,192,309159,87
1,0.1.0,model-level causal evidence; not a WAN measurement,screening,1,50,per_stripe_fec,512,80263401,83268842,556,556,0,278,278,16,0,0,0,0,0,1045504,153456,153456,191,191,516734,88
1,0.1.0,model-level causal evidence; not a WAN measurement,screening,2,50,per_stripe_fec,512,78882203,81887644,556,556,0,278,278,16,0,0,0,0,0,910848,153456,153456,194,194,276913,84
1,0.1.0,model-level causal evidence; not a WAN measurement,screening,3,50,per_stripe_fec,512,81127004,84132445,556,556,0,278,278,11,0,0,0,0,0,946176,153456,153456,189,189,436931,92
1,0.1.0,model-level causal evidence; not a WAN measurement,screening,4,50,per_stripe_fec,512,80303002,83308443,557,557,0,279,278,13,0,0,0,0,0,865280,154008,153456,191,191,798153,86
1,0.1.0,model-level causal evidence; not a WAN measurement,screening,5,50,per_stripe_fec,512,81032601,84038042,556,556,0,278,278,16,0,0,0,0,0,974848,153456,153456,189,189,796872,81
1,0.1.0,model-level causal evidence; not a WAN measurement,screening,6,50,per_stripe_fec,512,79898201,82903642,556,556,0,278,278,16,0,0,0,0,0,899072,153456,153456,192,192,369000,85
1,0.1.0,model-level causal evidence; not a WAN measurement,screening,7,50,per_stripe_fec,512,79413803,82419244,556,556,0,278,278,19,0,0,0,0,0,922624,153456,153456,193,193,525653,78
1,0.1.0,model-level causal evidence; not a WAN measurement,screening,8,50,per_stripe_fec,512,79539401,82544842,556,556,0,278,278,16,0,0,0,0,0,953344,153456,153456,192,192,114832,82
1,0.1.0,model-level causal evidence; not a WAN measurement,screening,9,50,per_stripe_fec,512,78895401,81900842,556,556,0,278,278,16,0,0,0,0,0,956416,153456,153456,194,194,-135615,77
1,0.1.0,model-level causal evidence; not a WAN measurement,screening,10,50,per_stripe_fec,512,78736605,81742046,556,556,0,278,278,18,0,0,0,0,0,1009152,153456,153456,194,194,-329368,80
1,0.1.0,model-level causal evidence; not a WAN measurement,screening,11,50,per_stripe_fec,512,79880201,82885642,556,556,0,278,278,16,0,0,0,0,0,1038848,153456,153456,192,192,-354835,84
1,0.1.0,model-level causal evidence; not a WAN measurement,screening,12,50,per_stripe_fec,512,80259003,83264444,556,556,0,278,278,16,0,0,0,0,0,1037312,153456,153456,191,191,662786,88
1,0.1.0,model-level causal evidence; not a WAN measurement,screening,13,50,per_stripe_fec,512,80363806,83369247,556,556,0,278,278,16,0,0,0,0,0,1005568,153456,153456,190,190,734820,89
1,0.1.0,model-level causal evidence; not a WAN measurement,screening,14,50,per_stripe_fec,512,77893812,80899253,556,556,0,278,278,16,0,0,0,0,0,902144,153456,153456,197,197,-194318,78
1,0.1.0,model-level causal evidence; not a WAN measurement,screening,15,50,per_stripe_fec,512,79097404,82102845,556,556,0,278,278,16,0,0,0,0,0,889344,153456,153456,194,194,196935,80
1,0.1.0,model-level causal evidence; not a WAN measurement,screening,16,50,per_stripe_fec,512,78697405,81702846,556,556,0,278,278,16,0,0,0,0,0,946176,153456,153456,194,194,469838,76
1,0.1.0,model-level causal evidence; not a WAN measurement,screening,17,50,per_stripe_fec,512,80073401,83078842,556,556,0,278,278,8,0,0,0,0,0,902656,153456,153456,191,191,879498,79
1,0.1.0,model-level causal evidence; not a WAN measurement,screening,18,50,per_stripe_fec,512,79482602,82488043,556,556,0,278,278,16,0,0,0,0,0,959488,153456,153456,193,193,447024,87
1,0.1.0,model-level causal evidence; not a WAN measurement,screening,19,50,per_stripe_fec,512,79593803,82599244,556,556,0,278,278,16,0,0,0,0,0,976896,153456,153456,192,192,104080,90
1,0.1.0,model-level causal evidence; not a WAN measurement,screening,20,50,per_stripe_fec,512,80103404,83108845,556,556,0,278,278,18,0,0,0,0,0,992768,153456,153456,191,191,551405,91
1,0.1.0,model-level causal evidence; not a WAN measurement,screening,21,50,per_stripe_fec,512,78977803,81983244,556,556,0,278,278,16,0,0,0,0,0,968704,153456,153456,194,194,-543500,82
1,0.1.0,model-level causal evidence; not a WAN measurement,screening,22,50,per_stripe_fec,512,79341801,82347242,556,556,0,278,278,18,0,0,0,0,0,1027072,153456,153456,193,193,554862,85
1,0.1.0,model-level causal evidence; not a WAN measurement,screening,23,50,per_stripe_fec,512,80215802,83221243,556,556,0,278,278,16,0,0,0,0,0,972288,153456,153456,191,191,550752,87
1,0.1.0,model-level causal evidence; not a WAN measurement,screening,24,50,per_stripe_fec,512,80858602,83864043,556,556,0,278,278,10,0,0,0,0,0,1012224,153456,153456,189,189,961348,80
1,0.1.0,model-level causal evidence; not a WAN measurement,screening,25,50,per_stripe_fec,512,80170206,83175647,556,556,0,278,278,11,0,0,0,0,0,1065472,153456,153456,191,191,664060,83
1,0.1.0,model-level causal evidence; not a WAN measurement,screening,26,50,per_stripe_fec,512,78539403,81544844,556,556,0,278,278,16,0,0,0,0,0,972800,153456,153456,195,195,424517,80
1,0.1.0,model-level causal evidence; not a WAN measurement,screening,27,50,per_stripe_fec,512,81244605,84250046,556,556,0,278,278,13,0,0,0,0,0,1053184,153456,153456,188,188,818172,100
1,0.1.0,model-level causal evidence; not a WAN measurement,screening,28,50,per_stripe_fec,512,79359002,82364443,556,556,0,278,278,16,0,0,0,0,0,916480,153456,153456,193,193,767605,84
1,0.1.0,model-level causal evidence; not a WAN measurement,screening,29,50,per_stripe_fec,512,80622205,83627646,556,556,0,278,278,16,0,0,0,0,0,991232,153456,153456,190,190,521793,87
1,0.1.0,model-level causal evidence; not a WAN measurement,screening,30,50,per_stripe_fec,512,78209801,81215242,556,556,0,278,278,16,0,0,0,0,0,916992,153456,153456,196,196,103000,80
1,0.1.0,model-level causal evidence; not a WAN measurement,screening,31,50,per_stripe_fec,512,80041401,83046842,556,556,0,278,278,16,0,0,0,0,0,1059840,153456,153456,191,191,758715,84
1,0.1.0,model-level causal evidence; not a WAN measurement,screening,0,50,best_tree0_candidate,512,155754606,158760047,1068,534,534,534,534,23,0,0,0,0,0,1664512,294768,294768,189,189,256618,95
1,0.1.0,model-level causal evidence; not a WAN measurement,screening,1,50,best_tree0_candidate,512,154231006,157236447,1068,534,534,534,534,21,0,0,0,0,0,1691648,294768,294768,191,191,-347833,91
1,0.1.0,model-level causal evidence; not a WAN measurement,screening,2,50,best_tree0_candidate,512,154517401,157522842,1068,534,534,534,534,17,0,0,0,0,0,1734656,294768,294768,190,190,624053,92
1,0.1.0,model-level causal evidence; not a WAN measurement,screening,3,50,best_tree0_candidate,512,150129001,153134442,1060,534,526,534,526,16,0,0,0,0,0,1821696,294768,290352,196,193,475896,83
1,0.1.0,model-level causal evidence; not a WAN measurement,screening,4,50,best_tree0_candidate,512,154058604,157064045,1064,534,530,534,530,21,0,0,0,0,0,1897984,294768,292560,191,189,126272,90
1,0.1.0,model-level causal evidence; not a WAN measurement,screening,5,50,best_tree0_candidate,512,150919802,153925243,1065,534,531,534,531,21,0,0,0,0,0,1671680,294768,293112,195,194,829213,90
1,0.1.0,model-level causal evidence; not a WAN measurement,screening,6,50,best_tree0_candidate,512,153114602,156120043,1068,534,534,534,534,16,0,0,0,0,0,1730048,294768,294768,192,192,281471,100
1,0.1.0,model-level causal evidence; not a WAN measurement,screening,7,50,best_tree0_candidate,512,155612604,158618045,1068,534,534,534,534,20,0,0,0,0,0,1634816,294768,294768,189,189,552205,89
1,0.1.0,model-level causal evidence; not a WAN measurement,screening,8,50,best_tree0_candidate,512,155755802,158761243,1067,534,533,534,533,21,0,0,0,0,0,1758208,294768,294216,189,188,371358,93
1,0.1.0,model-level causal evidence; not a WAN measurement,screening,9,50,best_tree0_candidate,512,152562604,155568045,1064,534,530,534,530,19,0,0,0,0,0,1854976,294768,292560,193,191,437514,84
1,0.1.0,model-level causal evidence; not a WAN measurement,screening,10,50,best_tree0_candidate,512,155205401,158210842,1068,534,534,534,534,17,0,0,0,0,0,1669120,294768,294768,189,189,189929,84
1,0.1.0,model-level causal evidence; not a WAN measurement,screening,11,50,best_tree0_candidate,512,152578601,155584042,1068,534,534,534,534,16,0,0,0,0,0,1646592,294768,294768,193,193,536779,88
1,0.1.0,model-level causal evidence; not a WAN measurement,screening,12,50,best_tree0_candidate,512,154525001,157530442,1068,534,534,534,534,16,0,0,0,0,0,1710080,294768,294768,190,190,-133882,92
1,0.1.0,model-level causal evidence; not a WAN measurement,screening,13,50,best_tree0_candidate,512,151697406,154702847,1060,534,526,534,526,21,0,0,0,0,0,1637888,294768,290352,194,191,47709,80
1,0.1.0,model-level causal evidence; not a WAN measurement,screening,14,50,best_tree0_candidate,512,151012601,154018042,1068,534,534,534,534,17,0,0,0,0,0,1566208,294768,294768,195,195,538235,83
1,0.1.0,model-level causal evidence; not a WAN measurement,screening,15,50,best_tree0_candidate,512,150896206,153901647,1061,534,527,534,527,17,0,0,0,0,0,1629696,294768,290904,195,192,320875,89
1,0.1.0,model-level causal evidence; not a WAN measurement,screening,16,50,best_tree0_candidate,512,154482201,157487642,1068,534,534,534,534,16,0,0,0,0,0,1909760,294768,294768,190,190,-442331,89
1,0.1.0,model-level causal evidence; not a WAN measurement,screening,17,50,best_tree0_candidate,512,152587802,155593243,1060,534,526,534,526,17,0,0,0,0,0,1820160,294768,290352,193,190,340643,88
1,0.1.0,model-level causal evidence; not a WAN measurement,screening,18,50,best_tree0_candidate,512,151530204,154535645,1060,534,526,534,526,23,0,0,0,0,0,1780224,294768,290352,194,191,537670,82
1,0.1.0,model-level causal evidence; not a WAN measurement,screening,19,50,best_tree0_candidate,512,153611007,156616448,1068,534,534,534,534,21,0,0,0,0,0,1849344,294768,294768,191,191,457089,82
1,0.1.0,model-level causal evidence; not a WAN measurement,screening,20,50,best_tree0_candidate,512,151532205,154537646,1059,534,525,534,525,19,0,0,0,0,0,1610752,294768,289800,194,191,146599,85
1,0.1.0,model-level causal evidence; not a WAN measurement,screening,21,50,best_tree0_candidate,512,150093402,153098843,1064,534,530,534,530,22,0,0,0,0,0,1660416,294768,292560,196,194,751269,97
1,0.1.0,model-level causal evidence; not a WAN measurement,screening,22,50,best_tree0_candidate,512,155256606,158262047,1068,534,534,534,534,18,0,0,0,0,0,1759232,294768,294768,189,189,516274,92
1,0.1.0,model-level causal evidence; not a WAN measurement,screening,23,50,best_tree0_candidate,512,153183412,156188853,1068,534,534,534,534,16,0,0,0,0,0,1616384,294768,294768,192,192,-122934,90
1,0.1.0,model-level causal evidence; not a WAN measurement,screening,24,50,best_tree0_candidate,512,150828205,153833646,1060,534,526,534,526,22,0,0,0,0,0,1647616,294768,290352,195,192,383091,82
1,0.1.0,model-level causal evidence; not a WAN measurement,screening,25,50,best_tree0_candidate,512,153205407,156210848,1068,534,534,534,534,16,0,0,0,0,0,1723904,294768,294768,192,192,-199481,82
1,0.1.0,model-level causal evidence; not a WAN measurement,screening,26,50,best_tree0_candidate,512,153028602,156034043,1068,534,534,534,534,20,0,0,0,0,0,1548288,294768,294768,192,192,132847,85
1,0.1.0,model-level causal evidence; not a WAN measurement,screening,27,50,best_tree0_candidate,512,152971402,155976843,1063,534,529,534,529,18,0,0,0,0,0,1791488,294768,292008,192,190,-176459,89
1,0.1.0,model-level causal evidence; not a WAN measurement,screening,28,50,best_tree0_candidate,512,151301004,154306445,1068,534,534,534,534,20,0,0,0,0,0,1776128,294768,294768,194,194,632590,85
1,0.1.0,model-level causal evidence; not a WAN measurement,screening,29,50,best_tree0_candidate,512,150871403,153876844,1059,534,525,534,525,17,0,0,0,0,0,1671680,294768,289800,195,192,-4660,84
1,0.1.0,model-level causal evidence; not a WAN measurement,screening,30,50,best_tree0_candidate,512,152628208,155633649,1068,534,534,534,534,16,0,0,0,0,0,1695744,294768,294768,193,193,216451,86
1,0.1.0,model-level causal evidence; not a WAN measurement,screening,31,50,best_tree0_candidate,512,152631801,155637242,1066,534,532,534,532,18,0,0,0,0,0,1739776,294768,293664,193,192,211729,90
1,0.1.0,model-level causal evidence; not a WAN measurement,screening,0,50,best_tree1_candidate,512,154600202,157605643,1068,534,534,534,534,16,0,0,0,0,0,1792512,294768,294768,190,190,-51995,81
1,0.1.0,model-level causal evidence; not a WAN measurement,screening,1,50,best_tree1_candidate,512,152109004,155114445,1061,534,527,527,534,16,0,0,0,0,0,1688064,290904,294768,191,193,-93012,84
1,0.1.0,model-level causal evidence; not a WAN measurement,screening,2,50,best_tree1_candidate,512,154743804,157749245,1068,534,534,534,534,18,0,0,0,0,0,1641472,294768,294768,190,190,-519771,87
1,0.1.0,model-level causal evidence; not a WAN measurement,screening,3,50,best_tree1_candidate,512,151184201,154189642,1064,534,530,530,534,20,0,0,0,0,0,1895424,292560,294768,193,194,342402,82
1,0.1.0,model-level causal evidence; not a WAN measurement,screening,4,50,best_tree1_candidate,512,151728601,154734042,1052,534,518,518,534,17,0,0,0,0,0,1820672,285936,294768,188,194,586144,90
1,0.1.0,model-level causal evidence; not a WAN measurement,screening,5,50,best_tree1_candidate,512,153176201,156181642,1063,534,529,529,534,19,0,0,0,0,0,1689088,292008,294768,190,192,265488,83
1,0.1.0,model-level causal evidence; not a WAN measurement,screening,6,50,best_tree1_candidate,512,153679404,156684845,1070,535,535,535,535,18,0,0,0,0,0,1719808,295320,295320,192,192,-4646,83
1,0.1.0,model-level causal evidence; not a WAN measurement,screening,7,50,best_tree1_candidate,512,151871001,154876442,1067,534,533,533,534,22,0,0,0,0,0,1723904,294216,294768,193,194,97511,107
1,0.1.0,model-level causal evidence; not a WAN measurement,screening,8,50,best_tree1_candidate,512,151805401,154810842,1067,534,533,533,534,23,0,0,0,0,0,1806336,294216,294768,193,194,164607,83
1,0.1.0,model-level causal evidence; not a WAN measurement,screening,9,50,best_tree1_candidate,512,154137003,157142444,1068,534,534,534,534,19,0,0,0,0,0,1811968,294768,294768,191,191,-248910,82
1,0.1.0,model-level causal evidence; not a WAN measurement,screening,10,50,best_tree1_candidate,512,151226206,154231647,1060,534,526,526,534,20,0,0,0,0,0,1715712,290352,294768,191,194,201028,91
1,0.1.0,model-level causal evidence; not a WAN measurement,screening,11,50,best_tree1_candidate,512,151185404,154190845,1060,534,526,526,534,16,0,0,0,0,0,1777664,290352,294768,192,194,98783,93
1,0.1.0,model-level causal evidence; not a WAN measurement,screening,12,50,best_tree1_candidate,512,153859807,156865248,1068,534,534,534,534,16,0,0,0,0,0,1668096,294768,294768,191,191,174355,80
1,0.1.0,model-level causal evidence; not a WAN measurement,screening,13,50,best_tree1_candidate,512,149290204,152295645,1060,534,526,526,534,26,0,0,0,0,0,1652736,290352,294768,194,197,160413,83
1,0.1.0,model-level causal evidence; not a WAN measurement,screening,14,50,best_tree1_candidate,512,152928601,155934042,1060,534,526,526,534,16,0,0,0,0,0,1871360,290352,294768,189,192,-211038,91
1,0.1.0,model-level causal evidence; not a WAN measurement,screening,15,50,best_tree1_candidate,512,150203802,153209243,1060,534,526,526,534,22,0,0,0,0,0,1652224,290352,294768,193,196,674649,91
1,0.1.0,model-level causal evidence; not a WAN measurement,screening,16,50,best_tree1_candidate,512,151943002,154948443,1057,534,523,523,534,16,0,0,0,0,0,1819648,288696,294768,190,193,342902,93
1,0.1.0,model-level causal evidence; not a WAN measurement,screening,17,50,best_tree1_candidate,512,153250608,156256049,1068,534,534,534,534,16,0,0,0,0,0,1701376,294768,294768,192,192,-73355,92
1,0.1.0,model-level causal evidence; not a WAN measurement,screening,18,50,best_tree1_candidate,512,153525802,156531243,1063,534,529,529,534,21,0,0,0,0,0,1637376,292008,294768,190,191,111771,84
1,0.1.0,model-level causal evidence; not a WAN measurement,screening,19,50,best_tree1_candidate,512,155548204,158553645,1068,534,534,534,534,17,0,0,0,0,0,1762816,294768,294768,189,189,561742,83
1,0.1.0,model-level causal evidence; not a WAN measurement,screening,20,50,best_tree1_candidate,512,153730602,156736043,1068,534,534,534,534,18,0,0,0,0,0,1769472,294768,294768,191,191,428400,88
1,0.1.0,model-level causal evidence; not a WAN measurement,screening,21,50,best_tree1_candidate,512,151809801,154815242,1064,534,530,530,534,20,0,0,0,0,0,1696768,292560,294768,192,194,120758,83
1,0.1.0,model-level causal evidence; not a WAN measurement,screening,22,50,best_tree1_candidate,512,152815401,155820842,1059,534,525,525,534,20,0,0,0,0,0,1779712,289800,294768,189,192,123381,90
1,0.1.0,model-level causal evidence; not a WAN measurement,screening,23,50,best_tree1_candidate,512,153271008,156276449,1068,534,534,534,534,17,0,0,0,0,0,1668608,294768,294768,192,192,358025,84
1,0.1.0,model-level causal evidence; not a WAN measurement,screening,24,50,best_tree1_candidate,512,154186603,157192044,1068,534,534,534,534,17,0,0,0,0,0,1783296,294768,294768,191,191,395116,86
1,0.1.0,model-level causal evidence; not a WAN measurement,screening,25,50,best_tree1_candidate,512,152095401,155100842,1060,534,526,526,534,17,0,0,0,0,0,1739264,290352,294768,190,193,284482,88
1,0.1.0,model-level causal evidence; not a WAN measurement,screening,26,50,best_tree1_candidate,512,150493009,153498450,1060,534,526,526,534,16,0,0,0,0,0,1690624,290352,294768,192,195,95068,80
1,0.1.0,model-level causal evidence; not a WAN measurement,screening,27,50,best_tree1_candidate,512,151505401,154510842,1065,534,531,531,534,19,0,0,0,0,0,1751040,293112,294768,193,194,219570,84
1,0.1.0,model-level causal evidence; not a WAN measurement,screening,28,50,best_tree1_candidate,512,151223809,154229250,1068,534,534,534,534,16,0,0,0,0,0,1617408,294768,294768,194,194,757143,82
1,0.1.0,model-level causal evidence; not a WAN measurement,screening,29,50,best_tree1_candidate,512,155985003,158990444,1068,534,534,534,534,16,0,0,0,0,0,1866240,294768,294768,188,188,642171,88
1,0.1.0,model-level causal evidence; not a WAN measurement,screening,30,50,best_tree1_candidate,512,153395407,156400848,1068,534,534,534,534,20,0,0,0,0,0,1799168,294768,294768,192,192,149668,89
1,0.1.0,model-level causal evidence; not a WAN measurement,screening,31,50,best_tree1_candidate,512,153559801,156565242,1061,534,527,527,534,17,0,0,0,0,0,1782272,290904,294768,189,191,-659675,86
1,0.1.0,model-level causal evidence; not a WAN measurement,decisive,0,100,carousel,512,75282604,78706082,560,560,0,282,278,20,0,0,0,0,0,869376,155664,153456,206,203,523148,88
1,0.1.0,model-level causal evidence; not a WAN measurement,decisive,1,100,carousel,512,75080206,78406082,565,565,0,286,279,25,0,0,0,0,0,892928,157872,154008,210,205,371884,82
1,0.1.0,model-level causal evidence; not a WAN measurement,decisive,2,100,carousel,512,75075802,78506082,556,556,0,278,278,16,0,0,0,0,0,780288,153456,153456,204,204,803751,84
1,0.1.0,model-level causal evidence; not a WAN measurement,decisive,3,100,carousel,512,74993002,78506082,572,572,0,286,286,32,0,0,0,0,0,831488,157872,157872,210,210,659832,87
1,0.1.0,model-level causal evidence; not a WAN measurement,decisive,4,100,carousel,512,76515801,79706082,558,558,0,280,278,18,0,0,0,0,0,910336,153456,153456,200,200,325031,85
1,0.1.0,model-level causal evidence; not a WAN measurement,decisive,5,100,carousel,512,75066203,78506082,561,561,0,283,278,21,0,0,0,0,0,859648,156216,153456,208,204,507749,80
1,0.1.0,model-level causal evidence; not a WAN measurement,decisive,6,100,carousel,512,76080206,79506082,559,559,0,281,278,19,0,0,0,0,0,877056,153456,153456,201,201,554155,89
1,0.1.0,model-level causal evidence; not a WAN measurement,decisive,7,100,carousel,512,75687406,79206082,569,569,0,286,283,29,0,0,0,0,0,864256,154008,153456,203,202,46473,84
1,0.1.0,model-level causal evidence; not a WAN measurement,decisive,8,100,carousel,512,75691003,78906082,556,556,0,278,278,16,0,0,0,0,0,895488,153456,153456,202,202,85263,91
1,0.1.0,model-level causal evidence; not a WAN measurement,decisive,9,100,carousel,512,76083803,79606082,562,562,0,284,278,22,0,0,0,0,0,872448,153456,153456,201,201,518250,93
1,0.1.0,model-level causal evidence; not a WAN measurement,decisive,10,100,carousel,512,75586607,79106082,564,564,0,286,278,24,0,0,0,0,0,859136,155664,153456,205,203,643063,91
1,0.1.0,model-level causal evidence; not a WAN measurement,decisive,11,100,carousel,512,74943403,78406082,558,558,0,280,278,18,0,0,0,0,0,930304,154560,153456,206,204,367409,85
1,0.1.0,model-level causal evidence; not a WAN measurement,decisive,12,100,carousel,512,75974607,79506082,572,572,0,286,286,32,0,0,0,0,0,922624,153456,153456,201,201,689389,88
1,0.1.0,model-level causal evidence; not a WAN measurement,decisive,13,100,carousel,512,75717001,79206082,563,563,0,285,278,23,0,0,0,0,0,994816,153456,153456,202,202,672869,94
1,0.1.0,model-level causal evidence; not a WAN measurement,decisive,14,100,carousel,512,75198607,78506082,559,559,0,281,278,19,0,0,0,0,0,826368,155112,153456,206,204,810482,81
1,0.1.0,model-level causal evidence; not a WAN measurement,decisive,15,100,carousel,512,76584603,80106082,564,564,0,286,278,24,0,0,0,0,0,1046528,157872,153456,206,200,641194,92
1,0.1.0,model-level causal evidence; not a WAN measurement,decisive,16,100,carousel,512,76755804,80006082,561,561,0,283,278,21,0,0,0,0,0,1137152,156216,153456,203,199,461221,88
1,0.1.0,model-level causal evidence; not a WAN measurement,decisive,17,100,carousel,512,75465401,78906082,569,569,0,286,283,29,0,0,0,0,0,952320,157320,153456,208,203,438087,87
1,0.1.0,model-level causal evidence; not a WAN measurement,decisive,18,100,carousel,512,75317008,78606082,563,563,0,285,278,23,0,0,0,0,0,902144,157320,153456,208,203,770775,89
1,0.1.0,model-level causal evidence; not a WAN measurement,decisive,19,100,carousel,512,75653801,79106082,570,570,0,286,284,30,0,0,0,0,0,836096,156768,153456,207,202,231403,81
1,0.1.0,model-level causal evidence; not a WAN measurement,decisive,20,100,carousel,512,75870601,79306082,562,562,0,284,278,22,0,0,0,0,0,883200,153456,153456,202,202,649408,85
1,0.1.0,model-level causal evidence; not a WAN measurement,decisive,21,100,carousel,512,75178201,78606082,569,569,0,286,283,29,0,0,0,0,0,821248,157872,156216,209,207,418573,85
1,0.1.0,model-level causal evidence; not a WAN measurement,decisive,22,100,carousel,512,75953801,79406082,556,556,0,278,278,16,0,0,0,0,0,920576,153456,153456,202,202,253112,101
1,0.1.0,model-level causal evidence; not a WAN measurement,decisive,23,100,carousel,512,76018602,79506082,571,571,0,286,285,31,0,0,0,0,0,962048,153456,153456,201,201,-106961,100
1,0.1.0,model-level causal evidence; not a WAN measurement,decisive,24,100,carousel,512,77488201,80806082,560,560,0,282,278,20,0,0,0,0,0,1119232,155664,153456,200,198,369427,94
1,0.1.0,model-level causal evidence; not a WAN measurement,decisive,25,100,carousel,512,75890603,79406082,564,564,0,286,278,24,0,0,0,0,0,828416,153456,153456,202,202,359023,83
1,0.1.0,model-level causal evidence; not a WAN measurement,decisive,26,100,carousel,512,76080206,79506082,567,567,0,286,281,27,0,0,0,0,0,949760,153456,153456,201,201,451932,84
1,0.1.0,model-level causal evidence; not a WAN measurement,decisive,27,100,carousel,512,75480207,78906082,562,562,0,284,278,22,0,0,0,0,0,898560,156768,153456,207,203,213124,84
1,0.1.0,model-level causal evidence; not a WAN measurement,decisive,28,100,carousel,512,76119404,79606082,570,570,0,286,284,30,0,0,0,0,0,905216,153456,153456,201,201,597930,85
1,0.1.0,model-level causal evidence; not a WAN measurement,decisive,29,100,carousel,512,76205804,79706082,571,571,0,286,285,31,0,0,0,0,0,918528,153456,153456,201,201,897806,89
1,0.1.0,model-level causal evidence; not a WAN measurement,decisive,30,100,carousel,512,75381002,78806082,556,556,0,278,278,16,0,0,0,0,0,859136,153456,153456,203,203,464954,90
1,0.1.0,model-level causal evidence; not a WAN measurement,decisive,31,100,carousel,512,75797402,79306082,557,557,0,279,278,17,0,0,0,0,0,967680,153456,153456,202,202,889816,90
1,0.1.0,model-level causal evidence; not a WAN measurement,decisive,32,100,carousel,512,75718206,79206082,569,569,0,286,283,29,0,0,0,0,0,868352,155112,153456,204,202,434980,82
1,0.1.0,model-level causal evidence; not a WAN measurement,decisive,33,100,carousel,512,76144602,79606082,563,563,0,285,278,23,0,0,0,0,0,902144,153456,153456,201,201,224236,93
1,0.1.0,model-level causal evidence; not a WAN measurement,decisive,34,100,carousel,512,76113003,79606082,565,565,0,286,279,25,0,0,0,0,0,845312,153456,153456,201,201,623516,89
1,0.1.0,model-level causal evidence; not a WAN measurement,decisive,35,100,carousel,512,76628203,80006082,567,567,0,286,281,27,0,0,0,0,0,1034752,157872,155112,206,202,224409,89
1,0.1.0,model-level causal evidence; not a WAN measurement,decisive,36,100,carousel,512,75348205,78806082,562,562,0,284,278,22,0,0,0,0,0,954368,156768,153456,208,203,911776,87
1,0.1.0,model-level causal evidence; not a WAN measurement,decisive,37,100,carousel,512,75772202,79206082,566,566,0,286,280,26,0,0,0,0,0,856576,153456,153456,202,202,371450,81
1,0.1.0,model-level causal evidence; not a WAN measurement,decisive,38,100,carousel,512,75629802,79106082,568,568,0,286,282,28,0,0,0,0,0,871936,155664,153456,205,202,815912,91
1,0.1.0,model-level causal evidence; not a WAN measurement,decisive,39,100,carousel,512,75725003,78906082,560,560,0,282,278,20,0,0,0,0,0,819200,155112,153456,204,202,589732,92
1,0.1.0,model-level causal evidence; not a WAN measurement,decisive,40,100,carousel,512,75355802,78806082,556,556,0,278,278,16,0,0,0,0,0,809984,153456,153456,203,203,525722,87
1,0.1.0,model-level causal evidence; not a WAN measurement,decisive,41,100,carousel,512,76324201,79806082,560,560,0,282,278,20,0,0,0,0,0,918528,153456,153456,201,201,664363,90
1,0.1.0,model-level causal evidence; not a WAN measurement,decisive,42,100,carousel,512,74391807,77906082,560,560,0,282,278,20,0,0,0,0,0,785408,155664,153456,209,206,934056,80
1,0.1.0,model-level causal evidence; not a WAN measurement,decisive,43,100,carousel,512,75653801,79106082,556,556,0,278,278,16,0,0,0,0,0,882176,153456,153456,202,202,625860,96
1,0.1.0,model-level causal evidence; not a WAN measurement,decisive,44,100,carousel,512,75215005,78706082,561,561,0,283,278,21,0,0,0,0,0,935424,154560,153456,205,204,94342,89
1,0.1.0,model-level causal evidence; not a WAN measurement,decisive,45,100,carousel,512,75689402,79206082,572,572,0,286,286,32,0,0,0,0,0,851968,155664,153456,205,202,424439,87
1,0.1.0,model-level causal evidence; not a WAN measurement,decisive,46,100,carousel,512,76095401,79606082,559,559,0,281,278,19,0,0,0,0,0,870400,153456,153456,201,201,439475,90
1,0.1.0,model-level causal evidence; not a WAN measurement,decisive,47,100,carousel,512,76223403,79706082,556,556,0,278,278,17,0,0,0,0,0,948224,153456,153456,201,201,133945,91
1,0.1.0,model-level causal evidence; not a WAN measurement,decisive,48,100,carousel,512,76257004,79706082,560,560,0,282,278,20,0,0,0,0,0,934912,153456,153456,201,201,508625,91
1,0.1.0,model-level causal evidence; not a WAN measurement,decisive,49,100,carousel,512,75902605,79306082,560,560,0,282,278,20,0,0,0,0,0,897024,153456,153456,202,202,637092,87
1,0.1.0,model-level causal evidence; not a WAN measurement,decisive,50,100,carousel,512,75354205,78806082,562,562,0,284,278,22,0,0,0,0,0,845824,156768,153456,208,203,624799,85
1,0.1.0,model-level causal evidence; not a WAN measurement,decisive,51,100,carousel,512,75416601,78906082,556,556,0,278,278,16,0,0,0,0,0,857600,153456,153456,203,203,827837,84
1,0.1.0,model-level causal evidence; not a WAN measurement,decisive,52,100,carousel,512,76324201,79506082,558,558,0,280,278,18,0,0,0,0,0,932864,153456,153456,201,201,567259,84
1,0.1.0,model-level causal evidence; not a WAN measurement,decisive,53,100,carousel,512,76210205,79706082,564,564,0,286,278,24,0,0,0,0,0,866816,153456,153456,201,201,146382,94
1,0.1.0,model-level causal evidence; not a WAN measurement,decisive,54,100,carousel,512,75749804,79206082,561,561,0,283,278,21,0,0,0,0,0,897536,153456,153456,202,202,266222,95
1,0.1.0,model-level causal evidence; not a WAN measurement,decisive,55,100,carousel,512,75557001,79006082,560,560,0,282,278,20,0,0,0,0,0,861696,153456,153456,203,203,188479,90
1,0.1.0,model-level causal evidence; not a WAN measurement,decisive,56,100,carousel,512,75511404,79006082,571,571,0,286,285,31,0,0,0,0,0,864768,156768,153456,207,203,-95302,87
1,0.1.0,model-level causal evidence; not a WAN measurement,decisive,57,100,carousel,512,76543401,80006082,569,569,0,286,283,29,0,0,0,0,0,1079296,157872,156216,206,204,903706,98
1,0.1.0,model-level causal evidence; not a WAN measurement,decisive,58,100,carousel,512,74861411,78306082,561,561,0,283,278,21,0,0,0,0,0,821248,156216,153456,208,204,-192408,81
1,0.1.0,model-level causal evidence; not a WAN measurement,decisive,59,100,carousel,512,75314204,78806082,563,563,0,285,278,23,0,0,0,0,0,858624,157320,153456,208,203,426517,78
1,0.1.0,model-level causal evidence; not a WAN measurement,decisive,60,100,carousel,512,75627809,79106082,560,560,0,282,278,20,0,0,0,0,0,844288,153456,153456,202,202,466874,91
1,0.1.0,model-level causal evidence; not a WAN measurement,decisive,61,100,carousel,512,76107806,79506082,562,562,0,284,278,22,0,0,0,0,0,896512,153456,153456,201,201,106860,91
1,0.1.0,model-level causal evidence; not a WAN measurement,decisive,62,100,carousel,512,75727007,79206082,564,564,0,286,278,24,0,0,0,0,0,936448,153456,153456,202,202,707346,91
1,0.1.0,model-level causal evidence; not a WAN measurement,decisive,63,100,carousel,512,76717002,80206082,570,570,0,286,284,30,0,0,0,0,0,1108992,157872,156768,205,204,228642,87
1,0.1.0,model-level causal evidence; not a WAN measurement,decisive,64,100,carousel,512,75800604,79306082,569,569,0,286,283,29,0,0,0,0,0,907776,153456,153456,202,202,487919,85
1,0.1.0,model-level causal evidence; not a WAN measurement,decisive,65,100,carousel,512,76194203,79706082,562,562,0,284,278,22,0,0,0,0,0,838144,153456,153456,201,201,-42509,87
1,0.1.0,model-level causal evidence; not a WAN measurement,decisive,66,100,carousel,512,76286603,79806082,564,564,0,286,278,24,0,0,0,0,0,930816,153456,153456,201,201,330707,98
1,0.1.0,model-level causal evidence; not a WAN measurement,decisive,67,100,carousel,512,75220207,78706082,571,571,0,286,285,31,0,0,0,0,0,848896,157872,157320,209,209,708571,88
1,0.1.0,model-level causal evidence; not a WAN measurement,decisive,68,100,carousel,512,75140603,78606082,561,561,0,283,278,23,0,0,0,0,0,844800,156216,153456,207,204,557885,96
1,0.1.0,model-level causal evidence; not a WAN measurement,decisive,69,100,carousel,512,76049802,79506082,560,560,0,282,278,20,0,0,0,0,0,923648,153456,153456,201,201,83155,95
1,0.1.0,model-level causal evidence; not a WAN measurement,decisive,70,100,carousel,512,75265405,78706082,561,561,0,283,278,21,0,0,0,0,0,888320,156216,153456,207,203,492766,83
1,0.1.0,model-level causal evidence; not a WAN measurement,decisive,71,100,carousel,512,75661802,79006082,566,566,0,286,280,26,0,0,0,0,0,850944,156216,153456,206,202,585685,80
1,0.1.0,model-level causal evidence; not a WAN measurement,decisive,72,100,carousel,512,76073401,79506082,565,565,0,286,279,25,0,0,0,0,0,966144,153456,153456,201,201,730269,97
1,0.1.0,model-level causal evidence; not a WAN measurement,decisive,73,100,carousel,512,75626201,79106082,562,562,0,284,278,22,0,0,0,0,0,896000,154008,153456,203,202,405114,88
1,0.1.0,model-level causal evidence; not a WAN measurement,decisive,74,100,carousel,512,75328202,78806082,558,558,0,280,278,18,0,0,0,0,0,832000,154560,153456,205,203,333104,93
1,0.1.0,model-level causal evidence; not a WAN measurement,decisive,75,100,carousel,512,74364207,77806082,562,562,0,284,278,22,0,0,0,0,0,802816,156768,153456,210,206,642539,81
1,0.1.0,model-level causal evidence; not a WAN measurement,decisive,76,100,carousel,512,75689402,79206082,568,568,0,286,282,28,0,0,0,0,0,890880,155664,153456,205,202,225664,89
1,0.1.0,model-level causal evidence; not a WAN measurement,decisive,77,100,carousel,512,76403001,79906082,556,556,0,278,278,16,0,0,0,0,0,967168,153456,153456,200,200,184127,84
1,0.1.0,model-level causal evidence; not a WAN measurement,decisive,78,100,carousel,512,76067801,79506082,562,562,0,284,278,22,0,0,0,0,0,901632,153456,153456,201,201,117773,89
1,0.1.0,model-level causal evidence; not a WAN measurement,decisive,79,100,carousel,512,75563402,78606082,558,558,0,280,278,18,0,0,0,0,0,881664,154560,153456,204,203,851725,81
1,0.1.0,model-level causal evidence; not a WAN measurement,decisive,80,100,carousel,512,75091804,78606082,564,564,0,286,278,24,0,0,0,0,0,916992,157872,153456,210,204,763946,82
1,0.1.0,model-level causal evidence; not a WAN measurement,decisive,81,100,carousel,512,75438602,78906082,565,565,0,286,279,25,0,0,0,0,0,865792,157872,154008,209,204,705916,93
1,0.1.0,model-level causal evidence; not a WAN measurement,decisive,82,100,carousel,512,76048208,79306082,558,558,0,280,278,18,0,0,0,0,0,890880,153456,153456,201,201,-16010,84
1,0.1.0,model-level causal evidence; not a WAN measurement,decisive,83,100,carousel,512,74848601,78306082,560,560,0,282,278,20,0,0,0,0,0,811520,155664,153456,207,205,580660,90
1,0.1.0,model-level causal evidence; not a WAN measurement,decisive,84,100,carousel,512,75918203,79406082,565,565,0,286,279,25,0,0,0,0,0,975872,153456,153456,202,202,186472,91
1,0.1.0,model-level causal evidence; not a WAN measurement,decisive,85,100,carousel,512,76521401,80006082,563,563,0,285,278,23,0,0,0,0,0,1109504,157320,153456,205,200,501484,99
1,0.1.0,model-level causal evidence; not a WAN measurement,decisive,86,100,carousel,512,75829810,79006082,556,556,0,278,278,16,0,0,0,0,0,892928,153456,153456,202,202,958657,84
1,0.1.0,model-level causal evidence; not a WAN measurement,decisive,87,100,carousel,512,75594601,79106082,569,569,0,286,283,29,0,0,0,0,0,903168,156216,153456,206,202,538474,83
1,0.1.0,model-level causal evidence; not a WAN measurement,decisive,88,100,carousel,512,74975811,78406082,567,567,0,286,281,27,0,0,0,0,0,784384,157872,155112,210,206,-257299,85
1,0.1.0,model-level causal evidence; not a WAN measurement,decisive,89,100,carousel,512,76186201,79706082,560,560,0,282,278,20,0,0,0,0,0,883712,153456,153456,201,201,3480,90
1,0.1.0,model-level causal evidence; not a WAN measurement,decisive,90,100,carousel,512,76040202,79506082,559,559,0,281,278,19,0,0,0,0,0,918528,153456,153456,201,201,-113760,97
1,0.1.0,model-level causal evidence; not a WAN measurement,decisive,91,100,carousel,512,76667401,80106082,569,569,0,286,283,29,0,0,0,0,0,1032704,157872,156216,205,203,221601,86
1,0.1.0,model-level causal evidence; not a WAN measurement,decisive,92,100,carousel,512,75253404,78706082,563,563,0,285,278,23,0,0,0,0,0,803328,157320,153456,209,203,402411,81
1,0.1.0,model-level causal evidence; not a WAN measurement,decisive,93,100,carousel,512,75301006,78806082,571,571,0,286,285,31,0,0,0,0,0,878592,157872,157320,209,208,461463,89
1,0.1.0,model-level causal evidence; not a WAN measurement,decisive,94,100,carousel,512,75979404,79406082,562,562,0,284,278,22,0,0,0,0,0,915456,153456,153456,201,201,387106,83
1,0.1.0,model-level causal evidence; not a WAN measurement,decisive,95,100,carousel,512,75158602,78606082,559,559,0,281,278,19,0,0,0,0,0,886784,155112,153456,206,204,631486,79
1,0.1.0,model-level causal evidence; not a WAN measurement,decisive,96,100,carousel,512,75760201,79206082,568,568,0,286,282,28,0,0,0,0,0,917504,154008,153456,203,202,589343,84
1,0.1.0,model-level causal evidence; not a WAN measurement,decisive,97,100,carousel,512,76226207,79406082,558,558,0,280,278,18,0,0,0,0,0,824832,153456,153456,201,201,268011,93
1,0.1.0,model-level causal evidence; not a WAN measurement,decisive,98,100,carousel,512,76282602,79706082,556,556,0,278,278,16,0,0,0,0,0,951296,153456,153456,201,201,87005,87
1,0.1.0,model-level causal evidence; not a WAN measurement,decisive,99,100,carousel,512,74521402,78006082,564,564,0,286,278,24,0,0,0,0,0,752640,157872,153456,211,205,-212139,78
1,0.1.0,model-level causal evidence; not a WAN measurement,decisive,100,100,carousel,512,75180204,78606082,562,562,0,284,278,22,0,0,0,0,0,838656,156768,153456,208,204,625999,83
1,0.1.0,model-level causal evidence; not a WAN measurement,decisive,101,100,carousel,512,75543401,78706082,559,559,0,281,278,19,0,0,0,0,0,745472,155112,153456,205,203,831659,86
1,0.1.0,model-level causal evidence; not a WAN measurement,decisive,102,100,carousel,512,76112607,79606082,558,558,0,280,278,18,0,0,0,0,0,982016,153456,153456,201,201,-95302,97
1,0.1.0,model-level causal evidence; not a WAN measurement,decisive,103,100,carousel,512,76237003,79706082,562,562,0,284,278,22,0,0,0,0,0,925184,153456,153456,201,201,648260,92
1,0.1.0,model-level causal evidence; not a WAN measurement,decisive,104,100,carousel,512,75434602,78906082,570,570,0,286,284,30,0,0,0,0,0,829952,157872,156768,209,207,186456,84
1,0.1.0,model-level causal evidence; not a WAN measurement,decisive,105,100,carousel,512,75799802,79306082,569,569,0,286,283,29,0,0,0,0,0,845312,153456,153456,202,202,29756,83
1,0.1.0,model-level causal evidence; not a WAN measurement,decisive,106,100,carousel,512,74849001,78306082,564,564,0,286,278,24,0,0,0,0,0,835584,157872,153456,210,205,876577,81
1,0.1.0,model-level causal evidence; not a WAN measurement,decisive,107,100,carousel,512,76685401,80206082,563,563,0,285,278,23,0,0,0,0,0,1120768,157320,153456,205,200,475841,91
1,0.1.0,model-level causal evidence; not a WAN measurement,decisive,108,100,carousel,512,76111807,79406082,562,562,0,284,278,22,0,0,0,0,0,892416,153456,153456,201,201,538217,95
1,0.1.0,model-level causal evidence; not a WAN measurement,decisive,109,100,carousel,512,76224207,79706082,560,560,0,282,278,20,0,0,0,0,0,937472,153456,153456,201,201,445662,92
1,0.1.0,model-level causal evidence; not a WAN measurement,decisive,110,100,carousel,512,75293005,78806082,564,564,0,286,278,24,0,0,0,0,0,829440,157872,153456,209,203,535545,86
1,0.1.0,model-level causal evidence; not a WAN measurement,decisive,111,100,carousel,512,76091405,79606082,563,563,0,285,278,23,0,0,0,0,0,898560,153456,153456,201,201,406230,86
1,0.1.0,model-level causal evidence; not a WAN measurement,decisive,112,100,carousel,512,76423004,80006082,572,572,0,286,286,32,0,0,0,0,0,956416,157872,157872,206,206,911170,84
1,0.1.0,model-level causal evidence; not a WAN measurement,decisive,113,100,carousel,512,75880201,79306082,562,562,0,284,278,22,0,0,0,0,0,902144,153456,153456,202,202,320585,87
1,0.1.0,model-level causal evidence; not a WAN measurement,decisive,114,100,carousel,512,75270601,78706082,556,556,0,278,278,16,0,0,0,0,0,911360,153456,153456,203,203,105767,86
1,0.1.0,model-level causal evidence; not a WAN measurement,decisive,115,100,carousel,512,76123001,79606082,571,571,0,286,285,31,0,0,0,0,0,888832,153456,153456,201,201,247422,88
1,0.1.0,model-level causal evidence; not a WAN measurement,decisive,116,100,carousel,512,75253805,78606082,566,566,0,286,280,26,0,0,0,0,0,833536,157872,154560,209,205,664500,85
1,0.1.0,model-level causal evidence; not a WAN measurement,decisive,117,100,carousel,512,75432201,78906082,560,560,0,282,278,21,0,0,0,0,0,877568,155112,153456,205,203,719811,83
1,0.1.0,model-level causal evidence; not a WAN measurement,decisive,118,100,carousel,512,76453001,79506082,558,558,0,280,278,18,0,0,0,0,0,921600,153456,153456,200,200,974316,83
1,0.1.0,model-level causal evidence; not a WAN measurement,decisive,119,100,carousel,512,75391807,78906082,569,569,0,286,283,29,0,0,0,0,0,853504,157872,156216,209,207,600375,86
1,0.1.0,model-level causal evidence; not a WAN measurement,decisive,120,100,carousel,512,75515801,78706082,560,560,0,282,278,20,0,0,0,0,0,881664,155664,153456,206,203,666103,84
1,0.1.0,model-level causal evidence; not a WAN measurement,decisive,121,100,carousel,512,76239805,79706082,560,560,0,282,278,20,0,0,0,0,0,928768,153456,153456,201,201,425368,97
1,0.1.0,model-level causal evidence; not a WAN measurement,decisive,122,100,carousel,512,74752603,78006082,562,562,0,284,278,22,0,0,0,0,0,801792,156768,153456,209,205,20767,84
1,0.1.0,model-level causal evidence; not a WAN measurement,decisive,123,100,carousel,512,75736601,79206082,567,567,0,286,281,27,0,0,0,0,0,864256,155112,153456,204,202,391982,87
1,0.1.0,model-level causal evidence; not a WAN measurement,decisive,124,100,carousel,512,76553001,80006082,562,562,0,284,278,22,0,0,0,0,0,1065984,156768,153456,204,200,196871,101
1,0.1.0,model-level causal evidence; not a WAN measurement,decisive,125,100,carousel,512,75634202,78806082,559,559,0,281,278,19,0,0,0,0,0,797696,155112,153456,205,202,149593,85
1,0.1.0,model-level causal evidence; not a WAN measurement,decisive,126,100,carousel,512,74702219,78206082,561,561,0,283,278,21,0,0,0,0,0,846848,156216,153456,209,205,856880,78
1,0.1.0,model-level causal evidence; not a WAN measurement,decisive,127,100,carousel,512,75801004,79306082,562,562,0,284,278,22,0,0,0,0,0,948736,153456,153456,202,202,-155230,95
1,0.1.0,model-level causal evidence; not a WAN measurement,decisive,0,100,per_stripe_fec,512,75735005,78740446,556,556,0,278,278,16,0,0,0,0,0,891904,153456,153456,202,202,658284,83
1,0.1.0,model-level causal evidence; not a WAN measurement,decisive,1,100,per_stripe_fec,512,76827402,79832843,557,557,0,279,278,17,0,0,0,0,0,930816,153456,153456,199,199,829256,91
1,0.1.0,model-level causal evidence; not a WAN measurement,decisive,2,100,per_stripe_fec,512,75780203,78785644,556,556,0,278,278,16,0,0,0,0,0,866816,153456,153456,202,202,374490,83
1,0.1.0,model-level causal evidence; not a WAN measurement,decisive,3,100,per_stripe_fec,512,76281003,79286444,556,556,0,278,278,16,0,0,0,0,0,988160,153456,153456,201,201,526547,87
1,0.1.0,model-level causal evidence; not a WAN measurement,decisive,4,100,per_stripe_fec,512,76241402,79246843,556,556,0,278,278,16,0,0,0,0,0,900096,153456,153456,201,201,-37791,91
1,0.1.0,model-level causal evidence; not a WAN measurement,decisive,5,100,per_stripe_fec,512,75237805,78243246,556,556,0,278,278,16,0,0,0,0,0,763904,153456,153456,203,203,954526,80
1,0.1.0,model-level causal evidence; not a WAN measurement,decisive,6,100,per_stripe_fec,512,75129410,78134851,556,556,0,278,278,16,0,0,0,0,0,825344,153456,153456,204,204,450112,82
1,0.1.0,model-level causal evidence; not a WAN measurement,decisive,7,100,per_stripe_fec,512,76129005,79134446,556,556,0,278,278,16,0,0,0,0,0,896000,153456,153456,201,201,451781,83
1,0.1.0,model-level causal evidence; not a WAN measurement,decisive,8,100,per_stripe_fec,512,75854606,78860047,556,556,0,278,278,16,0,0,0,0,0,871936,153456,153456,202,202,26332,86
1,0.1.0,model-level causal evidence; not a WAN measurement,decisive,9,100,per_stripe_fec,512,76217809,79223250,556,556,0,278,278,16,0,0,0,0,0,903680,153456,153456,201,201,72784,94
1,0.1.0,model-level causal evidence; not a WAN measurement,decisive,10,100,per_stripe_fec,512,74689402,77694843,556,556,0,278,278,16,0,0,0,0,0,811520,153456,153456,205,205,189592,80
1,0.1.0,model-level causal evidence; not a WAN measurement,decisive,11,100,per_stripe_fec,512,76067801,79073242,556,556,0,278,278,16,0,0,0,0,0,850944,153456,153456,201,201,737320,87
1,0.1.0,model-level causal evidence; not a WAN measurement,decisive,12,100,per_stripe_fec,512,75960601,78966042,556,556,0,278,278,16,0,0,0,0,0,941056,153456,153456,202,202,297564,89
1,0.1.0,model-level causal evidence; not a WAN measurement,decisive,13,100,per_stripe_fec,512,76489801,79495242,556,556,0,278,278,16,0,0,0,0,0,859648,153456,153456,200,200,183863,85
1,0.1.0,model-level causal evidence; not a WAN measurement,decisive,14,100,per_stripe_fec,512,76945803,79951244,556,556,0,278,278,16,0,0,0,0,0,916480,153456,153456,199,199,387651,87
1,0.1.0,model-level causal evidence; not a WAN measurement,decisive,15,100,per_stripe_fec,512,75296602,78302043,556,556,0,278,278,16,0,0,0,0,0,786432,153456,153456,203,203,742873,81
1,0.1.0,model-level causal evidence; not a WAN measurement,decisive,16,100,per_stripe_fec,512,74663805,77669246,556,556,0,278,278,16,0,0,0,0,0,769024,153456,153456,205,205,663698,76
1,0.1.0,model-level causal evidence; not a WAN measurement,decisive,17,100,per_stripe_fec,512,76089403,79094844,556,556,0,278,278,16,0,0,0,0,0,841728,153456,153456,201,201,393357,82
1,0.1.0,model-level causal evidence; not a WAN measurement,decisive,18,100,per_stripe_fec,512,75640603,78646044,556,556,0,278,278,16,0,0,0,0,0,913408,153456,153456,202,202,507045,100
1,0.1.0,model-level causal evidence; not a WAN measurement,decisive,19,100,per_stripe_fec,512,76835401,79840842,557,557,0,279,278,17,0,0,0,0,0,872448,153456,153456,199,199,912282,91
1,0.1.0,model-level causal evidence; not a WAN measurement,decisive,20,100,per_stripe_fec,512,76900203,79905644,556,556,0,278,278,16,0,0,0,0,0,882688,153456,153456,199,199,154255,92
1,0.1.0,model-level causal evidence; not a WAN measurement,decisive,21,100,per_stripe_fec,512,76783402,79788843,556,556,0,278,278,16,0,0,0,0,0,987136,153456,153456,199,199,98259,93
1,0.1.0,model-level causal evidence; not a WAN measurement,decisive,22,100,per_stripe_fec,512,76532209,79537650,557,557,0,278,279,17,0,0,0,0,0,845824,153456,153456,200,200,-134302,86
1,0.1.0,model-level causal evidence; not a WAN measurement,decisive,23,100,per_stripe_fec,512,75063405,78068846,556,556,0,278,278,16,0,0,0,0,0,867328,153456,153456,204,204,797761,84
1,0.1.0,model-level causal evidence; not a WAN measurement,decisive,24,100,per_stripe_fec,512,76634211,79639652,556,556,0,278,278,16,0,0,0,0,0,893440,153456,153456,200,200,73259,92
1,0.1.0,model-level causal evidence; not a WAN measurement,decisive,25,100,per_stripe_fec,512,75937802,78943243,557,557,0,278,279,17,0,0,0,0,0,896512,153456,154008,202,202,434496,89
1,0.1.0,model-level causal evidence; not a WAN measurement,decisive,26,100,per_stripe_fec,512,76080206,79085647,556,556,0,278,278,16,0,0,0,0,0,871424,153456,153456,201,201,395561,86
1,0.1.0,model-level causal evidence; not a WAN measurement,decisive,27,100,per_stripe_fec,512,76639803,79645244,556,556,0,278,278,16,0,0,0,0,0,913920,153456,153456,200,200,429319,88
1,0.1.0,model-level causal evidence; not a WAN measurement,decisive,28,100,per_stripe_fec,512,76317801,79323242,556,556,0,278,278,16,0,0,0,0,0,933888,153456,153456,201,201,907248,94
1,0.1.0,model-level causal evidence; not a WAN measurement,decisive,29,100,per_stripe_fec,512,76929801,79935242,556,556,0,278,278,16,0,0,0,0,0,884736,153456,153456,199,199,154758,89
1,0.1.0,model-level causal evidence; not a WAN measurement,decisive,30,100,per_stripe_fec,512,75136602,78142043,556,556,0,278,278,16,0,0,0,0,0,874496,153456,153456,204,204,950923,82
1,0.1.0,model-level causal evidence; not a WAN measurement,decisive,31,100,per_stripe_fec,512,75937802,78943243,556,556,0,278,278,16,0,0,0,0,0,932864,153456,153456,202,202,878307,85
1,0.1.0,model-level causal evidence; not a WAN measurement,decisive,32,100,per_stripe_fec,512,75878205,78883646,557,557,0,278,279,17,0,0,0,0,0,842240,153456,154008,202,202,172011,81
1,0.1.0,model-level causal evidence; not a WAN measurement,decisive,33,100,per_stripe_fec,512,77178201,80183642,556,556,0,278,278,16,0,0,0,0,0,1035264,153456,153456,198,198,263328,92
1,0.1.0,model-level causal evidence; not a WAN measurement,decisive,34,100,per_stripe_fec,512,75317801,78323242,556,556,0,278,278,16,0,0,0,0,0,821248,153456,153456,203,203,879375,85
1,0.1.0,model-level causal evidence; not a WAN measurement,decisive,35,100,per_stripe_fec,512,76937802,79943243,556,556,0,278,278,16,0,0,0,0,0,919552,153456,153456,199,199,66141,85
1,0.1.0,model-level causal evidence; not a WAN measurement,decisive,36,100,per_stripe_fec,512,76150601,79156042,556,556,0,278,278,16,0,0,0,0,0,916480,153456,153456,201,201,522791,91
1,0.1.0,model-level causal evidence; not a WAN measurement,decisive,37,100,per_stripe_fec,512,76198203,79203644,556,556,0,278,278,16,0,0,0,0,0,952320,153456,153456,201,201,-42745,92
1,0.1.0,model-level causal evidence; not a WAN measurement,decisive,38,100,per_stripe_fec,512,75249403,78254844,556,556,0,278,278,16,0,0,0,0,0,929792,153456,153456,203,203,604917,92
1,0.1.0,model-level causal evidence; not a WAN measurement,decisive,39,100,per_stripe_fec,512,74863003,77868444,556,556,0,278,278,16,0,0,0,0,0,818176,153456,153456,204,204,810027,81
1,0.1.0,model-level causal evidence; not a WAN measurement,decisive,40,100,per_stripe_fec,512,75890603,78896044,556,556,0,278,278,16,0,0,0,0,0,847872,153456,153456,202,202,449674,85
1,0.1.0,model-level causal evidence; not a WAN measurement,decisive,41,100,per_stripe_fec,512,76128601,79134042,556,556,0,278,278,16,0,0,0,0,0,961536,153456,153456,201,201,106860,93
1,0.1.0,model-level causal evidence; not a WAN measurement,decisive,42,100,per_stripe_fec,512,76018201,79023642,556,556,0,278,278,16,0,0,0,0,0,887808,153456,153456,201,201,58577,91
1,0.1.0,model-level causal evidence; not a WAN measurement,decisive,43,100,per_stripe_fec,512,75835403,78840844,556,556,0,278,278,16,0,0,0,0,0,876032,153456,153456,202,202,307134,87
1,0.1.0,model-level causal evidence; not a WAN measurement,decisive,44,100,per_stripe_fec,512,76738207,79743648,556,556,0,278,278,16,0,0,0,0,0,906752,153456,153456,199,199,193160,95
1,0.1.0,model-level causal evidence; not a WAN measurement,decisive,45,100,per_stripe_fec,512,76095401,79100842,556,556,0,278,278,16,0,0,0,0,0,901632,153456,153456,201,201,-256457,86
1,0.1.0,model-level causal evidence; not a WAN measurement,decisive,46,100,per_stripe_fec,512,74530623,77536064,556,556,0,278,278,16,0,0,0,0,0,719872,153456,153456,205,205,931638,82
1,0.1.0,model-level causal evidence; not a WAN measurement,decisive,47,100,per_stripe_fec,512,75456601,78462042,556,556,0,278,278,16,0,0,0,0,0,813056,153456,153456,203,203,462472,84
1,0.1.0,model-level causal evidence; not a WAN measurement,decisive,48,100,per_stripe_fec,512,76249403,79254844,556,556,0,278,278,16,0,0,0,0,0,847872,153456,153456,201,201,69085,89
1,0.1.0,model-level causal evidence; not a WAN measurement,decisive,49,100,per_stripe_fec,512,75399808,78405249,556,556,0,278,278,16,0,0,0,0,0,797696,153456,153456,203,203,922198,79
1,0.1.0,model-level causal evidence; not a WAN measurement,decisive,50,100,per_stripe_fec,512,76045802,79051243,556,556,0,278,278,16,0,0,0,0,0,856576,153456,153456,201,201,178767,85
1,0.1.0,model-level causal evidence; not a WAN measurement,decisive,51,100,per_stripe_fec,512,75374606,78380047,556,556,0,278,278,16,0,0,0,0,0,941056,153456,153456,203,203,459559,81
1,0.1.0,model-level causal evidence; not a WAN measurement,decisive,52,100,per_stripe_fec,512,75589007,78594448,556,556,0,278,278,16,0,0,0,0,0,877568,153456,153456,203,203,453384,87
1,0.1.0,model-level causal evidence; not a WAN measurement,decisive,53,100,per_stripe_fec,512,76186201,79191642,556,556,0,278,278,16,0,0,0,0,0,871936,153456,153456,201,201,329102,89
1,0.1.0,model-level causal evidence; not a WAN measurement,decisive,54,100,per_stripe_fec,512,75683809,78689250,556,556,0,278,278,16,0,0,0,0,0,850432,153456,153456,202,202,102846,87
1,0.1.0,model-level causal evidence; not a WAN measurement,decisive,55,100,per_stripe_fec,512,76594204,79599645,556,556,0,278,278,16,0,0,0,0,0,1014784,153456,153456,200,200,849640,88
1,0.1.0,model-level causal evidence; not a WAN measurement,decisive,56,100,per_stripe_fec,512,75997010,79002451,556,556,0,278,278,16,0,0,0,0,0,823296,153456,153456,201,201,283494,91
1,0.1.0,model-level causal evidence; not a WAN measurement,decisive,57,100,per_stripe_fec,512,76044605,79050046,556,556,0,278,278,16,0,0,0,0,0,883200,153456,153456,201,201,-121638,83
1,0.1.0,model-level causal evidence; not a WAN measurement,decisive,58,100,per_stripe_fec,512,75488201,78493642,556,556,0,278,278,16,0,0,0,0,0,847872,153456,153456,203,203,300503,91
1,0.1.0,model-level causal evidence; not a WAN measurement,decisive,59,100,per_stripe_fec,512,75855002,78860443,556,556,0,278,278,16,0,0,0,0,0,833536,153456,153456,202,202,817143,79
1,0.1.0,model-level causal evidence; not a WAN measurement,decisive,60,100,per_stripe_fec,512,75348205,78353646,556,556,0,278,278,16,0,0,0,0,0,781312,153456,153456,203,203,922703,85
1,0.1.0,model-level causal evidence; not a WAN measurement,decisive,61,100,per_stripe_fec,512,75723007,78728448,556,556,0,278,278,16,0,0,0,0,0,819712,153456,153456,202,202,690155,85
1,0.1.0,model-level causal evidence; not a WAN measurement,decisive,62,100,per_stripe_fec,512,76155001,79160442,556,556,0,278,278,16,0,0,0,0,0,905728,153456,153456,201,201,606034,90
1,0.1.0,model-level causal evidence; not a WAN measurement,decisive,63,100,per_stripe_fec,512,76831401,79836842,556,556,0,278,278,16,0,0,0,0,0,867328,153456,153456,199,199,256296,96
1,0.1.0,model-level causal evidence; not a WAN measurement,decisive,64,100,per_stripe_fec,512,76229804,79235245,556,556,0,278,278,16,0,0,0,0,0,889344,153456,153456,201,201,390331,89
1,0.1.0,model-level causal evidence; not a WAN measurement,decisive,65,100,per_stripe_fec,512,76053802,79059243,556,556,0,278,278,16,0,0,0,0,0,954880,153456,153456,201,201,377270,86
1,0.1.0,model-level causal evidence; not a WAN measurement,decisive,66,100,per_stripe_fec,512,76156601,79162042,556,556,0,278,278,16,0,0,0,0,0,881152,153456,153456,201,201,325031,89
1,0.1.0,model-level causal evidence; not a WAN measurement,decisive,67,100,per_stripe_fec,512,77129005,80134446,556,556,0,278,278,16,0,0,0,0,0,988160,153456,153456,198,198,596410,94
1,0.1.0,model-level causal evidence; not a WAN measurement,decisive,68,100,per_stripe_fec,512,76639002,79644443,556,556,0,278,278,16,0,0,0,0,0,916480,153456,153456,200,200,922227,88
1,0.1.0,model-level causal evidence; not a WAN measurement,decisive,69,100,per_stripe_fec,512,75855002,78860443,556,556,0,278,278,16,0,0,0,0,0,877056,153456,153456,202,202,745504,82
1,0.1.0,model-level causal evidence; not a WAN measurement,decisive,70,100,per_stripe_fec,512,76085403,79090844,556,556,0,278,278,16,0,0,0,0,0,853504,153456,153456,201,201,851566,94
1,0.1.0,model-level causal evidence; not a WAN measurement,decisive,71,100,per_stripe_fec,512,75717002,78722443,556,556,0,278,278,16,0,0,0,0,0,816128,153456,153456,202,202,665912,86
1,0.1.0,model-level causal evidence; not a WAN measurement,decisive,72,100,per_stripe_fec,512,75586204,78591645,556,556,0,278,278,16,0,0,0,0,0,888320,153456,153456,203,203,723076,85
1,0.1.0,model-level causal evidence; not a WAN measurement,decisive,73,100,per_stripe_fec,512,76839403,79844844,557,557,0,278,279,17,0,0,0,0,0,918528,153456,153456,199,199,160899,90
1,0.1.0,model-level causal evidence; not a WAN measurement,decisive,74,100,per_stripe_fec,512,75911802,78917243,556,556,0,278,278,16,0,0,0,0,0,878592,153456,153456,202,202,517408,84
1,0.1.0,model-level causal evidence; not a WAN measurement,decisive,75,100,per_stripe_fec,512,76182605,79188046,557,557,0,279,278,17,0,0,0,0,0,849920,154008,153456,202,201,558486,85
1,0.1.0,model-level causal evidence; not a WAN measurement,decisive,76,100,per_stripe_fec,512,75855002,78860443,556,556,0,278,278,16,0,0,0,0,0,852992,153456,153456,202,202,305268,82
1,0.1.0,model-level causal evidence; not a WAN measurement,decisive,77,100,per_stripe_fec,512,75362211,78367652,556,556,0,278,278,16,0,0,0,0,0,869888,153456,153456,203,203,690334,82
1,0.1.0,model-level causal evidence; not a WAN measurement,decisive,78,100,per_stripe_fec,512,76103402,79108843,556,556,0,278,278,16,0,0,0,0,0,1001984,153456,153456,201,201,330707,93
1,0.1.0,model-level causal evidence; not a WAN measurement,decisive,79,100,per_stripe_fec,512,76305004,79310445,556,556,0,278,278,16,0,0,0,0,0,870400,153456,153456,201,201,394822,82
1,0.1.0,model-level causal evidence; not a WAN measurement,decisive,80,100,per_stripe_fec,512,74927401,77932842,556,556,0,278,278,16,0,0,0,0,0,817664,153456,153456,204,204,399678,84
1,0.1.0,model-level causal evidence; not a WAN measurement,decisive,81,100,per_stripe_fec,512,76277003,79282444,556,556,0,278,278,16,0,0,0,0,0,848896,153456,153456,201,201,394822,85
1,0.1.0,model-level causal evidence; not a WAN measurement,decisive,82,100,per_stripe_fec,512,76324202,79329643,556,556,0,278,278,16,0,0,0,0,0,939008,153456,153456,201,201,264639,89
1,0.1.0,model-level causal evidence; not a WAN measurement,decisive,83,100,per_stripe_fec,512,75912202,78917643,556,556,0,278,278,16,0,0,0,0,0,870912,153456,153456,202,202,172048,95
1,0.1.0,model-level causal evidence; not a WAN measurement,decisive,84,100,per_stripe_fec,512,76099805,79105246,556,556,0,278,278,16,0,0,0,0,0,850944,153456,153456,201,201,880907,93
1,0.1.0,model-level causal evidence; not a WAN measurement,decisive,85,100,per_stripe_fec,512,74950619,77956060,556,556,0,278,278,16,0,0,0,0,0,908800,153456,153456,204,204,126439,86
1,0.1.0,model-level causal evidence; not a WAN measurement,decisive,86,100,per_stripe_fec,512,76046205,79051646,556,556,0,278,278,16,0,0,0,0,0,832000,153456,153456,201,201,581220,82
1,0.1.0,model-level causal evidence; not a WAN measurement,decisive,87,100,per_stripe_fec,512,75415003,78420444,556,556,0,278,278,16,0,0,0,0,0,825344,153456,153456,203,203,458277,79
1,0.1.0,model-level causal evidence; not a WAN measurement,decisive,88,100,per_stripe_fec,512,76347801,79353242,556,556,0,278,278,16,0,0,0,0,0,904704,153456,153456,200,200,-107101,92
1,0.1.0,model-level causal evidence; not a WAN measurement,decisive,89,100,per_stripe_fec,512,76091804,79097245,556,556,0,278,278,16,0,0,0,0,0,832512,153456,153456,201,201,468371,99
1,0.1.0,model-level causal evidence; not a WAN measurement,decisive,90,100,per_stripe_fec,512,75715001,78720442,556,556,0,278,278,16,0,0,0,0,0,822272,153456,153456,202,202,532654,85
1,0.1.0,model-level causal evidence; not a WAN measurement,decisive,91,100,per_stripe_fec,512,76657801,79663242,557,557,0,278,279,14,0,0,0,0,0,893440,153456,153456,200,200,292544,90
1,0.1.0,model-level causal evidence; not a WAN measurement,decisive,92,100,per_stripe_fec,512,76661802,79667243,556,556,0,278,278,16,0,0,0,0,0,879616,153456,153456,200,200,33674,96
1,0.1.0,model-level causal evidence; not a WAN measurement,decisive,93,100,per_stripe_fec,512,75155005,78160446,556,556,0,278,278,16,0,0,0,0,0,884736,153456,153456,204,204,632631,87
1,0.1.0,model-level causal evidence; not a WAN measurement,decisive,94,100,per_stripe_fec,512,75855002,78860443,556,556,0,278,278,16,0,0,0,0,0,888320,153456,153456,202,202,248856,87
1,0.1.0,model-level causal evidence; not a WAN measurement,decisive,95,100,per_stripe_fec,512,76278206,79283647,556,556,0,278,278,16,0,0,0,0,0,913920,153456,153456,201,201,54755,87
1,0.1.0,model-level causal evidence; not a WAN measurement,decisive,96,100,per_stripe_fec,512,77127405,80132846,556,556,0,278,278,16,0,0,0,0,0,1081856,153456,153456,198,198,654535,97
1,0.1.0,model-level causal evidence; not a WAN measurement,decisive,97,100,per_stripe_fec,512,76531408,79536849,556,556,0,278,278,16,0,0,0,0,0,844288,153456,153456,200,200,89955,90
1,0.1.0,model-level causal evidence; not a WAN measurement,decisive,98,100,per_stripe_fec,512,75269002,78274443,556,556,0,278,278,16,0,0,0,0,0,858112,153456,153456,203,203,393688,94
1,0.1.0,model-level causal evidence; not a WAN measurement,decisive,99,100,per_stripe_fec,512,74965402,77970843,556,556,0,278,278,16,0,0,0,0,0,798208,153456,153456,204,204,-168647,85
1,0.1.0,model-level causal evidence; not a WAN measurement,decisive,100,100,per_stripe_fec,512,76009004,79014445,556,556,0,278,278,16,0,0,0,0,0,881664,153456,153456,201,201,374755,85
1,0.1.0,model-level causal evidence; not a WAN measurement,decisive,101,100,per_stripe_fec,512,75937802,78943243,556,556,0,278,278,16,0,0,0,0,0,838656,153456,153456,202,202,267124,94
1,0.1.0,model-level causal evidence; not a WAN measurement,decisive,102,100,per_stripe_fec,512,74868603,77874044,556,556,0,278,278,16,0,0,0,0,0,803840,153456,153456,204,204,56575,84
1,0.1.0,model-level causal evidence; not a WAN measurement,decisive,103,100,per_stripe_fec,512,75194203,78199644,556,556,0,278,278,16,0,0,0,0,0,817152,153456,153456,204,204,865364,88
1,0.1.0,model-level causal evidence; not a WAN measurement,decisive,104,100,per_stripe_fec,512,75605817,78611258,556,556,0,278,278,16,0,0,0,0,0,929792,153456,153456,202,202,655450,91
1,0.1.0,model-level causal evidence; not a WAN measurement,decisive,105,100,per_stripe_fec,512,76202201,79207642,556,556,0,278,278,16,0,0,0,0,0,914944,153456,153456,201,201,615770,92
1,0.1.0,model-level causal evidence; not a WAN measurement,decisive,106,100,per_stripe_fec,512,75717002,78722443,556,556,0,278,278,16,0,0,0,0,0,835072,153456,153456,202,202,509184,86
1,0.1.0,model-level causal evidence; not a WAN measurement,decisive,107,100,per_stripe_fec,512,75558603,78564044,556,556,0,278,278,16,0,0,0,0,0,890368,153456,153456,203,203,338959,82
1,0.1.0,model-level causal evidence; not a WAN measurement,decisive,108,100,per_stripe_fec,512,76099805,79105246,556,556,0,278,278,16,0,0,0,0,0,890880,153456,153456,201,201,619854,95
1,0.1.0,model-level causal evidence; not a WAN measurement,decisive,109,100,per_stripe_fec,512,75916207,78921648,556,556,0,278,278,16,0,0,0,0,0,969728,153456,153456,202,202,-70907,93
1,0.1.0,model-level causal evidence; not a WAN measurement,decisive,110,100,per_stripe_fec,512,76150601,79156042,557,557,0,279,278,17,0,0,0,0,0,849920,154008,153456,202,201,471179,91
1,0.1.0,model-level causal evidence; not a WAN measurement,decisive,111,100,per_stripe_fec,512,76488201,79493642,556,556,0,278,278,16,0,0,0,0,0,950784,153456,153456,200,200,381752,91
1,0.1.0,model-level causal evidence; not a WAN measurement,decisive,112,100,per_stripe_fec,512,76012608,79018049,557,557,0,278,279,17,0,0,0,0,0,895488,153456,153456,201,201,249830,82
1,0.1.0,model-level causal evidence; not a WAN measurement,decisive,113,100,per_stripe_fec,512,76281405,79286846,556,556,0,278,278,16,0,0,0,0,0,855552,153456,153456,201,201,370361,92
1,0.1.0,model-level causal evidence; not a WAN measurement,decisive,114,100,per_stripe_fec,512,76634202,79639643,556,556,0,278,278,16,0,0,0,0,0,839680,153456,153456,200,200,23889,87
1,0.1.0,model-level causal evidence; not a WAN measurement,decisive,115,100,per_stripe_fec,512,75555005,78560446,556,556,0,278,278,16,0,0,0,0,0,820224,153456,153456,203,203,566428,93
1,0.1.0,model-level causal evidence; not a WAN measurement,decisive,116,100,per_stripe_fec,512,75752603,78758044,556,556,0,278,278,16,0,0,0,0,0,907264,153456,153456,202,202,525802,80
1,0.1.0,model-level causal evidence; not a WAN measurement,decisive,117,100,per_stripe_fec,512,76012601,79018042,556,556,0,278,278,16,0,0,0,0,0,859136,153456,153456,201,201,318083,87
1,0.1.0,model-level causal evidence; not a WAN measurement,decisive,118,100,per_stripe_fec,512,76385002,79390443,556,556,0,278,278,16,0,0,0,0,0,970752,153456,153456,200,200,-4537,93
1,0.1.0,model-level causal evidence; not a WAN measurement,decisive,119,100,per_stripe_fec,512,75657402,78662843,556,556,0,278,278,16,0,0,0,0,0,927232,153456,153456,202,202,520548,86
1,0.1.0,model-level causal evidence; not a WAN measurement,decisive,120,100,per_stripe_fec,512,75731412,78736853,556,556,0,278,278,16,0,0,0,0,0,813056,153456,153456,202,202,676589,88
1,0.1.0,model-level causal evidence; not a WAN measurement,decisive,121,100,per_stripe_fec,512,76103401,79108842,556,556,0,278,278,16,0,0,0,0,0,904704,153456,153456,201,201,452192,97
1,0.1.0,model-level causal evidence; not a WAN measurement,decisive,122,100,per_stripe_fec,512,75261403,78266844,556,556,0,278,278,16,0,0,0,0,0,813056,153456,153456,203,203,946354,87
1,0.1.0,model-level causal evidence; not a WAN measurement,decisive,123,100,per_stripe_fec,512,76560608,79566049,556,556,0,278,278,16,0,0,0,0,0,978432,153456,153456,200,200,805211,89
1,0.1.0,model-level causal evidence; not a WAN measurement,decisive,124,100,per_stripe_fec,512,75634202,78639643,556,556,0,278,278,16,0,0,0,0,0,849920,153456,153456,202,202,440053,86
1,0.1.0,model-level causal evidence; not a WAN measurement,decisive,125,100,per_stripe_fec,512,76113406,79118847,557,557,0,278,279,17,0,0,0,0,0,914944,153456,153456,201,201,196291,87
1,0.1.0,model-level causal evidence; not a WAN measurement,decisive,126,100,per_stripe_fec,512,76488201,79493642,557,557,0,278,279,17,0,0,0,0,0,864256,153456,153456,200,200,-33745,92
1,0.1.0,model-level causal evidence; not a WAN measurement,decisive,127,100,per_stripe_fec,512,76420603,79426044,556,556,0,278,278,16,0,0,0,0,0,921600,153456,153456,200,200,394761,87
1,0.1.0,model-level causal evidence; not a WAN measurement,decisive,0,100,best_tree0_candidate,512,145625805,148631246,1068,534,534,534,534,16,0,0,0,0,0,1729536,294768,294768,202,202,628715,91
1,0.1.0,model-level causal evidence; not a WAN measurement,decisive,1,100,best_tree0_candidate,512,145487801,148493242,1068,534,534,534,534,16,0,0,0,0,0,1676288,294768,294768,202,202,714847,86
1,0.1.0,model-level causal evidence; not a WAN measurement,decisive,2,100,best_tree0_candidate,512,146626201,149631642,1068,534,534,534,534,16,0,0,0,0,0,1692160,294768,294768,201,201,407332,92
1,0.1.0,model-level causal evidence; not a WAN measurement,decisive,3,100,best_tree0_candidate,512,145571001,148576442,1068,534,534,534,534,16,0,0,0,0,0,1623552,294768,294768,202,202,569536,98
1,0.1.0,model-level causal evidence; not a WAN measurement,decisive,4,100,best_tree0_candidate,512,145791801,148797242,1068,534,534,534,534,16,0,0,0,0,0,1627648,294768,294768,202,202,121803,89
1,0.1.0,model-level causal evidence; not a WAN measurement,decisive,5,100,best_tree0_candidate,512,145551001,148556442,1068,534,534,534,534,16,0,0,0,0,0,1778176,294768,294768,202,202,410313,91
1,0.1.0,model-level causal evidence; not a WAN measurement,decisive,6,100,best_tree0_candidate,512,146557402,149562843,1068,534,534,534,534,16,0,0,0,0,0,1620480,294768,294768,201,201,584701,88
1,0.1.0,model-level causal evidence; not a WAN measurement,decisive,7,100,best_tree0_candidate,512,145979003,148984444,1068,534,534,534,534,16,0,0,0,0,0,1690112,294768,294768,201,201,174584,91
1,0.1.0,model-level causal evidence; not a WAN measurement,decisive,8,100,best_tree0_candidate,512,146902201,149907642,1068,534,534,534,534,16,0,0,0,0,0,1778176,294768,294768,200,200,490173,99
1,0.1.0,model-level causal evidence; not a WAN measurement,decisive,9,100,best_tree0_candidate,512,146172201,149177642,1068,534,534,534,534,16,0,0,0,0,0,1749504,294768,294768,201,201,101886,93
1,0.1.0,model-level causal evidence; not a WAN measurement,decisive,10,100,best_tree0_candidate,512,146190202,149195643,1068,534,534,534,534,17,0,0,0,0,0,1773568,294768,294768,201,201,557682,90
1,0.1.0,model-level causal evidence; not a WAN measurement,decisive,11,100,best_tree0_candidate,512,144139003,147144444,1068,534,534,534,534,16,0,0,0,0,0,1582080,294768,294768,204,204,456174,84
1,0.1.0,model-level causal evidence; not a WAN measurement,decisive,12,100,best_tree0_candidate,512,144315012,147320453,1068,534,534,534,534,16,0,0,0,0,0,1596928,294768,294768,204,204,319918,87
1,0.1.0,model-level causal evidence; not a WAN measurement,decisive,13,100,best_tree0_candidate,512,146121002,149126443,1068,534,534,534,534,16,0,0,0,0,0,1715200,294768,294768,201,201,-62033,105
1,0.1.0,model-level causal evidence; not a WAN measurement,decisive,14,100,best_tree0_candidate,512,145244602,148250043,1068,534,534,534,534,16,0,0,0,0,0,1718272,294768,294768,202,202,235180,95
1,0.1.0,model-level causal evidence; not a WAN measurement,decisive,15,100,best_tree0_candidate,512,147168201,150173642,1068,534,534,534,534,16,0,0,0,0,0,1884672,294768,294768,200,200,260783,94
1,0.1.0,model-level causal evidence; not a WAN measurement,decisive,16,100,best_tree0_candidate,512,147071404,150076845,1068,534,534,534,534,16,0,0,0,0,0,1889280,294768,294768,200,200,477139,97
1,0.1.0,model-level causal evidence; not a WAN measurement,decisive,17,100,best_tree0_candidate,512,145971002,148976443,1068,534,534,534,534,16,0,0,0,0,0,1740288,294768,294768,201,201,429867,94
1,0.1.0,model-level causal evidence; not a WAN measurement,decisive,18,100,best_tree0_candidate,512,146693002,149698443,1068,534,534,534,534,16,0,0,0,0,0,1616896,294768,294768,200,200,272168,84
1,0.1.0,model-level causal evidence; not a WAN measurement,decisive,19,100,best_tree0_candidate,512,146489801,149495242,1068,534,534,534,534,16,0,0,0,0,0,1684480,294768,294768,201,201,132141,93
1,0.1.0,model-level causal evidence; not a WAN measurement,decisive,20,100,best_tree0_candidate,512,145328606,148334047,1068,534,534,534,534,18,0,0,0,0,0,1691136,294768,294768,202,202,213162,99
1,0.1.0,model-level causal evidence; not a WAN measurement,decisive,21,100,best_tree0_candidate,512,146163402,149168843,1068,534,534,534,534,19,0,0,0,0,0,1715712,294768,294768,201,201,300150,93
1,0.1.0,model-level causal evidence; not a WAN measurement,decisive,22,100,best_tree0_candidate,512,147296602,150302043,1068,534,534,534,534,16,0,0,0,0,0,1866752,294768,294768,200,200,409304,98
1,0.1.0,model-level causal evidence; not a WAN measurement,decisive,23,100,best_tree0_candidate,512,146111404,149116845,1068,534,534,534,534,16,0,0,0,0,0,1687552,294768,294768,201,201,797843,90
1,0.1.0,model-level causal evidence; not a WAN measurement,decisive,24,100,best_tree0_candidate,512,145237401,148242842,1068,534,534,534,534,16,0,0,0,0,0,1646592,294768,294768,202,202,186866,90
1,0.1.0,model-level causal evidence; not a WAN measurement,decisive,25,100,best_tree0_candidate,512,145332203,148337644,1068,534,534,534,534,16,0,0,0,0,0,1643008,294768,294768,202,202,390732,87
1,0.1.0,model-level causal evidence; not a WAN measurement,decisive,26,100,best_tree0_candidate,512,146537404,149542845,1068,534,534,534,534,16,0,0,0,0,0,1674240,294768,294768,201,201,327029,94
1,0.1.0,model-level causal evidence; not a WAN measurement,decisive,27,100,best_tree0_candidate,512,145819401,148824842,1068,534,534,534,534,16,0,0,0,0,0,1659392,294768,294768,202,202,274004,93
1,0.1.0,model-level causal evidence; not a WAN measurement,decisive,28,100,best_tree0_candidate,512,146626201,149631642,1068,534,534,534,534,16,0,0,0,0,0,1679360,294768,294768,201,201,118939,88
1,0.1.0,model-level causal evidence; not a WAN measurement,decisive,29,100,best_tree0_candidate,512,145902204,148907645,1068,534,534,534,534,16,0,0,0,0,0,1682944,294768,294768,202,202,435627,82
1,0.1.0,model-level causal evidence; not a WAN measurement,decisive,30,100,best_tree0_candidate,512,146159805,149165246,1068,534,534,534,534,16,0,0,0,0,0,1766912,294768,294768,201,201,284697,87
1,0.1.0,model-level causal evidence; not a WAN measurement,decisive,31,100,best_tree0_candidate,512,147095401,150100842,1069,535,534,535,534,17,0,0,0,0,0,1902592,295320,294768,200,200,479036,95
1,0.1.0,model-level causal evidence; not a WAN measurement,decisive,32,100,best_tree0_candidate,512,145951403,148956844,1068,534,534,534,534,16,0,0,0,0,0,1661952,294768,294768,201,201,222958,91
1,0.1.0,model-level causal evidence; not a WAN measurement,decisive,33,100,best_tree0_candidate,512,145439001,148444442,1068,534,534,534,534,16,0,0,0,0,0,1654272,294768,294768,202,202,481387,92
1,0.1.0,model-level causal evidence; not a WAN measurement,decisive,34,100,best_tree0_candidate,512,145155005,148160446,1068,534,534,534,534,16,0,0,0,0,0,1580032,294768,294768,203,203,558945,84
1,0.1.0,model-level causal evidence; not a WAN measurement,decisive,35,100,best_tree0_candidate,512,145493802,148499243,1068,534,534,534,534,16,0,0,0,0,0,1737728,294768,294768,202,202,713466,86
1,0.1.0,model-level causal evidence; not a WAN measurement,decisive,36,100,best_tree0_candidate,512,145190202,148195643,1068,534,534,534,534,16,0,0,0,0,0,1677824,294768,294768,203,203,599963,87
1,0.1.0,model-level causal evidence; not a WAN measurement,decisive,37,100,best_tree0_candidate,512,147085805,150091246,1068,534,534,534,534,16,0,0,0,0,0,1832960,294768,294768,200,200,379490,93
1,0.1.0,model-level causal evidence; not a WAN measurement,decisive,38,100,best_tree0_candidate,512,144279001,147284442,1068,534,534,534,534,16,0,0,0,0,0,1645568,294768,294768,204,204,292240,94
1,0.1.0,model-level causal evidence; not a WAN measurement,decisive,39,100,best_tree0_candidate,512,144375401,147380842,1068,534,534,534,534,19,0,0,0,0,0,1637888,294768,294768,204,204,622557,83
1,0.1.0,model-level causal evidence; not a WAN measurement,decisive,40,100,best_tree0_candidate,512,146767804,149773245,1069,535,534,535,534,17,0,0,0,0,0,1669120,294768,294768,200,200,276213,95
1,0.1.0,model-level causal evidence; not a WAN measurement,decisive,41,100,best_tree0_candidate,512,146412601,149418042,1068,534,534,534,534,16,0,0,0,0,0,1707008,294768,294768,201,201,396172,101
1,0.1.0,model-level causal evidence; not a WAN measurement,decisive,42,100,best_tree0_candidate,512,146797401,149802842,1068,534,534,534,534,16,0,0,0,0,0,1893888,294768,294768,200,200,247208,99
1,0.1.0,model-level causal evidence; not a WAN measurement,decisive,43,100,best_tree0_candidate,512,144949804,147955245,1068,534,534,534,534,16,0,0,0,0,0,1614336,294768,294768,203,203,77060,93
1,0.1.0,model-level causal evidence; not a WAN measurement,decisive,44,100,best_tree0_candidate,512,146081401,149086842,1068,534,534,534,534,16,0,0,0,0,0,1705472,294768,294768,201,201,305645,96
1,0.1.0,model-level causal evidence; not a WAN measurement,decisive,45,100,best_tree0_candidate,512,145153007,148158448,1068,534,534,534,534,16,0,0,0,0,0,1619968,294768,294768,203,203,600212,91
1,0.1.0,model-level causal evidence; not a WAN measurement,decisive,46,100,best_tree0_candidate,512,144793802,147799243,1068,534,534,534,534,16,0,0,0,0,0,1626112,294768,294768,203,203,324319,91
1,0.1.0,model-level causal evidence; not a WAN measurement,decisive,47,100,best_tree0_candidate,512,146286604,149292045,1068,534,534,534,534,17,0,0,0,0,0,1688064,294768,294768,201,201,318946,93
1,0.1.0,model-level causal evidence; not a WAN measurement,decisive,48,100,best_tree0_candidate,512,145219806,148225247,1068,534,534,534,534,18,0,0,0,0,0,1644544,294768,294768,202,202,252217,87
1,0.1.0,model-level causal evidence; not a WAN measurement,decisive,49,100,best_tree0_candidate,512,146073402,149078843,1068,534,534,534,534,16,0,0,0,0,0,1602560,294768,294768,201,201,433859,94
1,0.1.0,model-level causal evidence; not a WAN measurement,decisive,50,100,best_tree0_candidate,512,145458208,148463649,1068,534,534,534,534,16,0,0,0,0,0,1758720,294768,294768,202,202,691675,90
1,0.1.0,model-level causal evidence; not a WAN measurement,decisive,51,100,best_tree0_candidate,512,146065802,149071243,1068,534,534,534,534,16,0,0,0,0,0,1680384,294768,294768,201,201,389842,93
1,0.1.0,model-level causal evidence; not a WAN measurement,decisive,52,100,best_tree0_candidate,512,145187802,148193243,1068,534,534,534,534,16,0,0,0,0,0,1679360,294768,294768,203,203,519252,88
1,0.1.0,model-level causal evidence; not a WAN measurement,decisive,53,100,best_tree0_candidate,512,145571001,148576442,1068,534,534,534,534,16,0,0,0,0,0,1671168,294768,294768,202,202,620026,84
1,0.1.0,model-level causal evidence; not a WAN measurement,decisive,54,100,best_tree0_candidate,512,145634202,148639643,1068,534,534,534,534,16,0,0,0,0,0,1628160,294768,294768,202,202,340245,92
1,0.1.0,model-level causal evidence; not a WAN measurement,decisive,55,100,best_tree0_candidate,512,147841408,150846849,1068,534,534,534,534,16,0,0,0,0,0,1857536,294768,294768,199,199,282498,92
1,0.1.0,model-level causal evidence; not a WAN measurement,decisive,56,100,best_tree0_candidate,512,145202204,148207645,1068,534,534,534,534,16,0,0,0,0,0,1659904,294768,294768,203,203,197138,86
1,0.1.0,model-level causal evidence; not a WAN measurement,decisive,57,100,best_tree0_candidate,512,145552602,148558043,1068,534,534,534,534,16,0,0,0,0,0,1692672,294768,294768,202,202,388719,91
1,0.1.0,model-level causal evidence; not a WAN measurement,decisive,58,100,best_tree0_candidate,512,146247001,149252442,1068,534,534,534,534,16,0,0,0,0,0,1667072,294768,294768,201,201,363690,97
1,0.1.0,model-level causal evidence; not a WAN measurement,decisive,59,100,best_tree0_candidate,512,145558602,148564043,1068,534,534,534,534,16,0,0,0,0,0,1685504,294768,294768,202,202,411342,93
1,0.1.0,model-level causal evidence; not a WAN measurement,decisive,60,100,best_tree0_candidate,512,144827402,147832843,1068,534,534,534,534,16,0,0,0,0,0,1617408,294768,294768,203,203,465666,89
1,0.1.0,model-level causal evidence; not a WAN measurement,decisive,61,100,best_tree0_candidate,512,144502207,147507648,1068,534,534,534,534,16,0,0,0,0,0,1551360,294768,294768,203,203,525354,91
1,0.1.0,model-level causal evidence; not a WAN measurement,decisive,62,100,best_tree0_candidate,512,145147004,148152445,1068,534,534,534,534,16,0,0,0,0,0,1563648,294768,294768,203,203,421165,83
1,0.1.0,model-level causal evidence; not a WAN measurement,decisive,63,100,best_tree0_candidate,512,146706601,149712042,1068,534,534,534,534,16,0,0,0,0,0,1735168,294768,293664,200,200,226690,95
1,0.1.0,model-level causal evidence; not a WAN measurement,decisive,64,100,best_tree0_candidate,512,145048202,148053643,1068,534,534,534,534,16,0,0,0,0,0,1653248,294768,294768,203,203,320991,93
1,0.1.0,model-level causal evidence; not a WAN measurement,decisive,65,100,best_tree0_candidate,512,145655401,148660842,1068,534,534,534,534,16,0,0,0,0,0,1572864,294768,294768,202,202,85807,95
1,0.1.0,model-level causal evidence; not a WAN measurement,decisive,66,100,best_tree0_candidate,512,145937802,148943243,1068,534,534,534,534,16,0,0,0,0,0,1784832,294768,294768,201,201,127186,92
1,0.1.0,model-level causal evidence; not a WAN measurement,decisive,67,100,best_tree0_candidate,512,144977403,147982844,1068,534,534,534,534,16,0,0,0,0,0,1646080,294768,294768,203,203,414372,91
1,0.1.0,model-level causal evidence; not a WAN measurement,decisive,68,100,best_tree0_candidate,512,147128203,150133644,1068,534,534,534,534,16,0,0,0,0,0,1832960,294768,294768,200,200,367728,102
1,0.1.0,model-level causal evidence; not a WAN measurement,decisive,69,100,best_tree0_candidate,512,145207804,148213245,1068,534,534,534,534,16,0,0,0,0,0,1733120,294768,294768,202,202,501575,88
1,0.1.0,model-level causal evidence; not a WAN measurement,decisive,70,100,best_tree0_candidate,512,146849001,149854442,1068,534,534,534,534,16,0,0,0,0,0,1699840,294768,294768,200,200,246080,99
1,0.1.0,model-level causal evidence; not a WAN measurement,decisive,71,100,best_tree0_candidate,512,147634202,150639643,1068,534,534,534,534,16,0,0,0,0,0,1897472,294768,294768,199,199,-234580,90
1,0.1.0,model-level causal evidence; not a WAN measurement,decisive,72,100,best_tree0_candidate,512,146751403,149756844,1068,534,534,534,534,16,0,0,0,0,0,1729024,294768,294768,200,200,382238,94
1,0.1.0,model-level causal evidence; not a WAN measurement,decisive,73,100,best_tree0_candidate,512,145957401,148962842,1068,534,534,534,534,16,0,0,0,0,0,1664512,294768,294768,201,201,647575,90
1,0.1.0,model-level causal evidence; not a WAN measurement,decisive,74,100,best_tree0_candidate,512,146097806,149103247,1068,534,534,534,534,20,0,0,0,0,0,1765376,294768,294768,201,201,47761,91
1,0.1.0,model-level causal evidence; not a WAN measurement,decisive,75,100,best_tree0_candidate,512,145178201,148183642,1068,534,534,534,534,16,0,0,0,0,0,1577984,294768,294768,203,203,149545,83
1,0.1.0,model-level causal evidence; not a WAN measurement,decisive,76,100,best_tree0_candidate,512,146351801,149357242,1068,534,534,534,534,16,0,0,0,0,0,1731584,294768,294768,201,201,271724,94
1,0.1.0,model-level causal evidence; not a WAN measurement,decisive,77,100,best_tree0_candidate,512,145809408,148814849,1068,534,534,534,534,16,0,0,0,0,0,1705472,294768,294768,202,202,485898,91
1,0.1.0,model-level causal evidence; not a WAN measurement,decisive,78,100,best_tree0_candidate,512,145841004,148846445,1068,534,534,534,534,16,0,0,0,0,0,1805312,294768,294768,202,202,543030,105
1,0.1.0,model-level causal evidence; not a WAN measurement,decisive,79,100,best_tree0_candidate,512,146752603,149758044,1068,534,534,534,534,16,0,0,0,0,0,1776128,294768,294768,200,200,205816,91
1,0.1.0,model-level causal evidence; not a WAN measurement,decisive,80,100,best_tree0_candidate,512,144981404,147986845,1068,534,534,534,534,16,0,0,0,0,0,1594368,294768,294768,203,203,313486,89
1,0.1.0,model-level causal evidence; not a WAN measurement,decisive,81,100,best_tree0_candidate,512,146309404,149314845,1068,534,534,534,534,16,0,0,0,0,0,1791488,294768,294768,201,201,234506,93
1,0.1.0,model-level causal evidence; not a WAN measurement,decisive,82,100,best_tree0_candidate,512,144863003,147868444,1068,534,534,534,534,16,0,0,0,0,0,1597952,294768,294768,203,203,252814,85
1,0.1.0,model-level causal evidence; not a WAN measurement,decisive,83,100,best_tree0_candidate,512,145071801,148077242,1068,534,534,534,534,16,0,0,0,0,0,1613312,294768,294768,203,203,700285,99
1,0.1.0,model-level causal evidence; not a WAN measurement,decisive,84,100,best_tree0_candidate,512,145554602,148560043,1068,534,534,534,534,16,0,0,0,0,0,1649152,294768,294768,202,202,346890,89
1,0.1.0,model-level causal evidence; not a WAN measurement,decisive,85,100,best_tree0_candidate,512,145602204,148607645,1068,534,534,534,534,16,0,0,0,0,0,1692672,294768,294768,202,202,396491,94
1,0.1.0,model-level causal evidence; not a WAN measurement,decisive,86,100,best_tree0_candidate,512,145099401,148104842,1068,534,534,534,534,16,0,0,0,0,0,1553408,294768,294768,203,203,746073,94
1,0.1.0,model-level causal evidence; not a WAN measurement,decisive,87,100,best_tree0_candidate,512,144556615,147562056,1068,534,534,534,534,16,0,0,0,0,0,1756160,294768,294768,203,203,564410,102
1,0.1.0,model-level causal evidence; not a WAN measurement,decisive,88,100,best_tree0_candidate,512,145218206,148223647,1068,534,534,534,534,16,0,0,0,0,0,1713664,294768,294768,202,202,723100,88
1,0.1.0,model-level causal evidence; not a WAN measurement,decisive,89,100,best_tree0_candidate,512,146553002,149558443,1068,534,534,534,534,16,0,0,0,0,0,1774592,294768,294768,201,201,198576,94
1,0.1.0,model-level causal evidence; not a WAN measurement,decisive,90,100,best_tree0_candidate,512,146124607,149130048,1068,534,534,534,534,16,0,0,0,0,0,1775616,294768,294768,201,201,159668,93
1,0.1.0,model-level causal evidence; not a WAN measurement,decisive,91,100,best_tree0_candidate,512,145681401,148686842,1068,534,534,534,534,16,0,0,0,0,0,1672192,294768,294768,202,202,227966,88
1,0.1.0,model-level causal evidence; not a WAN measurement,decisive,92,100,best_tree0_candidate,512,144776202,147781643,1068,534,534,534,534,16,0,0,0,0,0,1631232,294768,294768,203,203,468349,93
1,0.1.0,model-level causal evidence; not a WAN measurement,decisive,93,100,best_tree0_candidate,512,144655805,147661246,1068,534,534,534,534,16,0,0,0,0,0,1668096,294768,294768,203,203,391926,86
1,0.1.0,model-level causal evidence; not a WAN measurement,decisive,94,100,best_tree0_candidate,512,145035411,148040852,1069,535,534,535,534,17,0,0,0,0,0,1569280,295320,294768,203,203,538294,94
1,0.1.0,model-level causal evidence; not a WAN measurement,decisive,95,100,best_tree0_candidate,512,145683001,148688442,1068,534,534,534,534,16,0,0,0,0,0,1581056,294768,294768,202,202,306066,97
1,0.1.0,model-level causal evidence; not a WAN measurement,decisive,96,100,best_tree0_candidate,512,145675402,148680843,1068,534,534,534,534,16,0,0,0,0,0,1691136,294768,294768,202,202,343971,91
1,0.1.0,model-level causal evidence; not a WAN measurement,decisive,97,100,best_tree0_candidate,512,146195803,149201244,1068,534,534,534,534,16,0,0,0,0,0,1764864,294768,294768,201,201,727084,89
1,0.1.0,model-level causal evidence; not a WAN measurement,decisive,98,100,best_tree0_candidate,512,146206204,149211645,1068,534,534,534,534,16,0,0,0,0,0,1660928,294768,294768,201,201,454464,86
1,0.1.0,model-level causal evidence; not a WAN measurement,decisive,99,100,best_tree0_candidate,512,145257404,148262845,1068,534,534,534,534,16,0,0,0,0,0,1712640,294768,294768,202,202,826137,89
1,0.1.0,model-level causal evidence; not a WAN measurement,decisive,100,100,best_tree0_candidate,512,146054206,149059647,1068,534,534,534,534,16,0,0,0,0,0,1684992,294768,294768,201,201,403230,100
1,0.1.0,model-level causal evidence; not a WAN measurement,decisive,101,100,best_tree0_candidate,512,145606602,148612043,1068,534,534,534,534,16,0,0,0,0,0,1606656,294768,294768,202,202,335378,84
1,0.1.0,model-level causal evidence; not a WAN measurement,decisive,102,100,best_tree0_candidate,512,144703403,147708844,1068,534,534,534,534,16,0,0,0,0,0,1674240,294768,294768,203,203,195213,96
1,0.1.0,model-level causal evidence; not a WAN measurement,decisive,103,100,best_tree0_candidate,512,145152603,148158044,1068,534,534,534,534,16,0,0,0,0,0,1617408,294768,294768,203,203,775364,84
1,0.1.0,model-level causal evidence; not a WAN measurement,decisive,104,100,best_tree0_candidate,512,145125008,148130449,1068,534,534,534,534,16,0,0,0,0,0,1612288,294768,294768,203,203,362560,84
1,0.1.0,model-level causal evidence; not a WAN measurement,decisive,105,100,best_tree0_candidate,512,144910202,147915643,1068,534,534,534,534,16,0,0,0,0,0,1641472,294768,294768,203,203,192565,91
1,0.1.0,model-level causal evidence; not a WAN measurement,decisive,106,100,best_tree0_candidate,512,146121408,149126849,1068,534,534,534,534,16,0,0,0,0,0,1652224,294768,294768,201,201,539159,92
1,0.1.0,model-level causal evidence; not a WAN measurement,decisive,107,100,best_tree0_candidate,512,144251807,147257248,1068,534,534,534,534,16,0,0,0,0,0,1531392,294768,294768,204,204,178436,87
1,0.1.0,model-level causal evidence; not a WAN measurement,decisive,108,100,best_tree0_candidate,512,146273002,149278443,1068,534,534,534,534,16,0,0,0,0,0,1629184,294768,294768,201,201,392057,92
1,0.1.0,model-level causal evidence; not a WAN measurement,decisive,109,100,best_tree0_candidate,512,144699811,147705252,1068,534,534,534,534,18,0,0,0,0,0,1673216,294768,294768,203,203,-218826,89
1,0.1.0,model-level causal evidence; not a WAN measurement,decisive,110,100,best_tree0_candidate,512,145667402,148672843,1068,534,534,534,534,16,0,0,0,0,0,1642496,294768,294768,202,202,764206,94
1,0.1.0,model-level causal evidence; not a WAN measurement,decisive,111,100,best_tree0_candidate,512,144739801,147745242,1068,534,534,534,534,16,0,0,0,0,0,1608704,294768,294768,203,203,-159189,89
1,0.1.0,model-level causal evidence; not a WAN measurement,decisive,112,100,best_tree0_candidate,512,145141005,148146446,1068,534,534,534,534,16,0,0,0,0,0,1638912,294768,294768,203,203,475788,86
1,0.1.0,model-level causal evidence; not a WAN measurement,decisive,113,100,best_tree0_candidate,512,144720202,147725643,1068,534,534,534,534,16,0,0,0,0,0,1592320,294768,294768,203,203,257192,95
1,0.1.0,model-level causal evidence; not a WAN measurement,decisive,114,100,best_tree0_candidate,512,145288601,148294042,1068,534,534,534,534,16,0,0,0,0,0,1653760,294768,294768,202,202,186120,91
1,0.1.0,model-level causal evidence; not a WAN measurement,decisive,115,100,best_tree0_candidate,512,145931401,148936842,1068,534,534,534,534,16,0,0,0,0,0,1747968,294768,294768,201,201,479511,86
1,0.1.0,model-level causal evidence; not a WAN measurement,decisive,116,100,best_tree0_candidate,512,146164203,149169644,1068,534,534,534,534,16,0,0,0,0,0,1763328,294768,294768,201,201,298068,92
1,0.1.0,model-level causal evidence; not a WAN measurement,decisive,117,100,best_tree0_candidate,512,145712601,148718042,1068,534,534,534,534,16,0,0,0,0,0,1540608,294768,294768,202,202,308273,90
1,0.1.0,model-level causal evidence; not a WAN measurement,decisive,118,100,best_tree0_candidate,512,145727002,148732443,1069,535,534,535,534,17,0,0,0,0,0,1729024,295320,294768,202,202,7054,86
1,0.1.0,model-level causal evidence; not a WAN measurement,decisive,119,100,best_tree0_candidate,512,145767804,148773245,1068,534,534,534,534,20,0,0,0,0,0,1641472,294768,294768,202,202,206325,95
1,0.1.0,model-level causal evidence; not a WAN measurement,decisive,120,100,best_tree0_candidate,512,144667807,147673248,1068,534,534,534,534,16,0,0,0,0,0,1576960,294768,294768,203,203,380895,92
1,0.1.0,model-level causal evidence; not a WAN measurement,decisive,121,100,best_tree0_candidate,512,144839404,147844845,1068,534,534,534,534,16,0,0,0,0,0,1636352,294768,294768,203,203,-151866,89
1,0.1.0,model-level causal evidence; not a WAN measurement,decisive,122,100,best_tree0_candidate,512,145446603,148452044,1068,534,534,534,534,16,0,0,0,0,0,1671168,294768,294768,202,202,408163,94
1,0.1.0,model-level causal evidence; not a WAN measurement,decisive,123,100,best_tree0_candidate,512,146791404,149796845,1068,534,534,534,534,20,0,0,0,0,0,1800192,294768,292008,200,198,143540,95
1,0.1.0,model-level causal evidence; not a WAN measurement,decisive,124,100,best_tree0_candidate,512,146178201,149183642,1068,534,534,534,534,16,0,0,0,0,0,1703424,294768,294768,201,201,150286,91
1,0.1.0,model-level causal evidence; not a WAN measurement,decisive,125,100,best_tree0_candidate,512,145661802,148667243,1068,534,534,534,534,16,0,0,0,0,0,1666560,294768,294768,202,202,554667,88
1,0.1.0,model-level causal evidence; not a WAN measurement,decisive,126,100,best_tree0_candidate,512,145740601,148746042,1068,534,534,534,534,16,0,0,0,0,0,1753600,294768,294768,202,202,346529,92
1,0.1.0,model-level causal evidence; not a WAN measurement,decisive,127,100,best_tree0_candidate,512,146058206,149063647,1068,534,534,534,534,16,0,0,0,0,0,1804800,294768,294768,201,201,580601,89
1,0.1.0,model-level causal evidence; not a WAN measurement,decisive,0,100,best_tree1_candidate,512,146202204,149207645,1068,534,534,534,534,16,0,0,0,0,0,1742336,294768,294768,201,201,265346,89
1,0.1.0,model-level causal evidence; not a WAN measurement,decisive,1,100,best_tree1_candidate,512,146064204,149069645,1068,534,534,534,534,16,0,0,0,0,0,1736192,294768,294768,201,201,256523,83
1,0.1.0,model-level causal evidence; not a WAN measurement,decisive,2,100,best_tree1_candidate,512,145600202,148605643,1068,534,534,534,534,16,0,0,0,0,0,1648128,294768,294768,202,202,405311,99
1,0.1.0,model-level causal evidence; not a WAN measurement,decisive,3,100,best_tree1_candidate,512,148208601,151214042,1068,534,534,534,534,16,0,0,0,0,0,1855488,294768,294768,198,198,117173,93
1,0.1.0,model-level causal evidence; not a WAN measurement,decisive,4,100,best_tree1_candidate,512,145011005,148016446,1068,534,534,534,534,16,0,0,0,0,0,1529856,294768,294768,203,203,344188,88
1,0.1.0,model-level causal evidence; not a WAN measurement,decisive,5,100,best_tree1_candidate,512,146305007,149310448,1070,535,535,535,535,18,0,0,0,0,0,1640960,294768,294768,201,201,271326,88
1,0.1.0,model-level causal evidence; not a WAN measurement,decisive,6,100,best_tree1_candidate,512,146993002,149998443,1068,534,534,534,534,16,0,0,0,0,0,1739776,294768,294768,200,200,122744,86
1,0.1.0,model-level causal evidence; not a WAN measurement,decisive,7,100,best_tree1_candidate,512,146161806,149167247,1068,534,534,534,534,16,0,0,0,0,0,1546752,294768,294768,201,201,428149,88
1,0.1.0,model-level causal evidence; not a WAN measurement,decisive,8,100,best_tree1_candidate,512,145172204,148177645,1068,534,534,534,534,16,0,0,0,0,0,1630720,294768,294768,203,203,591410,95
1,0.1.0,model-level causal evidence; not a WAN measurement,decisive,9,100,best_tree1_candidate,512,146937801,149943242,1068,534,534,534,534,18,0,0,0,0,0,1757696,293664,293664,199,199,839500,89
1,0.1.0,model-level causal evidence; not a WAN measurement,decisive,10,100,best_tree1_candidate,512,146011005,149016446,1068,534,534,534,534,16,0,0,0,0,0,1613824,294768,294768,201,201,16505,82
1,0.1.0,model-level causal evidence; not a WAN measurement,decisive,11,100,best_tree1_candidate,512,146493801,149499242,1068,534,534,534,534,16,0,0,0,0,0,1574912,294768,294768,201,201,491761,87
1,0.1.0,model-level causal evidence; not a WAN measurement,decisive,12,100,best_tree1_candidate,512,146912615,149918056,1068,534,534,534,534,16,0,0,0,0,0,1811456,294768,294768,200,200,192766,92
1,0.1.0,model-level causal evidence; not a WAN measurement,decisive,13,100,best_tree1_candidate,512,147442603,150448044,1068,534,534,534,534,16,0,0,0,0,0,1675264,294768,294768,199,199,343442,99
1,0.1.0,model-level causal evidence; not a WAN measurement,decisive,14,100,best_tree1_candidate,512,146502207,149507648,1068,534,534,534,534,16,0,0,0,0,0,1648128,294768,294768,201,201,372361,91
1,0.1.0,model-level causal evidence; not a WAN measurement,decisive,15,100,best_tree1_candidate,512,147011005,150016446,1068,534,534,534,534,16,0,0,0,0,0,1883648,294768,294768,200,200,334617,93
1,0.1.0,model-level causal evidence; not a WAN measurement,decisive,16,100,best_tree1_candidate,512,145865004,148870445,1068,534,534,534,534,16,0,0,0,0,0,1672704,294768,294768,202,202,474363,82
1,0.1.0,model-level causal evidence; not a WAN measurement,decisive,17,100,best_tree1_candidate,512,145036604,148042045,1068,534,534,534,534,16,0,0,0,0,0,1616384,294768,294768,203,203,541160,84
1,0.1.0,model-level causal evidence; not a WAN measurement,decisive,18,100,best_tree1_candidate,512,146515801,149521242,1068,534,534,534,534,16,0,0,0,0,0,1702912,294768,294768,201,201,636172,84
1,0.1.0,model-level causal evidence; not a WAN measurement,decisive,19,100,best_tree1_candidate,512,145257404,148262845,1068,534,534,534,534,16,0,0,0,0,0,1646592,294768,294768,202,202,523956,90
1,0.1.0,model-level causal evidence; not a WAN measurement,decisive,20,100,best_tree1_candidate,512,145839011,148844452,1068,534,534,534,534,16,0,0,0,0,0,1568256,294768,294768,202,202,214574,87
1,0.1.0,model-level causal evidence; not a WAN measurement,decisive,21,100,best_tree1_candidate,512,146673002,149678443,1068,534,534,534,534,16,0,0,0,0,0,1579520,294768,294768,200,200,809114,83
1,0.1.0,model-level causal evidence; not a WAN measurement,decisive,22,100,best_tree1_candidate,512,146033012,149038453,1068,534,534,534,534,16,0,0,0,0,0,1655296,294768,294768,201,201,227734,88
1,0.1.0,model-level causal evidence; not a WAN measurement,decisive,23,100,best_tree1_candidate,512,146809804,149815245,1070,535,535,535,535,18,0,0,0,0,0,1644544,294768,294768,200,200,378749,93
1,0.1.0,model-level causal evidence; not a WAN measurement,decisive,24,100,best_tree1_candidate,512,146194203,149199644,1068,534,534,534,534,16,0,0,0,0,0,1659904,294768,294768,201,201,474766,85
1,0.1.0,model-level causal evidence; not a WAN measurement,decisive,25,100,best_tree1_candidate,512,145758204,148763645,1068,534,534,534,534,16,0,0,0,0,0,1715200,294768,294768,202,202,485801,82
1,0.1.0,model-level causal evidence; not a WAN measurement,decisive,26,100,best_tree1_candidate,512,146791801,149797242,1068,534,534,534,534,16,0,0,0,0,0,1650688,294768,294768,200,200,335588,97
1,0.1.0,model-level causal evidence; not a WAN measurement,decisive,27,100,best_tree1_candidate,512,146243404,149248845,1068,534,534,534,534,16,0,0,0,0,0,1631232,294768,294768,201,201,489253,93
1,0.1.0,model-level causal evidence; not a WAN measurement,decisive,28,100,best_tree1_candidate,512,145979412,148984853,1070,535,535,535,535,18,0,0,0,0,0,1757184,294768,294768,201,201,115681,85
1,0.1.0,model-level causal evidence; not a WAN measurement,decisive,29,100,best_tree1_candidate,512,145703408,148708849,1068,534,534,534,534,16,0,0,0,0,0,1600000,294768,294768,202,202,297398,88
1,0.1.0,model-level causal evidence; not a WAN measurement,decisive,30,100,best_tree1_candidate,512,146573002,149578443,1068,534,534,534,534,16,0,0,0,0,0,1609216,294768,294768,201,201,545207,92
1,0.1.0,model-level causal evidence; not a WAN measurement,decisive,31,100,best_tree1_candidate,512,146631801,149637242,1068,534,534,534,534,16,0,0,0,0,0,1593344,294768,294768,201,201,470251,93
1,0.1.0,model-level causal evidence; not a WAN measurement,decisive,32,100,best_tree1_candidate,512,147233805,150239246,1068,534,534,534,534,16,0,0,0,0,0,1722368,294768,294768,200,200,259304,99
1,0.1.0,model-level causal evidence; not a WAN measurement,decisive,33,100,best_tree1_candidate,512,147484201,150489642,1068,534,534,534,534,16,0,0,0,0,0,1859072,294768,294768,199,199,272498,93
1,0.1.0,model-level causal evidence; not a WAN measurement,decisive,34,100,best_tree1_candidate,512,147157006,150162447,1068,534,534,534,534,16,0,0,0,0,0,1822720,294768,294768,200,200,474364,95
1,0.1.0,model-level causal evidence; not a WAN measurement,decisive,35,100,best_tree1_candidate,512,145910202,148915643,1068,534,534,534,534,16,0,0,0,0,0,1517568,294768,294768,202,202,213565,86
1,0.1.0,model-level causal evidence; not a WAN measurement,decisive,36,100,best_tree1_candidate,512,146493801,149499242,1068,534,534,534,534,16,0,0,0,0,0,1552384,294768,294768,201,201,126285,93
1,0.1.0,model-level causal evidence; not a WAN measurement,decisive,37,100,best_tree1_candidate,512,146909402,149914843,1068,534,534,534,534,16,0,0,0,0,0,1741824,294768,294768,200,200,419954,84
1,0.1.0,model-level causal evidence; not a WAN measurement,decisive,38,100,best_tree1_candidate,512,146955805,149961246,1070,535,535,535,535,18,0,0,0,0,0,1615872,294768,294768,200,200,453278,90
1,0.1.0,model-level causal evidence; not a WAN measurement,decisive,39,100,best_tree1_candidate,512,146776203,149781644,1068,534,534,534,534,16,0,0,0,0,0,1609728,294768,294768,200,200,427680,92
1,0.1.0,model-level causal evidence; not a WAN measurement,decisive,40,100,best_tree1_candidate,512,146393808,149399249,1068,534,534,534,534,16,0,0,0,0,0,1572864,294768,294768,201,201,-3281,87
1,0.1.0,model-level causal evidence; not a WAN measurement,decisive,41,100,best_tree1_candidate,512,146209401,149214842,1068,534,534,534,534,16,0,0,0,0,0,1605632,294768,294768,201,201,806469,101
1,0.1.0,model-level causal evidence; not a WAN measurement,decisive,42,100,best_tree1_candidate,512,146214206,149219647,1068,534,534,534,534,16,0,0,0,0,0,1501184,294768,294768,201,201,352415,86
1,0.1.0,model-level causal evidence; not a WAN measurement,decisive,43,100,best_tree1_candidate,512,146778206,149783647,1068,534,534,534,534,16,0,0,0,0,0,1644544,294768,294768,200,200,-30855,98
1,0.1.0,model-level causal evidence; not a WAN measurement,decisive,44,100,best_tree1_candidate,512,146961810,149967251,1068,534,534,534,534,16,0,0,0,0,0,1612288,294768,294768,200,200,449219,90
1,0.1.0,model-level causal evidence; not a WAN measurement,decisive,45,100,best_tree1_candidate,512,144982601,147988042,1068,534,534,534,534,16,0,0,0,0,0,1552384,294768,294768,203,203,365624,88
1,0.1.0,model-level causal evidence; not a WAN measurement,decisive,46,100,best_tree1_candidate,512,145738605,148744046,1068,534,534,534,534,16,0,0,0,0,0,1632768,294768,294768,202,202,352998,88
1,0.1.0,model-level causal evidence; not a WAN measurement,decisive,47,100,best_tree1_candidate,512,144981429,147986870,1068,534,534,534,534,16,0,0,0,0,0,1646592,294768,294768,203,203,605536,84
1,0.1.0,model-level causal evidence; not a WAN measurement,decisive,48,100,best_tree1_candidate,512,146817001,149822442,1068,534,534,534,534,16,0,0,0,0,0,1643008,294768,294768,200,200,831773,99
1,0.1.0,model-level causal evidence; not a WAN measurement,decisive,49,100,best_tree1_candidate,512,146967001,149972442,1068,534,534,534,534,16,0,0,0,0,0,1736704,294768,294768,200,200,815232,95
1,0.1.0,model-level causal evidence; not a WAN measurement,decisive,50,100,best_tree1_candidate,512,145659003,148664444,1068,534,534,534,534,16,0,0,0,0,0,1613312,294768,294768,202,202,389896,83
1,0.1.0,model-level causal evidence; not a WAN measurement,decisive,51,100,best_tree1_candidate,512,147555401,150560842,1068,534,534,534,534,16,0,0,0,0,0,1841152,294768,294768,199,199,436682,91
1,0.1.0,model-level causal evidence; not a WAN measurement,decisive,52,100,best_tree1_candidate,512,146027813,149033254,1068,534,534,534,534,16,0,0,0,0,0,1597952,294768,294768,201,201,515864,86
1,0.1.0,model-level causal evidence; not a WAN measurement,decisive,53,100,best_tree1_candidate,512,146573002,149578443,1068,534,534,534,534,16,0,0,0,0,0,1634304,294768,294768,201,201,251261,85
1,0.1.0,model-level causal evidence; not a WAN measurement,decisive,54,100,best_tree1_candidate,512,147044202,150049643,1068,534,534,534,534,16,0,0,0,0,0,1793536,294768,294768,200,200,428823,93
1,0.1.0,model-level causal evidence; not a WAN measurement,decisive,55,100,best_tree1_candidate,512,146431005,149436446,1068,534,534,534,534,18,0,0,0,0,0,1685504,294768,294768,201,201,455619,88
1,0.1.0,model-level causal evidence; not a WAN measurement,decisive,56,100,best_tree1_candidate,512,145596201,148601642,1068,534,534,534,534,16,0,0,0,0,0,1561600,294768,294768,202,202,504701,84
1,0.1.0,model-level causal evidence; not a WAN measurement,decisive,57,100,best_tree1_candidate,512,145951418,148956859,1068,534,534,534,534,16,0,0,0,0,0,1628160,294768,294768,201,201,-49545,93
1,0.1.0,model-level causal evidence; not a WAN measurement,decisive,58,100,best_tree1_candidate,512,147045801,150051242,1068,534,534,534,534,16,0,0,0,0,0,1890304,294768,294768,200,200,759025,92
1,0.1.0,model-level causal evidence; not a WAN measurement,decisive,59,100,best_tree1_candidate,512,146626201,149631642,1068,534,534,534,534,16,0,0,0,0,0,1551872,294768,294768,201,201,417007,95
1,0.1.0,model-level causal evidence; not a WAN measurement,decisive,60,100,best_tree1_candidate,512,146496226,149501667,1068,534,534,534,534,16,0,0,0,0,0,1665024,294768,294768,201,201,775965,90
1,0.1.0,model-level causal evidence; not a WAN measurement,decisive,61,100,best_tree1_candidate,512,147328202,150333643,1068,534,534,534,534,16,0,0,0,0,0,1831936,294768,294768,200,200,567022,94
1,0.1.0,model-level causal evidence; not a WAN measurement,decisive,62,100,best_tree1_candidate,512,146581007,149586448,1068,534,534,534,534,16,0,0,0,0,0,1602560,294768,294768,201,201,203416,87
1,0.1.0,model-level causal evidence; not a WAN measurement,decisive,63,100,best_tree1_candidate,512,145375805,148381246,1068,534,534,534,534,16,0,0,0,0,0,1478656,294768,294768,202,202,480550,81
1,0.1.0,model-level causal evidence; not a WAN measurement,decisive,64,100,best_tree1_candidate,512,145360207,148365648,1068,534,534,534,534,16,0,0,0,0,0,1725440,294768,294768,202,202,814250,89
1,0.1.0,model-level causal evidence; not a WAN measurement,decisive,65,100,best_tree1_candidate,512,146902201,149907642,1068,534,534,534,534,16,0,0,0,0,0,1693696,294768,294768,200,200,521687,84
1,0.1.0,model-level causal evidence; not a WAN measurement,decisive,66,100,best_tree1_candidate,512,145303007,148308448,1068,534,534,534,534,16,0,0,0,0,0,1664000,294768,294768,202,202,441991,95
1,0.1.0,model-level causal evidence; not a WAN measurement,decisive,67,100,best_tree1_candidate,512,145184205,148189646,1068,534,534,534,534,16,0,0,0,0,0,1653760,294768,294768,203,203,754738,82
1,0.1.0,model-level causal evidence; not a WAN measurement,decisive,68,100,best_tree1_candidate,512,147575002,150580443,1070,535,535,535,535,18,0,0,0,0,0,1848832,295320,295320,200,200,395759,89
1,0.1.0,model-level causal evidence; not a WAN measurement,decisive,69,100,best_tree1_candidate,512,145997003,149002444,1068,534,534,534,534,16,0,0,0,0,0,1628672,294768,294768,201,201,286972,91
1,0.1.0,model-level causal evidence; not a WAN measurement,decisive,70,100,best_tree1_candidate,512,145873805,148879246,1068,534,534,534,534,16,0,0,0,0,0,1588224,294768,294768,202,202,485777,87
1,0.1.0,model-level causal evidence; not a WAN measurement,decisive,71,100,best_tree1_candidate,512,145955805,148961246,1068,534,534,534,534,16,0,0,0,0,0,1589760,294768,294768,201,201,636637,85
1,0.1.0,model-level causal evidence; not a WAN measurement,decisive,72,100,best_tree1_candidate,512,144809804,147815245,1068,534,534,534,534,16,0,0,0,0,0,1636864,294768,294768,203,203,313235,83
1,0.1.0,model-level causal evidence; not a WAN measurement,decisive,73,100,best_tree1_candidate,512,146091804,149097245,1068,534,534,534,534,16,0,0,0,0,0,1587712,294768,294768,201,201,-69460,84
1,0.1.0,model-level causal evidence; not a WAN measurement,decisive,74,100,best_tree1_candidate,512,147902201,150907642,1068,534,534,534,534,16,0,0,0,0,0,1858560,294768,294768,199,199,270896,89
1,0.1.0,model-level causal evidence; not a WAN measurement,decisive,75,100,best_tree1_candidate,512,146081402,149086843,1068,534,534,534,534,16,0,0,0,0,0,1647104,294768,294768,201,201,352951,91
1,0.1.0,model-level causal evidence; not a WAN measurement,decisive,76,100,best_tree1_candidate,512,146710602,149716043,1068,534,534,534,534,16,0,0,0,0,0,1677312,294768,294768,200,200,-92889,87
1,0.1.0,model-level causal evidence; not a WAN measurement,decisive,77,100,best_tree1_candidate,512,146213402,149218843,1068,534,534,534,534,20,0,0,0,0,0,1608192,294768,294768,201,201,289253,85
1,0.1.0,model-level causal evidence; not a WAN measurement,decisive,78,100,best_tree1_candidate,512,146764201,149769642,1068,534,534,534,534,16,0,0,0,0,0,1803264,294768,294768,200,200,113057,92
1,0.1.0,model-level causal evidence; not a WAN measurement,decisive,79,100,best_tree1_candidate,512,145671403,148676844,1068,534,534,534,534,16,0,0,0,0,0,1584128,294768,294768,202,202,600717,90
1,0.1.0,model-level causal evidence; not a WAN measurement,decisive,80,100,best_tree1_candidate,512,145285004,148290445,1068,534,534,534,534,16,0,0,0,0,0,1602048,294768,294768,202,202,186941,79
1,0.1.0,model-level causal evidence; not a WAN measurement,decisive,81,100,best_tree1_candidate,512,146709001,149714442,1068,534,534,534,534,16,0,0,0,0,0,1798144,294768,294768,200,200,328621,93
1,0.1.0,model-level causal evidence; not a WAN measurement,decisive,82,100,best_tree1_candidate,512,146026603,149032044,1068,534,534,534,534,16,0,0,0,0,0,1520640,294768,294768,201,201,845084,83
1,0.1.0,model-level causal evidence; not a WAN measurement,decisive,83,100,best_tree1_candidate,512,146225803,149231244,1068,534,534,534,534,16,0,0,0,0,0,1595392,294768,294768,201,201,529254,94
1,0.1.0,model-level causal evidence; not a WAN measurement,decisive,84,100,best_tree1_candidate,512,145719003,148724444,1068,534,534,534,534,16,0,0,0,0,0,1494016,294768,294768,202,202,392691,82
1,0.1.0,model-level causal evidence; not a WAN measurement,decisive,85,100,best_tree1_candidate,512,146042209,149047650,1068,534,534,534,534,16,0,0,0,0,0,1569792,294768,294768,201,201,311064,90
1,0.1.0,model-level causal evidence; not a WAN measurement,decisive,86,100,best_tree1_candidate,512,145887011,148892452,1068,534,534,534,534,16,0,0,0,0,0,1606144,294768,294768,202,202,439344,84
1,0.1.0,model-level causal evidence; not a WAN measurement,decisive,87,100,best_tree1_candidate,512,147199804,150205245,1068,534,534,534,534,16,0,0,0,0,0,1854976,294768,294768,200,200,617133,89
1,0.1.0,model-level causal evidence; not a WAN measurement,decisive,88,100,best_tree1_candidate,512,145880602,148886043,1068,534,534,534,534,16,0,0,0,0,0,1577472,294768,294768,202,202,473883,81
1,0.1.0,model-level causal evidence; not a WAN measurement,decisive,89,100,best_tree1_candidate,512,145466201,148471642,1068,534,534,534,534,20,0,0,0,0,0,1653248,294768,294768,202,202,181085,81
1,0.1.0,model-level causal evidence; not a WAN measurement,decisive,90,100,best_tree1_candidate,512,146157006,149162447,1068,534,534,534,534,16,0,0,0,0,0,1673216,294768,294768,201,201,-126874,85
1,0.1.0,model-level causal evidence; not a WAN measurement,decisive,91,100,best_tree1_candidate,512,147429811,150435252,1068,534,534,534,534,16,0,0,0,0,0,1909760,294768,294768,199,199,250217,91
1,0.1.0,model-level causal evidence; not a WAN measurement,decisive,92,100,best_tree1_candidate,512,145887402,148892843,1068,534,534,534,534,16,0,0,0,0,0,1673728,294768,294768,202,202,127961,89
1,0.1.0,model-level causal evidence; not a WAN measurement,decisive,93,100,best_tree1_candidate,512,147129004,150134445,1068,534,534,534,534,16,0,0,0,0,0,1760768,294768,294768,200,200,667833,86
1,0.1.0,model-level causal evidence; not a WAN measurement,decisive,94,100,best_tree1_candidate,512,145983009,148988450,1068,534,534,534,534,16,0,0,0,0,0,1634816,294768,294768,201,201,416796,98
1,0.1.0,model-level causal evidence; not a WAN measurement,decisive,95,100,best_tree1_candidate,512,145699002,148704443,1068,534,534,534,534,16,0,0,0,0,0,1666048,294768,294768,202,202,790549,88
1,0.1.0,model-level causal evidence; not a WAN measurement,decisive,96,100,best_tree1_candidate,512,147573002,150578443,1068,534,534,534,534,16,0,0,0,0,0,1783296,294768,294768,199,199,651182,97
1,0.1.0,model-level causal evidence; not a WAN measurement,decisive,97,100,best_tree1_candidate,512,147383406,150388847,1068,534,534,534,534,16,0,0,0,0,0,1887744,294768,294768,200,200,666000,93
1,0.1.0,model-level causal evidence; not a WAN measurement,decisive,98,100,best_tree1_candidate,512,146011005,149016446,1068,534,534,534,534,16,0,0,0,0,0,1576448,294768,294768,201,201,190991,92
1,0.1.0,model-level causal evidence; not a WAN measurement,decisive,99,100,best_tree1_candidate,512,147955805,150961246,1068,534,534,534,534,16,0,0,0,0,0,1820672,294768,294768,199,199,-14758,96
1,0.1.0,model-level causal evidence; not a WAN measurement,decisive,100,100,best_tree1_candidate,512,146282603,149288044,1068,534,534,534,534,16,0,0,0,0,0,1578496,294768,294768,201,201,161373,83
1,0.1.0,model-level causal evidence; not a WAN measurement,decisive,101,100,best_tree1_candidate,512,146937801,149943242,1068,534,534,534,534,16,0,0,0,0,0,1688576,294768,294768,200,200,417141,93
1,0.1.0,model-level causal evidence; not a WAN measurement,decisive,102,100,best_tree1_candidate,512,146041806,149047247,1068,534,534,534,534,16,0,0,0,0,0,1655808,294768,294768,201,201,294580,89
1,0.1.0,model-level causal evidence; not a WAN measurement,decisive,103,100,best_tree1_candidate,512,145525403,148530844,1068,534,534,534,534,16,0,0,0,0,0,1605632,294768,294768,202,202,157879,87
1,0.1.0,model-level causal evidence; not a WAN measurement,decisive,104,100,best_tree1_candidate,512,146985001,149990442,1068,534,534,534,534,16,0,0,0,0,0,1636352,294768,294768,200,200,31126,86
1,0.1.0,model-level causal evidence; not a WAN measurement,decisive,105,100,best_tree1_candidate,512,147197805,150203246,1068,534,534,534,534,16,0,0,0,0,0,1844736,294768,294768,200,200,507198,93
1,0.1.0,model-level causal evidence; not a WAN measurement,decisive,106,100,best_tree1_candidate,512,146449001,149454442,1068,534,534,534,534,16,0,0,0,0,0,1757184,294768,294768,201,201,360937,95
1,0.1.0,model-level causal evidence; not a WAN measurement,decisive,107,100,best_tree1_candidate,512,145799802,148805243,1068,534,534,534,534,16,0,0,0,0,0,1625600,294768,294768,202,202,550423,87
1,0.1.0,model-level causal evidence; not a WAN measurement,decisive,108,100,best_tree1_candidate,512,146192201,149197642,1068,534,534,534,534,16,0,0,0,0,0,1675776,294768,294768,201,201,234696,89
1,0.1.0,model-level causal evidence; not a WAN measurement,decisive,109,100,best_tree1_candidate,512,146269804,149275245,1068,534,534,534,534,16,0,0,0,0,0,1683968,294768,294768,201,201,301511,85
1,0.1.0,model-level causal evidence; not a WAN measurement,decisive,110,100,best_tree1_candidate,512,146271414,149276855,1068,534,534,534,534,16,0,0,0,0,0,1564672,294768,294768,201,201,359942,92
1,0.1.0,model-level causal evidence; not a WAN measurement,decisive,111,100,best_tree1_candidate,512,145750204,148755645,1070,535,535,535,535,18,0,0,0,0,0,1596416,295320,295320,202,202,523734,82
1,0.1.0,model-level causal evidence; not a WAN measurement,decisive,112,100,best_tree1_candidate,512,146285004,149290445,1068,534,534,534,534,16,0,0,0,0,0,1667072,294768,294768,201,201,688794,90
1,0.1.0,model-level causal evidence; not a WAN measurement,decisive,113,100,best_tree1_candidate,512,146174604,149180045,1068,534,534,534,534,16,0,0,0,0,0,1584640,294768,294768,201,201,625391,88
1,0.1.0,model-level causal evidence; not a WAN measurement,decisive,114,100,best_tree1_candidate,512,146235008,149240449,1068,534,534,534,534,16,0,0,0,0,0,1602560,294768,294768,201,201,608662,93
1,0.1.0,model-level causal evidence; not a WAN measurement,decisive,115,100,best_tree1_candidate,512,145449008,148454449,1068,534,534,534,534,16,0,0,0,0,0,1544704,294768,294768,202,202,91697,92
1,0.1.0,model-level causal evidence; not a WAN measurement,decisive,116,100,best_tree1_candidate,512,146282205,149287646,1068,534,534,534,534,16,0,0,0,0,0,1580032,294768,294768,201,201,273537,97
1,0.1.0,model-level causal evidence; not a WAN measurement,decisive,117,100,best_tree1_candidate,512,145876201,148881642,1068,534,534,534,534,16,0,0,0,0,0,1523200,294768,294768,202,202,160812,81
1,0.1.0,model-level causal evidence; not a WAN measurement,decisive,118,100,best_tree1_candidate,512,146813403,149818844,1068,534,534,534,534,16,0,0,0,0,0,1680896,294768,294768,200,200,524397,82
1,0.1.0,model-level causal evidence; not a WAN measurement,decisive,119,100,best_tree1_candidate,512,146419407,149424848,1068,534,534,534,534,16,0,0,0,0,0,1591808,294768,294768,201,201,172702,88
1,0.1.0,model-level causal evidence; not a WAN measurement,decisive,120,100,best_tree1_candidate,512,145484201,148489642,1068,534,534,534,534,16,0,0,0,0,0,1623040,294768,294768,202,202,482106,92
1,0.1.0,model-level causal evidence; not a WAN measurement,decisive,121,100,best_tree1_candidate,512,146073401,149078842,1068,534,534,534,534,16,0,0,0,0,0,1649152,294768,294768,201,201,222672,91
1,0.1.0,model-level causal evidence; not a WAN measurement,decisive,122,100,best_tree1_candidate,512,146300602,149306043,1068,534,534,534,534,16,0,0,0,0,0,1656832,294768,294768,201,201,457086,90
1,0.1.0,model-level causal evidence; not a WAN measurement,decisive,123,100,best_tree1_candidate,512,147449008,150454449,1068,534,534,534,534,16,0,0,0,0,0,1822208,294768,294768,199,199,327224,96
1,0.1.0,model-level causal evidence; not a WAN measurement,decisive,124,100,best_tree1_candidate,512,146205801,149211242,1068,534,534,534,534,16,0,0,0,0,0,1594368,294768,294768,201,201,602316,85
1,0.1.0,model-level causal evidence; not a WAN measurement,decisive,125,100,best_tree1_candidate,512,147466606,150472047,1068,534,534,534,534,16,0,0,0,0,0,1902080,294768,294768,199,199,54987,94
1,0.1.0,model-level causal evidence; not a WAN measurement,decisive,126,100,best_tree1_candidate,512,146404602,149410043,1068,534,534,534,534,16,0,0,0,0,0,1657856,294768,294768,201,201,153444,88
1,0.1.0,model-level causal evidence; not a WAN measurement,decisive,127,100,best_tree1_candidate,512,146719003,149724444,1068,534,534,534,534,16,0,0,0,0,0,1686528,294768,294768,200,200,308723,91
1,0.1.0,model-level causal evidence; not a WAN measurement,reduced_rounds_slice,0,0,pooled_rounds,512,80438203,89189604,516,516,0,260,256,4,3,12,4,0,0,935424,143520,141312,178,175,643497,77
1,0.1.0,model-level causal evidence; not a WAN measurement,reduced_rounds_slice,1,0,pooled_rounds,512,80807801,89477604,516,516,0,260,256,4,3,12,4,0,0,917504,143520,141312,177,174,845581,76
1,0.1.0,model-level causal evidence; not a WAN measurement,reduced_rounds_slice,2,0,pooled_rounds,512,81586201,90132803,520,520,0,258,262,8,3,24,8,0,0,1088000,142416,144624,174,177,510039,85
1,0.1.0,model-level causal evidence; not a WAN measurement,reduced_rounds_slice,3,0,pooled_rounds,512,81145401,89704805,516,516,0,260,256,4,3,12,4,0,0,960512,143520,141312,176,174,111541,84
1,0.1.0,model-level causal evidence; not a WAN measurement,reduced_rounds_slice,4,0,pooled_rounds,512,79602223,88353624,515,515,0,256,259,3,3,9,3,0,0,920064,141312,142968,177,179,162300,84
1,0.1.0,model-level causal evidence; not a WAN measurement,reduced_rounds_slice,5,0,pooled_rounds,512,79947803,88702364,518,518,0,255,263,6,3,17,6,0,0,963584,140760,145176,176,181,-491101,83
1,0.1.0,model-level causal evidence; not a WAN measurement,reduced_rounds_slice,6,0,pooled_rounds,512,81492607,90244008,517,517,0,260,257,5,3,15,5,0,0,1093632,143520,141864,176,174,544708,86
1,0.1.0,model-level causal evidence; not a WAN measurement,reduced_rounds_slice,7,0,pooled_rounds,512,81955001,90080812,516,516,0,256,260,4,3,12,4,0,0,1051136,141312,143520,172,175,223922,86
1,0.1.0,model-level causal evidence; not a WAN measurement,reduced_rounds_slice,8,0,pooled_rounds,512,81513401,89795204,516,516,0,256,260,4,3,12,4,0,0,916480,141312,143520,173,176,840963,90
1,0.1.0,model-level causal evidence; not a WAN measurement,reduced_rounds_slice,9,0,pooled_rounds,512,81831003,90140804,516,516,0,260,256,4,3,12,4,0,0,1073152,143520,141312,175,172,798914,86
1,0.1.0,model-level causal evidence; not a WAN measurement,reduced_rounds_slice,10,0,pooled_rounds,512,80439003,89190404,518,518,0,264,254,6,3,17,6,0,0,892416,145728,140208,181,174,463898,84
1,0.1.0,model-level causal evidence; not a WAN measurement,reduced_rounds_slice,11,0,pooled_rounds,512,79716612,88468013,516,516,0,256,260,4,3,12,4,0,0,899584,141312,143520,177,180,630915,85
1,0.1.0,model-level causal evidence; not a WAN measurement,reduced_rounds_slice,12,0,pooled_rounds,512,79523001,87977624,516,516,0,260,256,4,3,12,4,0,0,844288,143520,141312,180,177,256173,80
1,0.1.0,model-level causal evidence; not a WAN measurement,reduced_rounds_slice,13,0,pooled_rounds,512,81198202,89949603,515,515,0,258,257,3,3,9,3,0,0,939520,142416,141864,175,174,428739,79
1,0.1.0,model-level causal evidence; not a WAN measurement,reduced_rounds_slice,14,0,pooled_rounds,512,80379801,88827206,516,516,0,260,256,4,3,12,4,0,0,908288,143520,141312,178,175,849480,93
1,0.1.0,model-level causal evidence; not a WAN measurement,reduced_rounds_slice,15,0,pooled_rounds,512,80490203,89241604,515,515,0,256,259,3,3,9,3,0,0,887296,141312,142968,175,177,678779,83
1,0.1.0,model-level causal evidence; not a WAN measurement,reduced_rounds_slice,16,0,pooled_rounds,512,81793403,90544804,523,523,0,257,266,11,3,32,11,0,0,1061376,141864,146832,173,179,358568,87
1,0.1.0,model-level causal evidence; not a WAN measurement,reduced_rounds_slice,17,0,pooled_rounds,512,79913413,88664814,515,515,0,259,256,3,3,9,3,0,0,903680,142968,141312,178,176,432811,80
1,0.1.0,model-level causal evidence; not a WAN measurement,reduced_rounds_slice,18,0,pooled_rounds,512,81908605,90660006,514,514,0,255,259,2,3,6,2,0,0,1143808,140760,142968,171,174,323245,89
1,0.1.0,model-level causal evidence; not a WAN measurement,reduced_rounds_slice,19,0,pooled_rounds,512,80963001,89272803,516,516,0,256,260,4,3,12,4,0,0,971776,141312,143520,174,177,477319,80
1,0.1.0,model-level causal evidence; not a WAN measurement,reduced_rounds_slice,20,0,pooled_rounds,512,79766202,88517603,516,516,0,256,260,4,3,12,4,0,0,1067520,141312,143520,177,179,-44808,80
1,0.1.0,model-level causal evidence; not a WAN measurement,reduced_rounds_slice,21,0,pooled_rounds,512,80508605,89260006,518,518,0,264,254,6,3,17,6,0,0,941568,145728,140208,181,174,942360,86
1,0.1.0,model-level causal evidence; not a WAN measurement,reduced_rounds_slice,22,0,pooled_rounds,512,79961401,88661603,519,519,0,261,258,7,3,20,7,0,0,968704,144072,142416,180,178,14023,83
1,0.1.0,model-level causal evidence; not a WAN measurement,reduced_rounds_slice,23,0,pooled_rounds,512,80147810,88899211,521,521,0,259,262,9,3,26,9,0,0,948224,142968,144624,178,180,779422,82
1,0.1.0,model-level causal evidence; not a WAN measurement,reduced_rounds_slice,24,0,pooled_rounds,512,79782204,88533605,516,516,0,256,260,4,3,12,4,0,0,833536,141312,143520,177,179,290556,88
1,0.1.0,model-level causal evidence; not a WAN measurement,reduced_rounds_slice,25,0,pooled_rounds,512,80947804,89699205,516,516,0,260,256,4,3,12,4,0,0,920576,143520,141312,177,174,777337,82
1,0.1.0,model-level causal evidence; not a WAN measurement,reduced_rounds_slice,26,0,pooled_rounds,512,79790215,88541616,516,516,0,256,260,4,3,12,4,0,0,865792,141312,143520,177,179,-120490,81
1,0.1.0,model-level causal evidence; not a WAN measurement,reduced_rounds_slice,27,0,pooled_rounds,512,80915801,89582404,516,516,0,257,259,4,3,12,4,0,0,935424,141864,142968,175,176,585193,91
1,0.1.0,model-level causal evidence; not a WAN measurement,reduced_rounds_slice,28,0,pooled_rounds,512,81971001,90344003,516,516,0,256,260,4,3,12,4,0,0,1041920,141312,143520,172,175,178215,90
1,0.1.0,model-level causal evidence; not a WAN measurement,reduced_rounds_slice,29,0,pooled_rounds,512,79963001,88582404,516,516,0,256,260,4,3,12,4,0,0,948224,141312,143520,176,179,214150,87
1,0.1.0,model-level causal evidence; not a WAN measurement,reduced_rounds_slice,30,0,pooled_rounds,512,80514212,88824013,519,519,0,261,258,7,3,21,7,0,0,875520,144072,142416,178,176,483124,97
1,0.1.0,model-level causal evidence; not a WAN measurement,reduced_rounds_slice,31,0,pooled_rounds,512,80648604,89400005,516,516,0,256,260,4,3,12,4,0,0,1006080,141312,143520,175,177,713983,95
1,0.1.0,model-level causal evidence; not a WAN measurement,reduced_rounds_slice,0,100,pooled_rounds,512,75383807,84245608,516,516,0,260,256,4,3,12,4,0,0,951808,143520,141312,190,187,833169,95
1,0.1.0,model-level causal evidence; not a WAN measurement,reduced_rounds_slice,1,100,pooled_rounds,512,75902201,84686803,516,516,0,260,256,4,3,12,4,0,0,1039360,143520,141312,189,186,67592,89
1,0.1.0,model-level causal evidence; not a WAN measurement,reduced_rounds_slice,2,100,pooled_rounds,512,74914612,83776413,516,516,0,260,256,4,3,12,4,0,0,1042944,143520,141312,191,188,994113,87
1,0.1.0,model-level causal evidence; not a WAN measurement,reduced_rounds_slice,3,100,pooled_rounds,512,75674609,84536410,514,514,0,259,255,2,3,6,2,0,0,1096192,142968,140760,188,186,445742,84
1,0.1.0,model-level causal evidence; not a WAN measurement,reduced_rounds_slice,4,100,pooled_rounds,512,76584603,85446404,516,516,0,260,256,4,3,12,4,0,0,1109504,143520,141312,187,184,298291,94
1,0.1.0,model-level causal evidence; not a WAN measurement,reduced_rounds_slice,5,100,pooled_rounds,512,75379401,84233605,516,516,0,260,256,4,3,12,4,0,0,1001472,143520,141312,190,187,629754,86
1,0.1.0,model-level causal evidence; not a WAN measurement,reduced_rounds_slice,6,100,pooled_rounds,512,76297804,84992406,516,516,0,260,256,4,3,12,4,0,0,1103872,143520,141312,188,185,816645,87
1,0.1.0,model-level causal evidence; not a WAN measurement,reduced_rounds_slice,7,100,pooled_rounds,512,75281407,84143208,516,516,0,260,256,4,3,12,4,0,0,929280,143520,141312,190,187,717831,88
1,0.1.0,model-level causal evidence; not a WAN measurement,reduced_rounds_slice,8,100,pooled_rounds,512,76154601,84914003,516,516,0,260,256,4,3,12,4,0,0,947200,143520,141312,188,185,70267,88
1,0.1.0,model-level causal evidence; not a WAN measurement,reduced_rounds_slice,9,100,pooled_rounds,512,75661802,84523603,515,515,0,259,256,3,3,9,3,0,0,935936,142968,141312,188,186,160968,86
1,0.1.0,model-level causal evidence; not a WAN measurement,reduced_rounds_slice,10,100,pooled_rounds,512,76037409,84899210,516,516,0,260,256,4,3,12,4,0,0,1065984,143520,141312,188,185,104500,87
1,0.1.0,model-level causal evidence; not a WAN measurement,reduced_rounds_slice,11,100,pooled_rounds,512,74394621,83256422,516,516,0,260,256,4,3,12,4,0,0,850944,143520,141312,192,189,218285,83
1,0.1.0,model-level causal evidence; not a WAN measurement,reduced_rounds_slice,12,100,pooled_rounds,512,75020602,83882403,516,516,0,260,256,4,3,12,4,0,0,904192,143520,141312,191,188,710714,80
1,0.1.0,model-level causal evidence; not a WAN measurement,reduced_rounds_slice,13,100,pooled_rounds,512,75773802,84635603,516,516,0,260,256,4,3,12,4,0,0,1046528,143520,141312,189,186,506368,91
1,0.1.0,model-level causal evidence; not a WAN measurement,reduced_rounds_slice,14,100,pooled_rounds,512,75971404,84833205,516,516,0,260,256,4,3,12,4,0,0,939008,143520,141312,188,186,734102,92
1,0.1.0,model-level causal evidence; not a WAN measurement,reduced_rounds_slice,15,100,pooled_rounds,512,75857002,84718803,516,516,0,260,256,4,3,12,4,0,0,953344,143520,141312,189,186,624900,90
1,0.1.0,model-level causal evidence; not a WAN measurement,reduced_rounds_slice,16,100,pooled_rounds,512,75550206,84239206,516,516,0,260,256,4,3,12,4,0,0,1014784,143520,141312,189,187,-16918,83
1,0.1.0,model-level causal evidence; not a WAN measurement,reduced_rounds_slice,17,100,pooled_rounds,512,75068205,83930006,516,516,0,260,256,4,3,12,4,0,0,969216,143520,141312,191,188,720253,90
1,0.1.0,model-level causal evidence; not a WAN measurement,reduced_rounds_slice,18,100,pooled_rounds,512,76274602,85136403,516,516,0,260,256,4,3,12,4,0,0,996352,143520,141312,188,185,387106,94
1,0.1.0,model-level causal evidence; not a WAN measurement,reduced_rounds_slice,19,100,pooled_rounds,512,75519809,84381610,516,516,0,260,256,4,3,12,4,0,0,1012224,143520,141312,190,187,753774,85
1,0.1.0,model-level causal evidence; not a WAN measurement,reduced_rounds_slice,20,100,pooled_rounds,512,76020602,84882403,516,516,0,260,256,4,3,12,4,0,0,937472,143520,141312,188,185,813581,95
1,0.1.0,model-level causal evidence; not a WAN measurement,reduced_rounds_slice,21,100,pooled_rounds,512,75638203,84500004,513,513,0,258,255,1,3,3,1,0,0,1032704,142416,140760,188,186,793074,82
1,0.1.0,model-level causal evidence; not a WAN measurement,reduced_rounds_slice,22,100,pooled_rounds,512,75244601,84072006,516,516,0,260,256,4,3,12,4,0,0,982528,143520,141312,190,187,401134,82
1,0.1.0,model-level causal evidence; not a WAN measurement,reduced_rounds_slice,23,100,pooled_rounds,512,74890603,83752404,516,516,0,260,256,4,3,12,4,0,0,985088,143520,141312,191,188,-141076,88
1,0.1.0,model-level causal evidence; not a WAN measurement,reduced_rounds_slice,24,100,pooled_rounds,512,75661802,84523603,515,515,0,259,256,3,3,9,3,0,0,1004032,142968,141312,188,186,581351,89
1,0.1.0,model-level causal evidence; not a WAN measurement,reduced_rounds_slice,25,100,pooled_rounds,512,76369804,85231605,516,516,0,260,256,4,3,12,4,0,0,962560,143520,141312,187,185,437787,89
1,0.1.0,model-level causal evidence; not a WAN measurement,reduced_rounds_slice,26,100,pooled_rounds,512,75612607,84474408,516,516,0,260,256,4,3,12,4,0,0,1056768,143520,141312,189,186,107546,84
1,0.1.0,model-level causal evidence; not a WAN measurement,reduced_rounds_slice,27,100,pooled_rounds,512,76251406,85113207,516,516,0,260,256,4,3,12,4,0,0,1046016,143520,141312,188,185,419835,91
1,0.1.0,model-level causal evidence; not a WAN measurement,reduced_rounds_slice,28,100,pooled_rounds,512,76001003,84862804,516,516,0,260,256,4,3,12,4,0,0,1008128,143520,141312,188,185,372804,88
1,0.1.0,model-level causal evidence; not a WAN measurement,reduced_rounds_slice,29,100,pooled_rounds,512,75113003,83974804,516,516,0,260,256,4,3,12,4,0,0,976896,143520,141312,191,188,562584,80
1,0.1.0,model-level causal evidence; not a WAN measurement,reduced_rounds_slice,30,100,pooled_rounds,512,75123409,83985210,516,516,0,260,256,4,3,12,4,0,0,985600,143520,141312,191,188,622689,94
1,0.1.0,model-level causal evidence; not a WAN measurement,reduced_rounds_slice,31,100,pooled_rounds,512,75347801,84130803,516,516,0,260,256,4,3,12,4,0,0,992768,143520,141312,190,187,331585,81
