research_scope,source_dof,seeds,trees,rate_profile,loss,loss_num,loss_den,receivers,feedback_rtt_ticks,striping_minus_pooling_ticks_sum,mean_striping_minus_pooling_ticks,p95_striping_minus_pooling_ticks,per_stripe_ownership_waste_sum,mean_per_stripe_ownership_waste,p95_per_stripe_ownership_waste,pearson_gap_vs_ownership_waste,per_stripe_minus_carousel_emissions_sum,mean_per_stripe_minus_carousel_emissions,pearson_gap_vs_emission_gap,rounds_minus_carousel_ticks_sum,mean_rounds_minus_carousel_ticks,p95_rounds_minus_carousel_ticks,rounds_minus_carousel_emissions_sum,mean_rounds_minus_carousel_emissions,carousel_tail_deliveries_sum,mean_carousel_tail_deliveries,carousel_tail_emissions_sum,mean_carousel_tail_emissions,mean_carousel_tail_emission_fraction
MODEL-LEVEL EVIDENCE - ideal DoF - NOT WAN measurement,8192,512,2,static-1to1,none,0,1,1,8,0,0.000000,0,0,0.000000,0,,-7168,-14.000000,,0,0.000000,0,-7168,-14.000000,7168,14.000000,7168,14.000000,0.001706069
MODEL-LEVEL EVIDENCE - ideal DoF - NOT WAN measurement,8192,512,2,static-1to1,none,0,1,1,64,0,0.000000,0,0,0.000000,0,,-64512,-126.000000,,0,0.000000,0,-64512,-126.000000,64512,126.000000,64512,126.000000,0.015147872
MODEL-LEVEL EVIDENCE - ideal DoF - NOT WAN measurement,8192,512,2,static-1to1,none,0,1,1,512,0,0.000000,0,0,0.000000,0,,-523264,-1022.000000,,0,0.000000,0,-523264,-1022.000000,523264,1022.000000,523264,1022.000000,0.110918168
MODEL-LEVEL EVIDENCE - ideal DoF - NOT WAN measurement,8192,512,2,static-1to1,none,0,1,3,8,0,0.000000,0,0,0.000000,0,,-7168,-14.000000,,0,0.000000,0,-7168,-14.000000,21504,42.000000,7168,14.000000,0.001706069
MODEL-LEVEL EVIDENCE - ideal DoF - NOT WAN measurement,8192,512,2,static-1to1,none,0,1,3,64,0,0.000000,0,0,0.000000,0,,-64512,-126.000000,,0,0.000000,0,-64512,-126.000000,193536,378.000000,64512,126.000000,0.015147872
MODEL-LEVEL EVIDENCE - ideal DoF - NOT WAN measurement,8192,512,2,static-1to1,none,0,1,3,512,0,0.000000,0,0,0.000000,0,,-523264,-1022.000000,,0,0.000000,0,-523264,-1022.000000,1569792,3066.000000,523264,1022.000000,0.110918168
MODEL-LEVEL EVIDENCE - ideal DoF - NOT WAN measurement,8192,512,2,static-1to1,none,0,1,8,8,0,0.000000,0,0,0.000000,0,,-7168,-14.000000,,0,0.000000,0,-7168,-14.000000,57344,112.000000,7168,14.000000,0.001706069
MODEL-LEVEL EVIDENCE - ideal DoF - NOT WAN measurement,8192,512,2,static-1to1,none,0,1,8,64,0,0.000000,0,0,0.000000,0,,-64512,-126.000000,,0,0.000000,0,-64512,-126.000000,516096,1008.000000,64512,126.000000,0.015147872
MODEL-LEVEL EVIDENCE - ideal DoF - NOT WAN measurement,8192,512,2,static-1to1,none,0,1,8,512,0,0.000000,0,0,0.000000,0,,-523264,-1022.000000,,0,0.000000,0,-523264,-1022.000000,4186112,8176.000000,523264,1022.000000,0.110918168
MODEL-LEVEL EVIDENCE - ideal DoF - NOT WAN measurement,8192,512,2,static-1to1,bec-0.5pct,5,1000,1,8,1261,2.462891,6,2518,4.917969,12,0.982130255,-4885,-9.541016,0.991604532,4274,8.347656,15,-7414,-14.480469,7378,14.410156,7417,14.486328,0.001756438
MODEL-LEVEL EVIDENCE - ideal DoF - NOT WAN measurement,8192,512,2,static-1to1,bec-0.5pct,5,1000,1,64,1261,2.462891,6,2518,4.917969,12,0.982130255,-62229,-121.541016,0.991604532,39120,76.406250,127,-64738,-126.441406,64432,125.843750,64761,126.486328,0.015130735
MODEL-LEVEL EVIDENCE - ideal DoF - NOT WAN measurement,8192,512,2,static-1to1,bec-0.5pct,5,1000,1,512,1261,2.462891,6,2518,4.917969,12,0.982130255,-520981,-1017.541016,0.991604532,316368,617.906250,1023,-523493,-1022.447266,520971,1017.521484,523513,1022.486328,0.110472630
MODEL-LEVEL EVIDENCE - ideal DoF - NOT WAN measurement,8192,512,2,static-1to1,bec-0.5pct,5,1000,3,8,1472,2.875000,6,17520,34.218750,58,0.741195686,-4456,-8.703125,0.992523647,4371,8.537109,15,-7423,-14.498047,30827,60.208984,7421,14.494141,0.001756182
MODEL-LEVEL EVIDENCE - ideal DoF - NOT WAN measurement,8192,512,2,static-1to1,bec-0.5pct,5,1000,3,64,1472,2.875000,6,17520,34.218750,58,0.741195686,-61800,-120.703125,0.992523647,39867,77.865234,127,-64751,-126.466797,201994,394.519531,64765,126.494141,0.015121453
MODEL-LEVEL EVIDENCE - ideal DoF - NOT WAN measurement,8192,512,2,static-1to1,bec-0.5pct,5,1000,3,512,1472,2.875000,6,17520,34.218750,58,0.741195686,-520552,-1016.703125,0.992523647,320956,626.867188,1023,-523512,-1022.484375,1571383,3069.107422,523517,1022.494141,0.110406096
MODEL-LEVEL EVIDENCE - ideal DoF - NOT WAN measurement,8192,512,2,static-1to1,bec-0.5pct,5,1000,8,8,1785,3.486328,7,67744,132.312500,205,0.698418380,-3840,-7.500000,0.993243193,4561,8.908203,15,-7428,-14.507812,98314,192.019531,7430,14.511719,0.001757450
MODEL-LEVEL EVIDENCE - ideal DoF - NOT WAN measurement,8192,512,2,static-1to1,bec-0.5pct,5,1000,8,64,1785,3.486328,7,67744,132.312500,205,0.698418380,-61184,-119.500000,0.993243193,40044,78.210938,127,-64777,-126.517578,554811,1083.615234,64774,126.511719,0.015116241
MODEL-LEVEL EVIDENCE - ideal DoF - NOT WAN measurement,8192,512,2,static-1to1,bec-0.5pct,5,1000,8,512,1785,3.486328,7,67744,132.312500,205,0.698418380,-519936,-1015.500000,0.993243193,320938,626.832031,1023,-523544,-1022.546875,4206552,8215.921875,523526,1022.511719,0.110359770
MODEL-LEVEL EVIDENCE - ideal DoF - NOT WAN measurement,8192,512,2,static-1to1,bec-2.0pct,2,100,1,8,2634,5.144531,14,5161,10.080078,26,0.994203093,-2142,-4.183594,0.998222666,7421,14.494141,22,-7427,-14.505859,7271,14.201172,7423,14.498047,0.001731588
MODEL-LEVEL EVIDENCE - ideal DoF - NOT WAN measurement,8192,512,2,static-1to1,bec-2.0pct,2,100,1,64,2634,5.144531,14,5161,10.080078,26,0.994203093,-59486,-116.183594,0.998222666,65269,127.478516,190,-64798,-126.558594,63495,124.013672,64767,126.498047,0.014908981
MODEL-LEVEL EVIDENCE - ideal DoF - NOT WAN measurement,8192,512,2,static-1to1,bec-2.0pct,2,100,1,512,2634,5.144531,14,5161,10.080078,26,0.994203093,-518238,-1012.183594,0.998222666,531058,1037.222656,1533,-523533,-1022.525391,513034,1002.019531,523519,1022.498047,0.109000331
MODEL-LEVEL EVIDENCE - ideal DoF - NOT WAN measurement,8192,512,2,static-1to1,bec-2.0pct,2,100,3,8,3237,6.322266,14,35197,68.744141,122,0.758790530,-953,-1.861328,0.998264514,7474,14.597656,22,-7455,-14.560547,38015,74.248047,7411,14.474609,0.001726463
MODEL-LEVEL EVIDENCE - ideal DoF - NOT WAN measurement,8192,512,2,static-1to1,bec-2.0pct,2,100,3,64,3237,6.322266,14,35197,68.744141,122,0.758790530,-58297,-113.861328,0.998264514,65860,128.632812,190,-64882,-126.722656,206706,403.722656,64755,126.474609,0.014886426
MODEL-LEVEL EVIDENCE - ideal DoF - NOT WAN measurement,8192,512,2,static-1to1,bec-2.0pct,2,100,3,512,3237,6.322266,14,35197,68.744141,122,0.758790530,-517049,-1009.861328,0.998264514,536142,1047.152344,1533,-523604,-1022.664062,1555568,3038.218750,523507,1022.474609,0.108866909
MODEL-LEVEL EVIDENCE - ideal DoF - NOT WAN measurement,8192,512,2,static-1to1,bec-2.0pct,2,100,8,8,3726,7.277344,15,133464,260.671875,397,0.719390535,16,0.031250,0.998212765,7563,14.771484,22,-7437,-14.525391,133339,260.427734,7424,14.500000,0.001727778
MODEL-LEVEL EVIDENCE - ideal DoF - NOT WAN measurement,8192,512,2,static-1to1,bec-2.0pct,2,100,8,64,3726,7.277344,15,133464,260.671875,397,0.719390535,-57328,-111.968750,0.998212765,65865,128.642578,189,-64852,-126.664062,583127,1138.919922,64768,126.500000,0.014874861
MODEL-LEVEL EVIDENCE - ideal DoF - NOT WAN measurement,8192,512,2,static-1to1,bec-2.0pct,2,100,8,512,3726,7.277344,15,133464,260.671875,397,0.719390535,-516080,-1007.968750,0.998212765,543862,1062.230469,1534,-523506,-1022.472656,4179601,8163.283203,523520,1022.500000,0.108773341
MODEL-LEVEL EVIDENCE - ideal DoF - NOT WAN measurement,8192,512,2,static-1to1,ge-short-1.089pct,11,1010,1,8,8071,15.763672,41,15922,31.097656,81,0.993301381,8707,17.005859,0.999811441,4380,8.554688,15,-7533,-14.712891,7349,14.353516,7423,14.498047,0.001747405
MODEL-LEVEL EVIDENCE - ideal DoF - NOT WAN measurement,8192,512,2,static-1to1,ge-short-1.089pct,11,1010,1,64,8071,15.763672,41,15922,31.097656,81,0.993301381,-48637,-94.994141,0.999811441,37695,73.623047,129,-65048,-127.046875,64021,125.041016,64767,126.498047,0.015043348
MODEL-LEVEL EVIDENCE - ideal DoF - NOT WAN measurement,8192,512,2,static-1to1,ge-short-1.089pct,11,1010,1,512,8071,15.763672,41,15922,31.097656,81,0.993301381,-507389,-990.994141,0.999811441,308012,601.585938,1026,-523831,-1023.107422,518090,1011.894531,523519,1022.498047,0.109888101
MODEL-LEVEL EVIDENCE - ideal DoF - NOT WAN measurement,8192,512,2,static-1to1,ge-short-1.089pct,11,1010,3,8,11731,22.912109,51,123875,241.943359,481,0.863893205,16038,31.324219,0.999861749,4614,9.011719,15,-7521,-14.689453,76359,149.138672,7422,14.496094,0.001739799
MODEL-LEVEL EVIDENCE - ideal DoF - NOT WAN measurement,8192,512,2,static-1to1,ge-short-1.089pct,11,1010,3,64,11731,22.912109,51,123875,241.943359,481,0.863893205,-41306,-80.675781,0.999861749,40018,78.160156,130,-64966,-126.886719,246530,481.503906,64766,126.496094,0.014980499
MODEL-LEVEL EVIDENCE - ideal DoF - NOT WAN measurement,8192,512,2,static-1to1,ge-short-1.089pct,11,1010,3,512,11731,22.912109,51,123875,241.943359,481,0.863893205,-500058,-976.675781,0.999861749,322900,630.664062,1027,-523711,-1022.873047,1608007,3140.638672,523518,1022.496094,0.109474361
MODEL-LEVEL EVIDENCE - ideal DoF - NOT WAN measurement,8192,512,2,static-1to1,ge-short-1.089pct,11,1010,8,8,14628,28.570312,58,480311,938.107422,1640,0.818357116,21834,42.644531,0.999876139,4853,9.478516,15,-7545,-14.736328,307804,601.179688,7412,14.476562,0.001732184
MODEL-LEVEL EVIDENCE - ideal DoF - NOT WAN measurement,8192,512,2,static-1to1,ge-short-1.089pct,11,1010,8,64,14628,28.570312,58,480311,938.107422,1640,0.818357116,-35510,-69.355469,0.999876139,42050,82.128906,133,-64939,-126.833984,761041,1486.408203,64756,126.476562,0.014933352
MODEL-LEVEL EVIDENCE - ideal DoF - NOT WAN measurement,8192,512,2,static-1to1,ge-short-1.089pct,11,1010,8,512,14628,28.570312,58,480311,938.107422,1640,0.818357116,-494262,-965.355469,0.999876139,338676,661.476562,1028,-523855,-1023.154297,4390148,8574.507812,523508,1022.476562,0.109175936
MODEL-LEVEL EVIDENCE - ideal DoF - NOT WAN measurement,8192,512,2,static-1to1,ge-long-1.089pct,11,1010,1,8,18881,36.876953,148,36580,71.445312,288,0.987839128,30369,59.314453,0.999991117,4140,8.085938,14,-7480,-14.609375,7372,14.398438,7424,14.500000,0.001746930
MODEL-LEVEL EVIDENCE - ideal DoF - NOT WAN measurement,8192,512,2,static-1to1,ge-long-1.089pct,11,1010,1,64,18881,36.876953,148,36580,71.445312,288,0.987839128,-26975,-52.685547,0.999991117,35443,69.224609,127,-64860,-126.679688,64237,125.462891,64768,126.500000,0.015037545
MODEL-LEVEL EVIDENCE - ideal DoF - NOT WAN measurement,8192,512,2,static-1to1,ge-long-1.089pct,11,1010,1,512,18881,36.876953,148,36580,71.445312,288,0.987839128,-485727,-948.685547,0.999991117,288831,564.123047,1023,-523330,-1022.128906,518464,1012.625000,523520,1022.500000,0.109848467
MODEL-LEVEL EVIDENCE - ideal DoF - NOT WAN measurement,8192,512,2,static-1to1,ge-long-1.089pct,11,1010,3,8,40147,78.412109,236,399570,780.410156,2183,0.945703699,72893,142.369141,0.999994113,4570,8.925781,15,-7601,-14.845703,183437,358.275391,7423,14.498047,0.001724607
MODEL-LEVEL EVIDENCE - ideal DoF - NOT WAN measurement,8192,512,2,static-1to1,ge-long-1.089pct,11,1010,3,64,40147,78.412109,236,399570,780.410156,2183,0.945703699,15549,30.369141,0.999994113,38774,75.730469,127,-65668,-128.257812,354192,691.781250,64767,126.498047,0.014849667
MODEL-LEVEL EVIDENCE - ideal DoF - NOT WAN measurement,8192,512,2,static-1to1,ge-long-1.089pct,11,1010,3,512,40147,78.412109,236,399570,780.410156,2183,0.945703699,-443203,-865.630859,0.999994113,316938,619.019531,1025,-524384,-1024.187500,1715147,3349.896484,523519,1022.498047,0.108607952
MODEL-LEVEL EVIDENCE - ideal DoF - NOT WAN measurement,8192,512,2,static-1to1,ge-long-1.089pct,11,1010,8,8,64818,126.597656,286,1944695,3798.232422,7803,0.909168576,122210,238.691406,0.999995487,5119,9.998047,15,-7636,-14.914062,978706,1911.535156,7429,14.509766,0.001701656
MODEL-LEVEL EVIDENCE - ideal DoF - NOT WAN measurement,8192,512,2,static-1to1,ge-long-1.089pct,11,1010,8,64,64818,126.597656,286,1944695,3798.232422,7803,0.909168576,64866,126.691406,0.999995487,42439,82.888672,127,-65944,-128.796875,1433215,2799.248047,64773,126.509766,0.014644287
MODEL-LEVEL EVIDENCE - ideal DoF - NOT WAN measurement,8192,512,2,static-1to1,ge-long-1.089pct,11,1010,8,512,64818,126.597656,286,1944695,3798.232422,7803,0.909168576,-393886,-769.308594,0.999995487,342277,668.509766,1040,-524843,-1025.083984,5060751,9884.279297,523525,1022.509766,0.107239235
MODEL-LEVEL EVIDENCE - ideal DoF - NOT WAN measurement,8192,512,2,static-2to1,none,0,1,1,8,0,0.000000,0,512,1.000000,1,,-5120,-10.000000,,0,0.000000,0,-5632,-11.000000,5632,11.000000,5632,11.000000,0.001340973
MODEL-LEVEL EVIDENCE - ideal DoF - NOT WAN measurement,8192,512,2,static-2to1,none,0,1,1,64,0,0.000000,0,512,1.000000,1,,-48128,-94.000000,,0,0.000000,0,-48640,-95.000000,48640,95.000000,48640,95.000000,0.011463738
MODEL-LEVEL EVIDENCE - ideal DoF - NOT WAN measurement,8192,512,2,static-2to1,none,0,1,1,512,0,0.000000,0,512,1.000000,1,,-392192,-766.000000,,0,0.000000,0,-392704,-767.000000,392704,767.000000,392704,767.000000,0.085612234
MODEL-LEVEL EVIDENCE - ideal DoF - NOT WAN measurement,8192,512,2,static-2to1,none,0,1,3,8,0,0.000000,0,1536,3.000000,3,,-5120,-10.000000,,0,0.000000,0,-5632,-11.000000,16896,33.000000,5632,11.000000,0.001340973
MODEL-LEVEL EVIDENCE - ideal DoF - NOT WAN measurement,8192,512,2,static-2to1,none,0,1,3,64,0,0.000000,0,1536,3.000000,3,,-48128,-94.000000,,0,0.000000,0,-48640,-95.000000,145920,285.000000,48640,95.000000,0.011463738
MODEL-LEVEL EVIDENCE - ideal DoF - NOT WAN measurement,8192,512,2,static-2to1,none,0,1,3,512,0,0.000000,0,1536,3.000000,3,,-392192,-766.000000,,0,0.000000,0,-392704,-767.000000,1178112,2301.000000,392704,767.000000,0.085612234
MODEL-LEVEL EVIDENCE - ideal DoF - NOT WAN measurement,8192,512,2,static-2to1,none,0,1,8,8,0,0.000000,0,4096,8.000000,8,,-5120,-10.000000,,0,0.000000,0,-5632,-11.000000,45056,88.000000,5632,11.000000,0.001340973
MODEL-LEVEL EVIDENCE - ideal DoF - NOT WAN measurement,8192,512,2,static-2to1,none,0,1,8,64,0,0.000000,0,4096,8.000000,8,,-48128,-94.000000,,0,0.000000,0,-48640,-95.000000,389120,760.000000,48640,95.000000,0.011463738
MODEL-LEVEL EVIDENCE - ideal DoF - NOT WAN measurement,8192,512,2,static-2to1,none,0,1,8,512,0,0.000000,0,4096,8.000000,8,,-392192,-766.000000,,0,0.000000,0,-392704,-767.000000,3141632,6136.000000,392704,767.000000,0.085612234
MODEL-LEVEL EVIDENCE - ideal DoF - NOT WAN measurement,8192,512,2,static-2to1,bec-0.5pct,5,1000,1,8,1760,3.437500,10,2727,5.326172,15,0.994072009,-2732,-5.335938,0.996111304,4344,8.484375,15,-5466,-10.675781,5445,10.634766,5471,10.685547,0.001296107
MODEL-LEVEL EVIDENCE - ideal DoF - NOT WAN measurement,8192,512,2,static-2to1,bec-0.5pct,5,1000,1,64,1760,3.437500,10,2727,5.326172,15,0.994072009,-45740,-89.335938,0.996111304,38760,75.703125,127,-48453,-94.634766,48229,94.197266,48479,94.685547,0.011369078
MODEL-LEVEL EVIDENCE - ideal DoF - NOT WAN measurement,8192,512,2,static-2to1,bec-0.5pct,5,1000,1,512,1760,3.437500,10,2727,5.326172,15,0.994072009,-389804,-761.335938,0.996111304,307305,600.205078,1024,-392528,-766.656250,390636,762.960938,392543,766.685547,0.085184066
MODEL-LEVEL EVIDENCE - ideal DoF - NOT WAN measurement,8192,512,2,static-2to1,bec-0.5pct,5,1000,3,8,2360,4.609375,12,19294,37.683594,73,0.864940355,-1788,-3.492188,0.996953196,4550,8.886719,15,-5442,-10.628906,24628,48.101562,5449,10.642578,0.001290067
MODEL-LEVEL EVIDENCE - ideal DoF - NOT WAN measurement,8192,512,2,static-2to1,bec-0.5pct,5,1000,3,64,2360,4.609375,12,19294,37.683594,73,0.864940355,-44796,-87.492188,0.996953196,39279,76.716797,128,-48446,-94.621094,153008,298.843750,48457,94.642578,0.011356701
MODEL-LEVEL EVIDENCE - ideal DoF - NOT WAN measurement,8192,512,2,static-2to1,bec-0.5pct,5,1000,3,512,2360,4.609375,12,19294,37.683594,73,0.864940355,-388860,-759.492188,0.996953196,314990,615.214844,1024,-392515,-766.630859,1180097,2304.876953,392521,766.642578,0.085129229
MODEL-LEVEL EVIDENCE - ideal DoF - NOT WAN measurement,8192,512,2,static-2to1,bec-0.5pct,5,1000,8,8,3192,6.234375,14,77447,151.263672,261,0.868931063,-497,-0.970703,0.998194902,4664,9.109375,15,-5473,-10.689453,81397,158.978516,5471,10.685547,0.001294697
MODEL-LEVEL EVIDENCE - ideal DoF - NOT WAN measurement,8192,512,2,static-2to1,bec-0.5pct,5,1000,8,64,3192,6.234375,14,77447,151.263672,261,0.868931063,-43505,-84.970703,0.998194902,41608,81.265625,128,-48459,-94.646484,423728,827.593750,48479,94.685547,0.011356835
MODEL-LEVEL EVIDENCE - ideal DoF - NOT WAN measurement,8192,512,2,static-2to1,bec-0.5pct,5,1000,8,512,3192,6.234375,14,77447,151.263672,261,0.868931063,-387569,-756.970703,0.998194902,328270,641.152344,1024,-392531,-766.662109,3162545,6176.845703,392543,766.685547,0.085099174
MODEL-LEVEL EVIDENCE - ideal DoF - NOT WAN measurement,8192,512,2,static-2to1,bec-2.0pct,2,100,1,8,3785,7.392578,20,5652,11.039062,30,0.997271731,298,0.582031,0.998950959,7495,14.638672,22,-5458,-10.660156,5347,10.443359,5466,10.675781,0.001275399
MODEL-LEVEL EVIDENCE - ideal DoF - NOT WAN measurement,8192,512,2,static-2to1,bec-2.0pct,2,100,1,64,3785,7.392578,20,5652,11.039062,30,0.997271731,-42710,-83.417969,0.998950959,65373,127.681641,189,-48482,-94.691406,47518,92.808594,48474,94.675781,0.011198219
MODEL-LEVEL EVIDENCE - ideal DoF - NOT WAN measurement,8192,512,2,static-2to1,bec-2.0pct,2,100,1,512,3785,7.392578,20,5652,11.039062,30,0.997271731,-386774,-755.417969,0.998950959,531134,1037.371094,1532,-392614,-766.824219,384574,751.121094,392538,766.675781,0.084005095
MODEL-LEVEL EVIDENCE - ideal DoF - NOT WAN measurement,8192,512,2,static-2to1,bec-2.0pct,2,100,3,8,4799,9.373047,23,37481,73.205078,146,0.861882286,1867,3.646484,0.999277508,7592,14.828125,22,-5471,-10.685547,31989,62.478516,5470,10.683594,0.001274824
MODEL-LEVEL EVIDENCE - ideal DoF - NOT WAN measurement,8192,512,2,static-2to1,bec-2.0pct,2,100,3,64,4799,9.373047,23,37481,73.205078,146,0.861882286,-41141,-80.353516,0.999277508,65818,128.550781,189,-48489,-94.705078,158380,309.335938,48478,94.683594,0.011186034
MODEL-LEVEL EVIDENCE - ideal DoF - NOT WAN measurement,8192,512,2,static-2to1,bec-2.0pct,2,100,3,512,4799,9.373047,23,37481,73.205078,146,0.861882286,-385205,-752.353516,0.999277508,532121,1039.298828,1532,-392656,-766.906250,1169789,2284.744141,392542,766.683594,0.083914849
MODEL-LEVEL EVIDENCE - ideal DoF - NOT WAN measurement,8192,512,2,static-2to1,bec-2.0pct,2,100,8,8,5868,11.460938,26,146478,286.089844,472,0.828709271,3518,6.871094,0.999358233,7665,14.970703,22,-5466,-10.675781,118868,232.164062,5453,10.650391,0.001269582
MODEL-LEVEL EVIDENCE - ideal DoF - NOT WAN measurement,8192,512,2,static-2to1,bec-2.0pct,2,100,8,64,5868,11.460938,26,146478,286.089844,472,0.828709271,-39490,-77.128906,0.999358233,66610,130.097656,190,-48421,-94.572266,455809,890.251953,48461,94.650391,0.011170965
MODEL-LEVEL EVIDENCE - ideal DoF - NOT WAN measurement,8192,512,2,static-2to1,bec-2.0pct,2,100,8,512,5868,11.460938,26,146478,286.089844,472,0.828709271,-383554,-749.128906,0.999358233,534206,1043.371094,1534,-392594,-766.785156,3153229,6158.650391,392525,766.650391,0.083833723
MODEL-LEVEL EVIDENCE - ideal DoF - NOT WAN measurement,8192,512,2,static-2to1,ge-short-1.089pct,11,1010,1,8,10011,19.552734,60,14914,29.128906,91,0.997816272,9604,18.757812,0.999875643,4353,8.501953,15,-5480,-10.703125,5417,10.580078,5465,10.673828,0.001287047
MODEL-LEVEL EVIDENCE - ideal DoF - NOT WAN measurement,8192,512,2,static-2to1,ge-short-1.089pct,11,1010,1,64,10011,19.552734,60,14914,29.128906,91,0.997816272,-33404,-65.242188,0.999875643,38716,75.617188,130,-48414,-94.558594,47953,93.658203,48473,94.673828,0.011301273
MODEL-LEVEL EVIDENCE - ideal DoF - NOT WAN measurement,8192,512,2,static-2to1,ge-short-1.089pct,11,1010,1,512,10011,19.552734,60,14914,29.128906,91,0.997816272,-377468,-737.242188,0.999875643,308862,603.246094,1026,-392477,-766.556641,387882,757.582031,392537,766.673828,0.084722160
MODEL-LEVEL EVIDENCE - ideal DoF - NOT WAN measurement,8192,512,2,static-2to1,ge-short-1.089pct,11,1010,3,8,15471,30.216797,82,123464,241.140625,491,0.850474155,17828,34.820312,0.999926904,4703,9.185547,15,-5519,-10.779297,70642,137.972656,5474,10.691406,0.001283699
MODEL-LEVEL EVIDENCE - ideal DoF - NOT WAN measurement,8192,512,2,static-2to1,ge-short-1.089pct,11,1010,3,64,15471,30.216797,82,123464,241.140625,491,0.850474155,-25180,-49.179688,0.999926904,41455,80.966797,133,-48384,-94.500000,198137,386.986328,48482,94.691406,0.011255911
MODEL-LEVEL EVIDENCE - ideal DoF - NOT WAN measurement,8192,512,2,static-2to1,ge-short-1.089pct,11,1010,3,512,15471,30.216797,82,123464,241.140625,491,0.850474155,-369244,-721.179688,0.999926904,329753,644.048828,1030,-392579,-766.755859,1218593,2380.064453,392546,766.691406,0.084394683
MODEL-LEVEL EVIDENCE - ideal DoF - NOT WAN measurement,8192,512,2,static-2to1,ge-short-1.089pct,11,1010,8,8,22349,43.650391,103,517721,1011.173828,1821,0.871653635,28208,55.093750,0.999963915,4903,9.576172,15,-5478,-10.699219,294556,575.304688,5465,10.673828,0.001277456
MODEL-LEVEL EVIDENCE - ideal DoF - NOT WAN measurement,8192,512,2,static-2to1,ge-short-1.089pct,11,1010,8,64,22349,43.650391,103,517721,1011.173828,1821,0.871653635,-14800,-28.906250,0.999963915,43643,85.240234,134,-48313,-94.361328,634738,1239.722656,48473,94.673828,0.011217896
MODEL-LEVEL EVIDENCE - ideal DoF - NOT WAN measurement,8192,512,2,static-2to1,ge-short-1.089pct,11,1010,8,512,22349,43.650391,103,517721,1011.173828,1821,0.871653635,-358864,-700.906250,0.999963915,349672,682.953125,1032,-392616,-766.828125,3356741,6556.134766,392537,766.673828,0.084143211
MODEL-LEVEL EVIDENCE - ideal DoF - NOT WAN measurement,8192,512,2,static-2to1,ge-long-1.089pct,11,1010,1,8,25805,50.400391,266,37547,73.333984,400,0.992466867,33307,65.052734,0.999995814,4332,8.460938,15,-5545,-10.830078,5432,10.609375,5474,10.691406,0.001289384
MODEL-LEVEL EVIDENCE - ideal DoF - NOT WAN measurement,8192,512,2,static-2to1,ge-long-1.089pct,11,1010,1,64,25805,50.400391,266,37547,73.333984,400,0.992466867,-9701,-18.947266,0.999995814,36144,70.593750,127,-48772,-95.257812,48185,94.111328,48482,94.691406,0.011305263
MODEL-LEVEL EVIDENCE - ideal DoF - NOT WAN measurement,8192,512,2,static-2to1,ge-long-1.089pct,11,1010,1,512,25805,50.400391,266,37547,73.333984,400,0.992466867,-353765,-690.947266,0.999995814,289502,565.433594,1024,-393155,-767.880859,387963,757.740234,392546,766.691406,0.084737234
MODEL-LEVEL EVIDENCE - ideal DoF - NOT WAN measurement,8192,512,2,static-2to1,ge-long-1.089pct,11,1010,3,8,54065,105.595703,360,383978,749.957031,2136,0.948810618,75691,147.833984,0.999997641,4694,9.167969,15,-5521,-10.783203,159897,312.298828,5459,10.662109,0.001271654
MODEL-LEVEL EVIDENCE - ideal DoF - NOT WAN measurement,8192,512,2,static-2to1,ge-long-1.089pct,11,1010,3,64,54065,105.595703,360,383978,749.957031,2136,0.948810618,32683,63.833984,0.999997641,39635,77.412109,128,-48761,-95.236328,287861,562.228516,48467,94.662109,0.011178216
MODEL-LEVEL EVIDENCE - ideal DoF - NOT WAN measurement,8192,512,2,static-2to1,ge-long-1.089pct,11,1010,3,512,54065,105.595703,360,383978,749.957031,2136,0.948810618,-311381,-608.166016,0.999997641,319822,624.652344,1024,-392923,-767.427734,1309721,2558.048828,392531,766.662109,0.083875794
MODEL-LEVEL EVIDENCE - ideal DoF - NOT WAN measurement,8192,512,2,static-2to1,ge-long-1.089pct,11,1010,8,8,95493,186.509766,546,2040275,3984.912109,9099,0.933043093,137857,269.251953,0.999998701,5048,9.859375,15,-5564,-10.867188,946971,1849.552734,5460,10.664062,0.001252318
MODEL-LEVEL EVIDENCE - ideal DoF - NOT WAN measurement,8192,512,2,static-2to1,ge-long-1.089pct,11,1010,8,64,95493,186.509766,546,2040275,3984.912109,9099,0.933043093,94849,185.251953,0.999998701,41763,81.568359,128,-49182,-96.058594,1288176,2515.968750,48468,94.664062,0.011008142
MODEL-LEVEL EVIDENCE - ideal DoF - NOT WAN measurement,8192,512,2,static-2to1,ge-long-1.089pct,11,1010,8,512,95493,186.509766,546,2040275,3984.912109,9099,0.933043093,-249215,-486.748047,0.999998701,347130,677.988281,1038,-393379,-768.318359,4015651,7843.068359,392532,766.664062,0.082690768
MODEL-LEVEL EVIDENCE - ideal DoF - NOT WAN measurement,8192,512,2,static-4to1,none,0,1,1,8,0,0.000000,0,0,0.000000,0,,-4608,-9.000000,,0,0.000000,0,-4608,-9.000000,4608,9.000000,4608,9.000000,0.001097427
MODEL-LEVEL EVIDENCE - ideal DoF - NOT WAN measurement,8192,512,2,static-4to1,none,0,1,1,64,0,0.000000,0,0,0.000000,0,,-40448,-79.000000,,0,0.000000,0,-40448,-79.000000,40448,79.000000,40448,79.000000,0.009551445
MODEL-LEVEL EVIDENCE - ideal DoF - NOT WAN measurement,8192,512,2,static-4to1,none,0,1,1,512,0,0.000000,0,0,0.000000,0,,-327168,-639.000000,,0,0.000000,0,-327168,-639.000000,327168,639.000000,327168,639.000000,0.072358736
MODEL-LEVEL EVIDENCE - ideal DoF - NOT WAN measurement,8192,512,2,static-4to1,none,0,1,3,8,0,0.000000,0,0,0.000000,0,,-4608,-9.000000,,0,0.000000,0,-4608,-9.000000,13824,27.000000,4608,9.000000,0.001097427
MODEL-LEVEL EVIDENCE - ideal DoF - NOT WAN measurement,8192,512,2,static-4to1,none,0,1,3,64,0,0.000000,0,0,0.000000,0,,-40448,-79.000000,,0,0.000000,0,-40448,-79.000000,121344,237.000000,40448,79.000000,0.009551445
MODEL-LEVEL EVIDENCE - ideal DoF - NOT WAN measurement,8192,512,2,static-4to1,none,0,1,3,512,0,0.000000,0,0,0.000000,0,,-327168,-639.000000,,0,0.000000,0,-327168,-639.000000,981504,1917.000000,327168,639.000000,0.072358736
MODEL-LEVEL EVIDENCE - ideal DoF - NOT WAN measurement,8192,512,2,static-4to1,none,0,1,8,8,0,0.000000,0,0,0.000000,0,,-4608,-9.000000,,0,0.000000,0,-4608,-9.000000,36864,72.000000,4608,9.000000,0.001097427
MODEL-LEVEL EVIDENCE - ideal DoF - NOT WAN measurement,8192,512,2,static-4to1,none,0,1,8,64,0,0.000000,0,0,0.000000,0,,-40448,-79.000000,,0,0.000000,0,-40448,-79.000000,323584,632.000000,40448,79.000000,0.009551445
MODEL-LEVEL EVIDENCE - ideal DoF - NOT WAN measurement,8192,512,2,static-4to1,none,0,1,8,512,0,0.000000,0,0,0.000000,0,,-327168,-639.000000,,0,0.000000,0,-327168,-639.000000,2617344,5112.000000,327168,639.000000,0.072358736
MODEL-LEVEL EVIDENCE - ideal DoF - NOT WAN measurement,8192,512,2,static-4to1,bec-0.5pct,5,1000,1,8,2156,4.210938,15,2769,5.408203,19,0.996719622,-1736,-3.390625,0.997368672,4286,8.371094,15,-4526,-8.839844,4498,8.785156,4518,8.824219,0.001070626
MODEL-LEVEL EVIDENCE - ideal DoF - NOT WAN measurement,8192,512,2,static-4to1,bec-0.5pct,5,1000,1,64,2156,4.210938,15,2769,5.408203,19,0.996719622,-37576,-73.390625,0.997368672,38931,76.037109,127,-40343,-78.794922,40147,78.412109,40358,78.824219,0.009483056
MODEL-LEVEL EVIDENCE - ideal DoF - NOT WAN measurement,8192,512,2,static-4to1,bec-0.5pct,5,1000,1,512,2156,4.210938,15,2769,5.408203,19,0.996719622,-324296,-633.390625,0.997368672,321552,628.031250,1023,-327053,-638.775391,325438,635.621094,327078,638.824219,0.072003630
MODEL-LEVEL EVIDENCE - ideal DoF - NOT WAN measurement,8192,512,2,static-4to1,bec-0.5pct,5,1000,3,8,3201,6.251953,18,20899,40.818359,87,0.915932410,-389,-0.759766,0.998343091,4440,8.671875,15,-4528,-8.843750,22067,43.099609,4511,8.810547,0.001068257
MODEL-LEVEL EVIDENCE - ideal DoF - NOT WAN measurement,8192,512,2,static-4to1,bec-0.5pct,5,1000,3,64,3201,6.251953,18,20899,40.818359,87,0.915932410,-36229,-70.759766,0.998343091,39166,76.496094,127,-40363,-78.833984,129047,252.044922,40351,78.810547,0.009475162
MODEL-LEVEL EVIDENCE - ideal DoF - NOT WAN measurement,8192,512,2,static-4to1,bec-0.5pct,5,1000,3,512,3201,6.251953,18,20899,40.818359,87,0.915932410,-322949,-630.759766,0.998343091,332795,649.990234,1024,-327054,-638.777344,984908,1923.648438,327071,638.810547,0.071957623
MODEL-LEVEL EVIDENCE - ideal DoF - NOT WAN measurement,8192,512,2,static-4to1,bec-0.5pct,5,1000,8,8,4560,8.906250,21,85550,167.089844,298,0.921704373,1388,2.710938,0.998835614,4505,8.798828,15,-4514,-8.816406,74500,145.507812,4514,8.816406,0.001068464
MODEL-LEVEL EVIDENCE - ideal DoF - NOT WAN measurement,8192,512,2,static-4to1,bec-0.5pct,5,1000,8,64,4560,8.906250,21,85550,167.089844,298,0.921704373,-34452,-67.289062,0.998835614,39939,78.005859,127,-40349,-78.806641,359782,702.699219,40354,78.816406,0.009471440
MODEL-LEVEL EVIDENCE - ideal DoF - NOT WAN measurement,8192,512,2,static-4to1,bec-0.5pct,5,1000,8,512,4560,8.906250,21,85550,167.089844,298,0.921704373,-321172,-627.289062,0.998835614,329220,643.007812,1024,-327055,-638.779297,2642077,5160.306641,327074,638.816406,0.071926793
MODEL-LEVEL EVIDENCE - ideal DoF - NOT WAN measurement,8192,512,2,static-4to1,bec-2.0pct,2,100,1,8,4834,9.441406,32,6026,11.769531,41,0.998804774,1625,3.173828,0.999488622,7297,14.251953,21,-4550,-8.886719,4435,8.662109,4518,8.824219,0.001054526
MODEL-LEVEL EVIDENCE - ideal DoF - NOT WAN measurement,8192,512,2,static-4to1,bec-2.0pct,2,100,1,64,4834,9.441406,32,6026,11.769531,41,0.998804774,-34215,-66.826172,0.999488622,65488,127.906250,188,-40396,-78.898438,39548,77.242188,40358,78.824219,0.009341630
MODEL-LEVEL EVIDENCE - ideal DoF - NOT WAN measurement,8192,512,2,static-4to1,bec-2.0pct,2,100,1,512,4834,9.441406,32,6026,11.769531,41,0.998804774,-320935,-626.826172,0.999488622,527421,1030.119141,1028,-327153,-638.970703,320653,626.275391,327078,638.824219,0.070996631
MODEL-LEVEL EVIDENCE - ideal DoF - NOT WAN measurement,8192,512,2,static-4to1,bec-2.0pct,2,100,3,8,7198,14.058594,40,43294,84.558594,181,0.932817996,4665,9.111328,0.999701602,7398,14.449219,21,-4483,-8.755859,29561,57.736328,4486,8.761719,0.001045742
MODEL-LEVEL EVIDENCE - ideal DoF - NOT WAN measurement,8192,512,2,static-4to1,bec-2.0pct,2,100,3,64,7198,14.058594,40,43294,84.558594,181,0.932817996,-31175,-60.888672,0.999701602,67263,131.373047,191,-40370,-78.847656,134998,263.667969,40326,78.761719,0.009322601
MODEL-LEVEL EVIDENCE - ideal DoF - NOT WAN measurement,8192,512,2,static-4to1,bec-2.0pct,2,100,3,512,7198,14.058594,40,43294,84.558594,181,0.932817996,-317895,-620.888672,0.999701602,533106,1041.222656,1533,-327037,-638.744141,978051,1910.255859,327046,638.761719,0.070906788
MODEL-LEVEL EVIDENCE - ideal DoF - NOT WAN measurement,8192,512,2,static-4to1,bec-2.0pct,2,100,8,8,9724,18.992188,46,173872,339.593750,584,0.916205340,7874,15.378906,0.999778361,7410,14.472656,22,-4511,-8.810547,112187,219.115234,4498,8.785156,0.001047492
MODEL-LEVEL EVIDENCE - ideal DoF - NOT WAN measurement,8192,512,2,static-4to1,bec-2.0pct,2,100,8,64,9724,18.992188,46,173872,339.593750,584,0.916205340,-27966,-54.621094,0.999778361,67464,131.765625,190,-40330,-78.769531,393090,767.753906,40338,78.785156,0.009316133
MODEL-LEVEL EVIDENCE - ideal DoF - NOT WAN measurement,8192,512,2,static-4to1,bec-2.0pct,2,100,8,512,9724,18.992188,46,173872,339.593750,584,0.916205340,-314686,-614.621094,0.999778361,535096,1045.109375,1532,-327087,-638.841797,2641040,5158.281250,327058,638.785156,0.070843481
MODEL-LEVEL EVIDENCE - ideal DoF - NOT WAN measurement,8192,512,2,static-4to1,ge-short-1.089pct,11,1010,1,8,16023,31.294922,133,19872,38.812500,165,0.998906617,15590,30.449219,0.999968526,4278,8.355469,15,-4524,-8.835938,4490,8.769531,4506,8.800781,0.001061771
MODEL-LEVEL EVIDENCE - ideal DoF - NOT WAN measurement,8192,512,2,static-4to1,ge-short-1.089pct,11,1010,1,64,16023,31.294922,133,19872,38.812500,165,0.998906617,-20250,-39.550781,0.999968526,38173,74.556641,128,-40414,-78.933594,40052,78.226562,40346,78.800781,0.009427310
MODEL-LEVEL EVIDENCE - ideal DoF - NOT WAN measurement,8192,512,2,static-4to1,ge-short-1.089pct,11,1010,1,512,16023,31.294922,133,19872,38.812500,165,0.998906617,-306970,-599.550781,0.999968526,303662,593.089844,1027,-327051,-638.771484,323420,631.679688,327066,638.800781,0.071624255
MODEL-LEVEL EVIDENCE - ideal DoF - NOT WAN measurement,8192,512,2,static-4to1,ge-short-1.089pct,11,1010,3,8,28774,56.199219,181,155367,303.451172,773,0.968695550,31592,61.703125,0.999984052,4647,9.076172,15,-4554,-8.894531,61649,120.408203,4507,8.802734,0.001057793
MODEL-LEVEL EVIDENCE - ideal DoF - NOT WAN measurement,8192,512,2,static-4to1,ge-short-1.089pct,11,1010,3,64,28774,56.199219,181,155367,303.451172,773,0.968695550,-4248,-8.296875,0.999984052,40593,79.283203,130,-40613,-79.322266,168062,328.246094,40347,78.802734,0.009390450
MODEL-LEVEL EVIDENCE - ideal DoF - NOT WAN measurement,8192,512,2,static-4to1,ge-short-1.089pct,11,1010,3,512,28774,56.199219,181,155367,303.451172,773,0.968695550,-290968,-568.296875,0.999984052,331679,647.810547,1032,-327162,-638.988281,1018528,1989.312500,327067,638.802734,0.071360296
MODEL-LEVEL EVIDENCE - ideal DoF - NOT WAN measurement,8192,512,2,static-4to1,ge-short-1.089pct,11,1010,8,8,39494,77.136719,211,636209,1242.595703,2580,0.958067721,45051,87.990234,0.999989881,4847,9.466797,15,-4566,-8.917969,279922,546.722656,4501,8.791016,0.001052743
MODEL-LEVEL EVIDENCE - ideal DoF - NOT WAN measurement,8192,512,2,static-4to1,ge-short-1.089pct,11,1010,8,64,39494,77.136719,211,636209,1242.595703,2580,0.958067721,9211,17.990234,0.999989881,42074,82.175781,132,-40655,-79.404297,563578,1100.738281,40341,78.791016,0.009356954
MODEL-LEVEL EVIDENCE - ideal DoF - NOT WAN measurement,8192,512,2,static-4to1,ge-short-1.089pct,11,1010,8,512,39494,77.136719,211,636209,1242.595703,2580,0.958067721,-277509,-542.009766,0.999989881,339233,662.564453,1034,-327303,-639.263672,2831821,5530.900391,327061,638.791016,0.071130231
MODEL-LEVEL EVIDENCE - ideal DoF - NOT WAN measurement,8192,512,2,static-4to1,ge-long-1.089pct,11,1010,1,8,34490,67.363281,440,42245,82.509766,551,0.998261599,38641,75.470703,0.999997514,4182,8.167969,15,-4627,-9.037109,4473,8.736328,4501,8.791016,0.001057881
MODEL-LEVEL EVIDENCE - ideal DoF - NOT WAN measurement,8192,512,2,static-4to1,ge-long-1.089pct,11,1010,1,64,34490,67.363281,440,42245,82.509766,551,0.998261599,2801,5.470703,0.999997514,37445,73.134766,127,-40850,-79.785156,40074,78.269531,40341,78.791016,0.009402241
MODEL-LEVEL EVIDENCE - ideal DoF - NOT WAN measurement,8192,512,2,static-4to1,ge-long-1.089pct,11,1010,1,512,34490,67.363281,440,42245,82.509766,551,0.998261599,-283919,-554.529297,0.999997514,291197,568.744141,1023,-327932,-640.492188,323284,631.414062,327061,638.791016,0.071452931
MODEL-LEVEL EVIDENCE - ideal DoF - NOT WAN measurement,8192,512,2,static-4to1,ge-long-1.089pct,11,1010,3,8,78810,153.925781,771,462760,903.828125,3279,0.961289705,94047,183.685547,0.999999074,4576,8.937500,15,-4709,-9.197266,183198,357.808594,4504,8.796875,0.001046105
MODEL-LEVEL EVIDENCE - ideal DoF - NOT WAN measurement,8192,512,2,static-4to1,ge-long-1.089pct,11,1010,3,64,78810,153.925781,771,462760,903.828125,3279,0.961289705,58207,113.685547,0.999999074,39495,77.138672,127,-41369,-80.798828,289950,566.308594,40344,78.796875,0.009292994
MODEL-LEVEL EVIDENCE - ideal DoF - NOT WAN measurement,8192,512,2,static-4to1,ge-long-1.089pct,11,1010,3,512,78810,153.925781,771,462760,903.828125,3279,0.961289705,-228513,-446.314453,0.999999074,316190,617.558594,1024,-329281,-643.126953,1143049,2232.517578,327064,638.796875,0.070669860
MODEL-LEVEL EVIDENCE - ideal DoF - NOT WAN measurement,8192,512,2,static-4to1,ge-long-1.089pct,11,1010,8,8,143915,281.083984,958,2393057,4673.939453,11821,0.960168348,175465,342.705078,0.999999520,5029,9.822266,15,-4797,-9.369141,1004005,1960.947266,4513,8.814453,0.001033187
MODEL-LEVEL EVIDENCE - ideal DoF - NOT WAN measurement,8192,512,2,static-4to1,ge-long-1.089pct,11,1010,8,64,143915,281.083984,958,2393057,4673.939453,11821,0.960168348,139625,272.705078,0.999999520,44046,86.027344,127,-41744,-81.531250,1288448,2516.500000,40353,78.814453,0.009163056
MODEL-LEVEL EVIDENCE - ideal DoF - NOT WAN measurement,8192,512,2,static-4to1,ge-long-1.089pct,11,1010,8,512,143915,281.083984,958,2393057,4673.939453,11821,0.960168348,-147095,-287.294922,0.999999520,343782,671.449219,1024,-330563,-645.630859,3559835,6952.802734,327073,638.814453,0.069729459
MODEL-LEVEL EVIDENCE - ideal DoF - NOT WAN measurement,8192,512,2,static-8to1,none,0,1,1,8,0,0.000000,0,0,0.000000,0,,-4096,-8.000000,,0,0.000000,0,-4096,-8.000000,4096,8.000000,4096,8.000000,0.000975610
MODEL-LEVEL EVIDENCE - ideal DoF - NOT WAN measurement,8192,512,2,static-8to1,none,0,1,1,64,0,0.000000,0,0,0.000000,0,,-36352,-71.000000,,0,0.000000,0,-36352,-71.000000,36352,71.000000,36352,71.000000,0.008592521
MODEL-LEVEL EVIDENCE - ideal DoF - NOT WAN measurement,8192,512,2,static-8to1,none,0,1,1,512,0,0.000000,0,0,0.000000,0,,-294400,-575.000000,,0,0.000000,0,-294400,-575.000000,294400,575.000000,294400,575.000000,0.065586860
MODEL-LEVEL EVIDENCE - ideal DoF - NOT WAN measurement,8192,512,2,static-8to1,none,0,1,3,8,0,0.000000,0,0,0.000000,0,,-4096,-8.000000,,0,0.000000,0,-4096,-8.000000,12288,24.000000,4096,8.000000,0.000975610
MODEL-LEVEL EVIDENCE - ideal DoF - NOT WAN measurement,8192,512,2,static-8to1,none,0,1,3,64,0,0.000000,0,0,0.000000,0,,-36352,-71.000000,,0,0.000000,0,-36352,-71.000000,109056,213.000000,36352,71.000000,0.008592521
MODEL-LEVEL EVIDENCE - ideal DoF - NOT WAN measurement,8192,512,2,static-8to1,none,0,1,3,512,0,0.000000,0,0,0.000000,0,,-294400,-575.000000,,0,0.000000,0,-294400,-575.000000,883200,1725.000000,294400,575.000000,0.065586860
MODEL-LEVEL EVIDENCE - ideal DoF - NOT WAN measurement,8192,512,2,static-8to1,none,0,1,8,8,0,0.000000,0,0,0.000000,0,,-4096,-8.000000,,0,0.000000,0,-4096,-8.000000,32768,64.000000,4096,8.000000,0.000975610
MODEL-LEVEL EVIDENCE - ideal DoF - NOT WAN measurement,8192,512,2,static-8to1,none,0,1,8,64,0,0.000000,0,0,0.000000,0,,-36352,-71.000000,,0,0.000000,0,-36352,-71.000000,290816,568.000000,36352,71.000000,0.008592521
MODEL-LEVEL EVIDENCE - ideal DoF - NOT WAN measurement,8192,512,2,static-8to1,none,0,1,8,512,0,0.000000,0,0,0.000000,0,,-294400,-575.000000,,0,0.000000,0,-294400,-575.000000,2355200,4600.000000,294400,575.000000,0.065586860
MODEL-LEVEL EVIDENCE - ideal DoF - NOT WAN measurement,8192,512,2,static-8to1,bec-0.5pct,5,1000,1,8,3246,6.339844,28,3738,7.300781,31,0.999174477,-287,-0.560547,0.999269503,4393,8.580078,15,-4040,-7.890625,4019,7.849609,4043,7.896484,0.000958180
MODEL-LEVEL EVIDENCE - ideal DoF - NOT WAN measurement,8192,512,2,static-8to1,bec-0.5pct,5,1000,1,64,3246,6.339844,28,3738,7.300781,31,0.999174477,-32543,-63.560547,0.999269503,37651,73.537109,127,-36326,-70.949219,36122,70.550781,36299,70.896484,0.008537502
MODEL-LEVEL EVIDENCE - ideal DoF - NOT WAN measurement,8192,512,2,static-8to1,bec-0.5pct,5,1000,1,512,3246,6.339844,28,3738,7.300781,31,0.999174477,-290591,-567.560547,0.999269503,312281,609.923828,1023,-294350,-574.902344,292949,572.166016,294347,574.896484,0.065268883
MODEL-LEVEL EVIDENCE - ideal DoF - NOT WAN measurement,8192,512,2,static-8to1,bec-0.5pct,5,1000,3,8,5135,10.029297,30,26164,51.101562,118,0.968381964,1914,3.738281,0.999449716,4487,8.763672,15,-4051,-7.912109,20455,39.951172,4041,7.892578,0.000957096
MODEL-LEVEL EVIDENCE - ideal DoF - NOT WAN measurement,8192,512,2,static-8to1,bec-0.5pct,5,1000,3,64,5135,10.029297,30,26164,51.101562,118,0.968381964,-30342,-59.261719,0.999449716,38462,75.121094,127,-36338,-70.972656,116769,228.064453,36297,70.892578,0.008531634
MODEL-LEVEL EVIDENCE - ideal DoF - NOT WAN measurement,8192,512,2,static-8to1,bec-0.5pct,5,1000,3,512,5135,10.029297,30,26164,51.101562,118,0.968381964,-288390,-563.261719,0.999449716,321985,628.876953,1023,-294360,-574.921875,887100,1732.617188,294345,574.892578,0.065229532
MODEL-LEVEL EVIDENCE - ideal DoF - NOT WAN measurement,8192,512,2,static-8to1,bec-0.5pct,5,1000,8,8,8027,15.677734,36,112564,219.851562,412,0.964749432,5214,10.183594,0.999621043,4517,8.822266,15,-4047,-7.904297,71070,138.808594,4047,7.904297,0.000958038
MODEL-LEVEL EVIDENCE - ideal DoF - NOT WAN measurement,8192,512,2,static-8to1,bec-0.5pct,5,1000,8,64,8027,15.677734,36,112564,219.851562,412,0.964749432,-27042,-52.816406,0.999621043,40581,79.259766,127,-36298,-70.894531,327860,640.351562,36303,70.904297,0.008528806
MODEL-LEVEL EVIDENCE - ideal DoF - NOT WAN measurement,8192,512,2,static-8to1,bec-0.5pct,5,1000,8,512,8027,15.677734,36,112564,219.851562,412,0.964749432,-285090,-556.816406,0.999621043,328645,641.884766,1023,-294344,-574.890625,2382033,4652.408203,294351,574.904297,0.065200316
MODEL-LEVEL EVIDENCE - ideal DoF - NOT WAN measurement,8192,512,2,static-8to1,bec-2.0pct,2,100,1,8,6533,12.759766,48,7304,14.265625,55,0.999295898,3407,6.654297,0.999742225,7251,14.162109,22,-4068,-7.945312,3979,7.771484,4043,7.896484,0.000943763
MODEL-LEVEL EVIDENCE - ideal DoF - NOT WAN measurement,8192,512,2,static-8to1,bec-2.0pct,2,100,1,64,6533,12.759766,48,7304,14.265625,55,0.999295898,-28849,-56.345703,0.999742225,65821,128.556641,190,-36254,-70.808594,35547,69.427734,36299,70.896484,0.008410004
MODEL-LEVEL EVIDENCE - ideal DoF - NOT WAN measurement,8192,512,2,static-8to1,bec-2.0pct,2,100,1,512,6533,12.759766,48,7304,14.265625,55,0.999295898,-286897,-560.345703,0.999742225,533045,1041.103516,1535,-294332,-574.867188,288437,563.353516,294347,574.896484,0.064349155
MODEL-LEVEL EVIDENCE - ideal DoF - NOT WAN measurement,8192,512,2,static-8to1,bec-2.0pct,2,100,3,8,10939,21.365234,65,53024,103.562500,244,0.967560065,8434,16.472656,0.999851706,7377,14.408203,21,-4062,-7.933594,28242,55.160156,4042,7.894531,0.000942279
MODEL-LEVEL EVIDENCE - ideal DoF - NOT WAN measurement,8192,512,2,static-8to1,bec-2.0pct,2,100,3,64,10939,21.365234,65,53024,103.562500,244,0.967560065,-23822,-46.527344,0.999851706,67439,131.716797,191,-36274,-70.847656,123031,240.294922,36298,70.894531,0.008398703
MODEL-LEVEL EVIDENCE - ideal DoF - NOT WAN measurement,8192,512,2,static-8to1,bec-2.0pct,2,100,3,512,10939,21.365234,65,53024,103.562500,244,0.967560065,-281870,-550.527344,0.999851706,537094,1049.011719,1533,-294361,-574.923828,881836,1722.335938,294346,574.894531,0.064269005
MODEL-LEVEL EVIDENCE - ideal DoF - NOT WAN measurement,8192,512,2,static-8to1,bec-2.0pct,2,100,8,8,16828,32.867188,74,226124,441.648438,793,0.965735485,15130,29.550781,0.999903262,7350,14.355469,21,-4051,-7.912109,107441,209.845703,4039,7.888672,0.000940704
MODEL-LEVEL EVIDENCE - ideal DoF - NOT WAN measurement,8192,512,2,static-8to1,bec-2.0pct,2,100,8,64,16828,32.867188,74,226124,441.648438,793,0.965735485,-17126,-33.449219,0.999903262,66708,130.289062,190,-36237,-70.775391,360383,703.873047,36295,70.888672,0.008390259
MODEL-LEVEL EVIDENCE - ideal DoF - NOT WAN measurement,8192,512,2,static-8to1,bec-2.0pct,2,100,8,512,16828,32.867188,74,226124,441.648438,793,0.965735485,-275174,-537.449219,0.999903262,531525,1038.134766,1532,-294305,-574.814453,2383474,4655.222656,294343,574.888672,0.064212380
MODEL-LEVEL EVIDENCE - ideal DoF - NOT WAN measurement,8192,512,2,static-8to1,ge-short-1.089pct,11,1010,1,8,21854,42.683594,229,24428,47.710938,240,0.999611192,20618,40.269531,0.999985956,4408,8.609375,15,-4067,-7.943359,4013,7.837891,4030,7.871094,0.000949249
MODEL-LEVEL EVIDENCE - ideal DoF - NOT WAN measurement,8192,512,2,static-8to1,ge-short-1.089pct,11,1010,1,64,21854,42.683594,229,24428,47.710938,240,0.999611192,-11638,-22.730469,0.999985956,38807,75.794922,128,-36295,-70.888672,35932,70.179688,36286,70.871094,0.008482564
MODEL-LEVEL EVIDENCE - ideal DoF - NOT WAN measurement,8192,512,2,static-8to1,ge-short-1.089pct,11,1010,1,512,21854,42.683594,229,24428,47.710938,240,0.999611192,-269686,-526.730469,0.999985956,307168,599.937500,1028,-294342,-574.886719,291196,568.742188,294334,574.871094,0.064891824
MODEL-LEVEL EVIDENCE - ideal DoF - NOT WAN measurement,8192,512,2,static-8to1,ge-short-1.089pct,11,1010,3,8,41688,81.421875,281,190880,372.812500,1053,0.983395652,42998,83.980469,0.999992975,4644,9.070312,15,-4067,-7.943359,63416,123.859375,4040,7.890625,0.000948057
MODEL-LEVEL EVIDENCE - ideal DoF - NOT WAN measurement,8192,512,2,static-8to1,ge-short-1.089pct,11,1010,3,64,41688,81.421875,281,190880,372.812500,1053,0.983395652,10742,20.980469,0.999992975,41473,81.001953,132,-36273,-70.845703,159237,311.009766,36296,70.890625,0.008453506
MODEL-LEVEL EVIDENCE - ideal DoF - NOT WAN measurement,8192,512,2,static-8to1,ge-short-1.089pct,11,1010,3,512,41688,81.421875,281,190880,372.812500,1053,0.983395652,-247306,-483.019531,0.999992975,321937,628.783203,1030,-294396,-574.992188,925097,1806.830078,294344,574.890625,0.064667524
MODEL-LEVEL EVIDENCE - ideal DoF - NOT WAN measurement,8192,512,2,static-8to1,ge-short-1.089pct,11,1010,8,8,69140,135.039062,362,866624,1692.625000,3723,0.981908943,73946,144.425781,0.999996627,4790,9.355469,15,-4111,-8.029297,281717,550.228516,4053,7.916016,0.000947876
MODEL-LEVEL EVIDENCE - ideal DoF - NOT WAN measurement,8192,512,2,static-8to1,ge-short-1.089pct,11,1010,8,64,69140,135.039062,362,866624,1692.625000,3723,0.981908943,41690,81.425781,0.999996627,42403,82.818359,130,-36362,-71.019531,537176,1049.171875,36309,70.916016,0.008428017
MODEL-LEVEL EVIDENCE - ideal DoF - NOT WAN measurement,8192,512,2,static-8to1,ge-short-1.089pct,11,1010,8,512,69140,135.039062,362,866624,1692.625000,3723,0.981908943,-216358,-422.574219,0.999996627,344009,671.892578,1033,-294293,-574.791016,2578765,5036.650391,294357,574.916016,0.064464621
MODEL-LEVEL EVIDENCE - ideal DoF - NOT WAN measurement,8192,512,2,static-8to1,ge-long-1.089pct,11,1010,1,8,38196,74.601562,239,41908,81.851562,269,0.998260371,38981,76.134766,0.999999205,4097,8.001953,14,-4104,-8.015625,4010,7.832031,4025,7.861328,0.000947902
MODEL-LEVEL EVIDENCE - ideal DoF - NOT WAN measurement,8192,512,2,static-8to1,ge-long-1.089pct,11,1010,1,64,38196,74.601562,239,41908,81.851562,269,0.998260371,6725,13.134766,0.999999205,35913,70.142578,126,-36651,-71.583984,36111,70.529297,36281,70.861328,0.008479891
MODEL-LEVEL EVIDENCE - ideal DoF - NOT WAN measurement,8192,512,2,static-8to1,ge-long-1.089pct,11,1010,1,512,38196,74.601562,239,41908,81.851562,269,0.998260371,-251323,-490.865234,0.999999205,284573,555.806641,1023,-295050,-576.269531,291497,569.330078,294329,574.861328,0.064879865
MODEL-LEVEL EVIDENCE - ideal DoF - NOT WAN measurement,8192,512,2,static-8to1,ge-long-1.089pct,11,1010,3,8,113096,220.890625,1631,534138,1043.238281,5876,0.988439206,123241,240.705078,0.999999733,4338,8.472656,15,-4238,-8.277344,169357,330.775391,4036,7.882812,0.000938907
MODEL-LEVEL EVIDENCE - ideal DoF - NOT WAN measurement,8192,512,2,static-8to1,ge-long-1.089pct,11,1010,3,64,113096,220.890625,1631,534138,1043.238281,5876,0.988439206,90985,177.705078,0.999999733,38587,75.365234,127,-37046,-72.355469,265534,518.621094,36292,70.882812,0.008379839
MODEL-LEVEL EVIDENCE - ideal DoF - NOT WAN measurement,8192,512,2,static-8to1,ge-long-1.089pct,11,1010,3,512,113096,220.890625,1631,534138,1043.238281,5876,0.988439206,-167063,-326.294922,0.999999733,314160,613.593750,1028,-295104,-576.375000,1030261,2012.228516,294340,574.882812,0.064141468
MODEL-LEVEL EVIDENCE - ideal DoF - NOT WAN measurement,8192,512,2,static-8to1,ge-long-1.089pct,11,1010,8,8,248717,485.775391,2315,3136731,6126.427734,22786,0.989330059,275859,538.787109,0.999999885,5003,9.771484,15,-4353,-8.501953,957808,1870.718750,4039,7.888672,0.000925827
MODEL-LEVEL EVIDENCE - ideal DoF - NOT WAN measurement,8192,512,2,static-8to1,ge-long-1.089pct,11,1010,8,64,248717,485.775391,2315,3136731,6126.427734,22786,0.989330059,243603,475.787109,0.999999885,42975,83.935547,127,-37779,-73.787109,1213423,2369.966797,36295,70.888672,0.008258543
MODEL-LEVEL EVIDENCE - ideal DoF - NOT WAN measurement,8192,512,2,static-8to1,ge-long-1.089pct,11,1010,8,512,248717,485.775391,2315,3136731,6126.427734,22786,0.989330059,-14445,-28.212891,0.999999885,341112,666.234375,1048,-297553,-581.158203,3255926,6359.230469,294343,574.888672,0.063260240
MODEL-LEVEL EVIDENCE - ideal DoF - NOT WAN measurement,8192,512,2,periodic-fast-slow-alternation,none,0,1,1,8,89088,174.000000,174,100352,196.000000,196,,96256,188.000000,,0,0.000000,0,-4096,-8.000000,4096,8.000000,4096,8.000000,0.000975610
MODEL-LEVEL EVIDENCE - ideal DoF - NOT WAN measurement,8192,512,2,periodic-fast-slow-alternation,none,0,1,1,64,89088,174.000000,174,100352,196.000000,196,,64000,125.000000,,0,0.000000,0,-36352,-71.000000,36352,71.000000,36352,71.000000,0.008592521
MODEL-LEVEL EVIDENCE - ideal DoF - NOT WAN measurement,8192,512,2,periodic-fast-slow-alternation,none,0,1,1,512,89088,174.000000,174,100352,196.000000,196,,-194048,-379.000000,,0,0.000000,0,-294400,-575.000000,294400,575.000000,294400,575.000000,0.065586860
MODEL-LEVEL EVIDENCE - ideal DoF - NOT WAN measurement,8192,512,2,periodic-fast-slow-alternation,none,0,1,3,8,89088,174.000000,174,301056,588.000000,588,,96256,188.000000,,0,0.000000,0,-4096,-8.000000,12288,24.000000,4096,8.000000,0.000975610
MODEL-LEVEL EVIDENCE - ideal DoF - NOT WAN measurement,8192,512,2,periodic-fast-slow-alternation,none,0,1,3,64,89088,174.000000,174,301056,588.000000,588,,64000,125.000000,,0,0.000000,0,-36352,-71.000000,109056,213.000000,36352,71.000000,0.008592521
MODEL-LEVEL EVIDENCE - ideal DoF - NOT WAN measurement,8192,512,2,periodic-fast-slow-alternation,none,0,1,3,512,89088,174.000000,174,301056,588.000000,588,,-194048,-379.000000,,0,0.000000,0,-294400,-575.000000,883200,1725.000000,294400,575.000000,0.065586860
MODEL-LEVEL EVIDENCE - ideal DoF - NOT WAN measurement,8192,512,2,periodic-fast-slow-alternation,none,0,1,8,8,89088,174.000000,174,802816,1568.000000,1568,,96256,188.000000,,0,0.000000,0,-4096,-8.000000,32768,64.000000,4096,8.000000,0.000975610
MODEL-LEVEL EVIDENCE - ideal DoF - NOT WAN measurement,8192,512,2,periodic-fast-slow-alternation,none,0,1,8,64,89088,174.000000,174,802816,1568.000000,1568,,64000,125.000000,,0,0.000000,0,-36352,-71.000000,290816,568.000000,36352,71.000000,0.008592521
MODEL-LEVEL EVIDENCE - ideal DoF - NOT WAN measurement,8192,512,2,periodic-fast-slow-alternation,none,0,1,8,512,89088,174.000000,174,802816,1568.000000,1568,,-194048,-379.000000,,0,0.000000,0,-294400,-575.000000,2355200,4600.000000,294400,575.000000,0.065586860
MODEL-LEVEL EVIDENCE - ideal DoF - NOT WAN measurement,8192,512,2,periodic-fast-slow-alternation,bec-0.5pct,5,1000,1,8,80789,157.791016,164,90459,176.677734,184,0.974608900,86898,169.722656,0.996273951,4324,8.445312,15,-4030,-7.871094,4014,7.839844,4038,7.886719,0.000956992
MODEL-LEVEL EVIDENCE - ideal DoF - NOT WAN measurement,8192,512,2,periodic-fast-slow-alternation,bec-0.5pct,5,1000,1,64,80789,157.791016,164,90459,176.677734,184,0.974608900,54642,106.722656,0.996273951,37799,73.826172,127,-36302,-70.902344,36112,70.531250,36294,70.886719,0.008536296
MODEL-LEVEL EVIDENCE - ideal DoF - NOT WAN measurement,8192,512,2,periodic-fast-slow-alternation,bec-0.5pct,5,1000,1,512,80789,157.791016,164,90459,176.677734,184,0.974608900,-203406,-397.277344,0.996273951,313836,612.960938,1023,-294328,-574.859375,292807,571.888672,294342,574.886719,0.065267558
MODEL-LEVEL EVIDENCE - ideal DoF - NOT WAN measurement,8192,512,2,periodic-fast-slow-alternation,bec-0.5pct,5,1000,3,8,80239,156.716797,163,278196,543.351562,564,0.680853790,86257,168.470703,0.995271513,4485,8.759766,15,-4030,-7.871094,20706,40.441406,4034,7.878906,0.000955399
MODEL-LEVEL EVIDENCE - ideal DoF - NOT WAN measurement,8192,512,2,periodic-fast-slow-alternation,bec-0.5pct,5,1000,3,64,80239,156.716797,163,278196,543.351562,564,0.680853790,54001,105.470703,0.995271513,39629,77.400391,127,-36305,-70.908203,117012,228.539062,36290,70.878906,0.008529644
MODEL-LEVEL EVIDENCE - ideal DoF - NOT WAN measurement,8192,512,2,periodic-fast-slow-alternation,bec-0.5pct,5,1000,3,512,80239,156.716797,163,278196,543.351562,564,0.680853790,-204047,-398.529297,0.995271513,320464,625.906250,1023,-294352,-574.906250,887201,1732.814453,294338,574.878906,0.065225494
MODEL-LEVEL EVIDENCE - ideal DoF - NOT WAN measurement,8192,512,2,periodic-fast-slow-alternation,bec-0.5pct,5,1000,8,8,80006,156.261719,162,754971,1474.552734,1522,0.572250170,86011,167.990234,0.994865751,4608,9.000000,15,-4044,-7.898438,70352,137.406250,4036,7.882812,0.000955443
MODEL-LEVEL EVIDENCE - ideal DoF - NOT WAN measurement,8192,512,2,periodic-fast-slow-alternation,bec-0.5pct,5,1000,8,64,80006,156.261719,162,754971,1474.552734,1522,0.572250170,53755,104.990234,0.994865751,39347,76.849609,127,-36327,-70.951172,327110,638.886719,36292,70.882812,0.008526302
MODEL-LEVEL EVIDENCE - ideal DoF - NOT WAN measurement,8192,512,2,periodic-fast-slow-alternation,bec-0.5pct,5,1000,8,512,80006,156.261719,162,754971,1474.552734,1522,0.572250170,-204293,-399.009766,0.994865751,325557,635.853516,1023,-294365,-574.931641,2381000,4650.390625,294340,574.882812,0.065198457
MODEL-LEVEL EVIDENCE - ideal DoF - NOT WAN measurement,8192,512,2,periodic-fast-slow-alternation,bec-2.0pct,2,100,1,8,55583,108.560547,123,61358,119.839844,135,0.987087762,58517,114.291016,0.999087743,7365,14.384766,22,-4042,-7.894531,3962,7.738281,4040,7.890625,0.000942956
MODEL-LEVEL EVIDENCE - ideal DoF - NOT WAN measurement,8192,512,2,periodic-fast-slow-alternation,bec-2.0pct,2,100,1,64,55583,108.560547,123,61358,119.839844,135,0.987087762,26261,51.291016,0.999087743,65990,128.886719,190,-36340,-70.976562,35598,69.527344,36296,70.890625,0.008408362
MODEL-LEVEL EVIDENCE - ideal DoF - NOT WAN measurement,8192,512,2,periodic-fast-slow-alternation,bec-2.0pct,2,100,1,512,55583,108.560547,123,61358,119.839844,135,0.987087762,-231787,-452.708984,0.999087743,525759,1026.873047,1532,-294475,-575.146484,288584,563.640625,294344,574.890625,0.064341663
MODEL-LEVEL EVIDENCE - ideal DoF - NOT WAN measurement,8192,512,2,periodic-fast-slow-alternation,bec-2.0pct,2,100,3,8,54603,106.646484,119,197837,386.400391,426,0.668275593,57425,112.158203,0.998818438,7343,14.341797,21,-4056,-7.921875,28943,56.529297,4039,7.888672,0.000941500
MODEL-LEVEL EVIDENCE - ideal DoF - NOT WAN measurement,8192,512,2,periodic-fast-slow-alternation,bec-2.0pct,2,100,3,64,54603,106.646484,119,197837,386.400391,426,0.668275593,25169,49.158203,0.998818438,66130,129.160156,190,-36380,-71.054688,123795,241.787109,36295,70.888672,0.008397307
MODEL-LEVEL EVIDENCE - ideal DoF - NOT WAN measurement,8192,512,2,periodic-fast-slow-alternation,bec-2.0pct,2,100,3,512,54603,106.646484,119,197837,386.400391,426,0.668275593,-232879,-454.841797,0.998818438,539591,1053.888672,1534,-294431,-575.060547,882598,1723.824219,294343,574.888672,0.064263284
MODEL-LEVEL EVIDENCE - ideal DoF - NOT WAN measurement,8192,512,2,periodic-fast-slow-alternation,bec-2.0pct,2,100,8,8,53876,105.226562,116,551946,1078.019531,1159,0.544410694,56610,110.566406,0.998419980,7408,14.468750,21,-4036,-7.882812,107937,210.814453,4032,7.875000,0.000939016
MODEL-LEVEL EVIDENCE - ideal DoF - NOT WAN measurement,8192,512,2,periodic-fast-slow-alternation,bec-2.0pct,2,100,8,64,53876,105.226562,116,551946,1078.019531,1159,0.544410694,24354,47.566406,0.998419980,66764,130.398438,190,-36373,-71.041016,360943,704.966797,36288,70.875000,0.008388132
MODEL-LEVEL EVIDENCE - ideal DoF - NOT WAN measurement,8192,512,2,periodic-fast-slow-alternation,bec-2.0pct,2,100,8,512,53876,105.226562,116,551946,1078.019531,1159,0.544410694,-233694,-456.433594,0.998419980,545726,1065.871094,1534,-294435,-575.068359,2384137,4656.517578,294336,574.875000,0.064207183
MODEL-LEVEL EVIDENCE - ideal DoF - NOT WAN measurement,8192,512,2,periodic-fast-slow-alternation,ge-short-1.089pct,11,1010,1,8,71839,140.310547,173,79960,156.171875,194,0.982566626,76810,150.019531,0.999888941,4319,8.435547,15,-4055,-7.919922,4008,7.828125,4034,7.878906,0.000950343
MODEL-LEVEL EVIDENCE - ideal DoF - NOT WAN measurement,8192,512,2,periodic-fast-slow-alternation,ge-short-1.089pct,11,1010,1,64,71839,140.310547,173,79960,156.171875,194,0.982566626,44554,87.019531,0.999888941,37627,73.490234,129,-36348,-70.992188,35935,70.185547,36290,70.878906,0.008484840
MODEL-LEVEL EVIDENCE - ideal DoF - NOT WAN measurement,8192,512,2,periodic-fast-slow-alternation,ge-short-1.089pct,11,1010,1,512,71839,140.310547,173,79960,156.171875,194,0.982566626,-213494,-416.980469,0.999888941,305212,596.117188,1027,-294249,-574.705078,291238,568.824219,294338,574.878906,0.064902379
MODEL-LEVEL EVIDENCE - ideal DoF - NOT WAN measurement,8192,512,2,periodic-fast-slow-alternation,ge-short-1.089pct,11,1010,3,8,68007,132.826172,172,277853,542.681641,669,0.740463712,72510,141.621094,0.999906296,4624,9.031250,15,-4073,-7.955078,62920,122.890625,4036,7.882812,0.000946924
MODEL-LEVEL EVIDENCE - ideal DoF - NOT WAN measurement,8192,512,2,periodic-fast-slow-alternation,ge-short-1.089pct,11,1010,3,64,68007,132.826172,172,277853,542.681641,669,0.740463712,40254,78.621094,0.999906296,40697,79.486328,130,-36364,-71.023438,158438,309.449219,36292,70.882812,0.008450852
MODEL-LEVEL EVIDENCE - ideal DoF - NOT WAN measurement,8192,512,2,periodic-fast-slow-alternation,ge-short-1.089pct,11,1010,3,512,68007,132.826172,172,277853,542.681641,669,0.740463712,-217794,-425.378906,0.999906296,327645,639.931641,1035,-294319,-574.841797,924432,1805.531250,294340,574.882812,0.064654216
MODEL-LEVEL EVIDENCE - ideal DoF - NOT WAN measurement,8192,512,2,periodic-fast-slow-alternation,ge-short-1.089pct,11,1010,8,8,66375,129.638672,171,837415,1635.576172,1987,0.598496702,70663,138.013672,0.999913644,4694,9.167969,15,-4078,-7.964844,278000,542.968750,4035,7.880859,0.000943674
MODEL-LEVEL EVIDENCE - ideal DoF - NOT WAN measurement,8192,512,2,periodic-fast-slow-alternation,ge-short-1.089pct,11,1010,8,64,66375,129.638672,171,837415,1635.576172,1987,0.598496702,38407,75.013672,0.999913644,42022,82.074219,129,-36430,-71.152344,533257,1041.517578,36291,70.880859,0.008423909
MODEL-LEVEL EVIDENCE - ideal DoF - NOT WAN measurement,8192,512,2,periodic-fast-slow-alternation,ge-short-1.089pct,11,1010,8,512,66375,129.638672,171,837415,1635.576172,1987,0.598496702,-219641,-428.986328,0.999913644,341780,667.539062,1034,-294512,-575.218750,2575968,5031.187500,294339,574.880859,0.064461187
MODEL-LEVEL EVIDENCE - ideal DoF - NOT WAN measurement,8192,512,2,periodic-fast-slow-alternation,ge-long-1.089pct,11,1010,1,8,87805,171.494141,267,96725,188.916016,293,0.954917695,94772,185.101562,0.999993558,4571,8.927734,14,-3965,-7.744141,4016,7.843750,4032,7.875000,0.000949916
MODEL-LEVEL EVIDENCE - ideal DoF - NOT WAN measurement,8192,512,2,periodic-fast-slow-alternation,ge-long-1.089pct,11,1010,1,64,87805,171.494141,267,96725,188.916016,293,0.954917695,62516,122.101562,0.999993558,35816,69.953125,127,-36334,-70.964844,35973,70.259766,36288,70.875000,0.008484763
MODEL-LEVEL EVIDENCE - ideal DoF - NOT WAN measurement,8192,512,2,periodic-fast-slow-alternation,ge-long-1.089pct,11,1010,1,512,87805,171.494141,267,96725,188.916016,293,0.954917695,-195532,-381.898438,0.999993558,289589,565.603516,1023,-294009,-574.236328,291332,569.007812,294336,574.875000,0.064904757
MODEL-LEVEL EVIDENCE - ideal DoF - NOT WAN measurement,8192,512,2,periodic-fast-slow-alternation,ge-long-1.089pct,11,1010,3,8,97283,190.005859,434,478233,934.048828,2084,0.899159828,105415,205.888672,0.999996184,5007,9.779297,15,-4158,-8.121094,167026,326.222656,4044,7.898438,0.000941232
MODEL-LEVEL EVIDENCE - ideal DoF - NOT WAN measurement,8192,512,2,periodic-fast-slow-alternation,ge-long-1.089pct,11,1010,3,64,97283,190.005859,434,478233,934.048828,2084,0.899159828,73159,142.888672,0.999996184,39900,77.929688,127,-36913,-72.095703,262926,513.527344,36300,70.898438,0.008385787
MODEL-LEVEL EVIDENCE - ideal DoF - NOT WAN measurement,8192,512,2,periodic-fast-slow-alternation,ge-long-1.089pct,11,1010,3,512,97283,190.005859,434,478233,934.048828,2084,0.899159828,-184889,-361.111328,0.999996184,311460,608.320312,1024,-295269,-576.697266,1029871,2011.466797,294348,574.898438,0.064172830
MODEL-LEVEL EVIDENCE - ideal DoF - NOT WAN measurement,8192,512,2,periodic-fast-slow-alternation,ge-long-1.089pct,11,1010,8,8,134561,262.814453,471,2097363,4096.412109,7759,0.903712207,147385,287.861328,0.999997186,5527,10.794922,15,-4206,-8.214844,932086,1820.480469,4034,7.878906,0.000925361
MODEL-LEVEL EVIDENCE - ideal DoF - NOT WAN measurement,8192,512,2,periodic-fast-slow-alternation,ge-long-1.089pct,11,1010,8,64,134561,262.814453,471,2097363,4096.412109,7759,0.903712207,115129,224.861328,0.999997186,42753,83.501953,127,-37393,-73.033203,1188107,2320.521484,36290,70.878906,0.008263433
MODEL-LEVEL EVIDENCE - ideal DoF - NOT WAN measurement,8192,512,2,periodic-fast-slow-alternation,ge-long-1.089pct,11,1010,8,512,134561,262.814453,471,2097363,4096.412109,7759,0.903712207,-142919,-279.138672,0.999997186,341659,667.302734,1054,-296370,-578.847656,3231401,6311.330078,294338,574.878906,0.063302783
MODEL-LEVEL EVIDENCE - ideal DoF - NOT WAN measurement,8192,512,2,seeded-bounded-random-walk,none,0,1,1,8,664695,1298.232422,3885,715721,1397.892578,3567,0.914984653,711334,1389.324219,0.915458500,0,0.000000,0,-4387,-8.568359,4387,8.568359,4387,8.568359,0.001044849
MODEL-LEVEL EVIDENCE - ideal DoF - NOT WAN measurement,8192,512,2,seeded-bounded-random-walk,none,0,1,1,64,664695,1298.232422,3885,715721,1397.892578,3567,0.914984653,675414,1319.167969,0.918712684,0,0.000000,0,-40307,-78.724609,40307,78.724609,40307,78.724609,0.009518466
MODEL-LEVEL EVIDENCE - ideal DoF - NOT WAN measurement,8192,512,2,seeded-bounded-random-walk,none,0,1,1,512,664695,1298.232422,3885,715721,1397.892578,3567,0.914984653,393749,769.041016,0.943253312,0,0.000000,0,-321972,-628.851562,321972,628.851562,321972,628.851562,0.071291480
MODEL-LEVEL EVIDENCE - ideal DoF - NOT WAN measurement,8192,512,2,seeded-bounded-random-walk,none,0,1,3,8,664695,1298.232422,3885,2147163,4193.677734,10701,0.914984653,711334,1389.324219,0.915458500,0,0.000000,0,-4387,-8.568359,13161,25.705078,4387,8.568359,0.001044849
MODEL-LEVEL EVIDENCE - ideal DoF - NOT WAN measurement,8192,512,2,seeded-bounded-random-walk,none,0,1,3,64,664695,1298.232422,3885,2147163,4193.677734,10701,0.914984653,675414,1319.167969,0.918712684,0,0.000000,0,-40307,-78.724609,120921,236.173828,40307,78.724609,0.009518466
MODEL-LEVEL EVIDENCE - ideal DoF - NOT WAN measurement,8192,512,2,seeded-bounded-random-walk,none,0,1,3,512,664695,1298.232422,3885,2147163,4193.677734,10701,0.914984653,393749,769.041016,0.943253312,0,0.000000,0,-321972,-628.851562,965916,1886.554688,321972,628.851562,0.071291480
MODEL-LEVEL EVIDENCE - ideal DoF - NOT WAN measurement,8192,512,2,seeded-bounded-random-walk,none,0,1,8,8,664695,1298.232422,3885,5725768,11183.140625,28536,0.914984653,711334,1389.324219,0.915458500,0,0.000000,0,-4387,-8.568359,35096,68.546875,4387,8.568359,0.001044849
MODEL-LEVEL EVIDENCE - ideal DoF - NOT WAN measurement,8192,512,2,seeded-bounded-random-walk,none,0,1,8,64,664695,1298.232422,3885,5725768,11183.140625,28536,0.914984653,675414,1319.167969,0.918712684,0,0.000000,0,-40307,-78.724609,322456,629.796875,40307,78.724609,0.009518466
MODEL-LEVEL EVIDENCE - ideal DoF - NOT WAN measurement,8192,512,2,seeded-bounded-random-walk,none,0,1,8,512,664695,1298.232422,3885,5725768,11183.140625,28536,0.914984653,393749,769.041016,0.943253312,0,0.000000,0,-321972,-628.851562,2575776,5030.812500,321972,628.851562,0.071291480
MODEL-LEVEL EVIDENCE - ideal DoF - NOT WAN measurement,8192,512,2,seeded-bounded-random-walk,bec-0.5pct,5,1000,1,8,650091,1269.708984,3599,722194,1410.535156,3658,0.924441581,721431,1409.044922,0.924938533,4156,8.117188,15,-4472,-8.734375,4446,8.683594,4473,8.736328,0.001059967
MODEL-LEVEL EVIDENCE - ideal DoF - NOT WAN measurement,8192,512,2,seeded-bounded-random-walk,bec-0.5pct,5,1000,1,64,650091,1269.708984,3599,722194,1410.535156,3658,0.924441581,685350,1338.574219,0.928677879,39500,77.148438,129,-40533,-79.166016,40321,78.751953,40554,79.207031,0.009528609
MODEL-LEVEL EVIDENCE - ideal DoF - NOT WAN measurement,8192,512,2,seeded-bounded-random-walk,bec-0.5pct,5,1000,1,512,650091,1269.708984,3599,722194,1410.535156,3658,0.924441581,403842,788.753906,0.952694879,313703,612.701172,1030,-322058,-629.019531,320413,625.806641,322062,629.027344,0.070977335
MODEL-LEVEL EVIDENCE - ideal DoF - NOT WAN measurement,8192,512,2,seeded-bounded-random-walk,bec-0.5pct,5,1000,3,8,650992,1271.468750,3594,2178629,4255.134766,10982,0.924101809,722602,1411.332031,0.924643086,4330,8.457031,15,-4470,-8.730469,21838,42.652344,4475,8.740234,0.001059724
MODEL-LEVEL EVIDENCE - ideal DoF - NOT WAN measurement,8192,512,2,seeded-bounded-random-walk,bec-0.5pct,5,1000,3,64,650992,1271.468750,3594,2178629,4255.134766,10982,0.924101809,686520,1340.859375,0.928391186,39816,77.765625,129,-40558,-79.214844,129540,253.007812,40557,79.212891,0.009522924
MODEL-LEVEL EVIDENCE - ideal DoF - NOT WAN measurement,8192,512,2,seeded-bounded-random-walk,bec-0.5pct,5,1000,3,512,650992,1271.468750,3594,2178629,4255.134766,10982,0.924101809,404970,790.957031,0.952538550,324127,633.060547,1032,-322107,-629.115234,969929,1894.392578,322107,629.115234,0.070941944
MODEL-LEVEL EVIDENCE - ideal DoF - NOT WAN measurement,8192,512,2,seeded-bounded-random-walk,bec-0.5pct,5,1000,8,8,651678,1272.808594,3594,5834156,11394.835938,29347,0.924274895,723625,1413.330078,0.924759760,4305,8.408203,15,-4485,-8.759766,74266,145.050781,4486,8.761719,0.001061829
MODEL-LEVEL EVIDENCE - ideal DoF - NOT WAN measurement,8192,512,2,seeded-bounded-random-walk,bec-0.5pct,5,1000,8,64,651678,1272.808594,3594,5834156,11394.835938,29347,0.924274895,687568,1342.906250,0.928512692,40964,80.007812,131,-40526,-79.152344,361257,705.580078,40543,79.185547,0.009515251
MODEL-LEVEL EVIDENCE - ideal DoF - NOT WAN measurement,8192,512,2,seeded-bounded-random-walk,bec-0.5pct,5,1000,8,512,651678,1272.808594,3594,5834156,11394.835938,29347,0.924274895,405965,792.900391,0.952586602,324239,633.279297,1035,-322139,-629.177734,2602782,5083.558594,322146,629.191406,0.070919044
MODEL-LEVEL EVIDENCE - ideal DoF - NOT WAN measurement,8192,512,2,seeded-bounded-random-walk,bec-2.0pct,2,100,1,8,661058,1291.128906,3581,723599,1413.279297,3742,0.924413824,733860,1433.320312,0.925049509,7076,13.820312,20,-4565,-8.916016,4458,8.707031,4537,8.861328,0.001059086
MODEL-LEVEL EVIDENCE - ideal DoF - NOT WAN measurement,8192,512,2,seeded-bounded-random-walk,bec-2.0pct,2,100,1,64,661058,1291.128906,3581,723599,1413.279297,3742,0.924413824,697372,1362.054688,0.928570383,66339,129.568359,186,-40985,-80.048828,40124,78.367188,41025,80.126953,0.009495717
MODEL-LEVEL EVIDENCE - ideal DoF - NOT WAN measurement,8192,512,2,seeded-bounded-random-walk,bec-2.0pct,2,100,1,512,661058,1291.128906,3581,723599,1413.279297,3742,0.924413824,414692,809.945312,0.949726778,534497,1043.939453,1518,-323759,-632.341797,317185,619.501953,323705,632.236328,0.070324040
MODEL-LEVEL EVIDENCE - ideal DoF - NOT WAN measurement,8192,512,2,seeded-bounded-random-walk,bec-2.0pct,2,100,3,8,664840,1298.515625,3584,2198287,4293.529297,11239,0.924345694,737452,1440.335938,0.924883545,7212,14.085938,21,-4566,-8.917969,30523,59.615234,4540,8.867188,0.001058221
MODEL-LEVEL EVIDENCE - ideal DoF - NOT WAN measurement,8192,512,2,seeded-bounded-random-walk,bec-2.0pct,2,100,3,64,664840,1298.515625,3584,2198287,4293.529297,11239,0.924345694,700925,1368.994141,0.928411102,66603,130.083984,182,-41055,-80.185547,137883,269.302734,41067,80.208984,0.009491424
MODEL-LEVEL EVIDENCE - ideal DoF - NOT WAN measurement,8192,512,2,seeded-bounded-random-walk,bec-2.0pct,2,100,3,512,664840,1298.515625,3584,2198287,4293.529297,11239,0.924345694,418544,817.468750,0.949573101,545798,1066.011719,1534,-323482,-631.800781,968022,1890.667969,323448,631.734375,0.070175515
MODEL-LEVEL EVIDENCE - ideal DoF - NOT WAN measurement,8192,512,2,seeded-bounded-random-walk,bec-2.0pct,2,100,8,8,666803,1302.349609,3593,5908511,11540.060547,30054,0.924231227,739460,1444.257812,0.924735852,7331,14.318359,22,-4534,-8.855469,111807,218.373047,4527,8.841797,0.001054197
MODEL-LEVEL EVIDENCE - ideal DoF - NOT WAN measurement,8192,512,2,seeded-bounded-random-walk,bec-2.0pct,2,100,8,64,666803,1302.349609,3593,5908511,11540.060547,30054,0.924231227,702904,1372.859375,0.928276440,66853,130.572266,184,-41077,-80.228516,398472,778.265625,41083,80.240234,0.009486192
MODEL-LEVEL EVIDENCE - ideal DoF - NOT WAN measurement,8192,512,2,seeded-bounded-random-walk,bec-2.0pct,2,100,8,512,666803,1302.349609,3593,5908511,11540.060547,30054,0.924231227,420596,821.476562,0.949438710,540805,1056.259766,1511,-323494,-631.824219,2611717,5101.009766,323391,631.623047,0.070102310
MODEL-LEVEL EVIDENCE - ideal DoF - NOT WAN measurement,8192,512,2,seeded-bounded-random-walk,ge-short-1.089pct,11,1010,1,8,585581,1143.712891,3164,670105,1308.798828,3423,0.938355542,673000,1314.453125,0.938715805,4053,7.916016,15,-4625,-9.033203,4550,8.886719,4574,8.933594,0.001077579
MODEL-LEVEL EVIDENCE - ideal DoF - NOT WAN measurement,8192,512,2,seeded-bounded-random-walk,ge-short-1.089pct,11,1010,1,64,585581,1143.712891,3164,670105,1308.798828,3423,0.938355542,636439,1243.044922,0.941954868,38014,74.246094,133,-41317,-80.697266,40786,79.660156,41135,80.341797,0.009608153
MODEL-LEVEL EVIDENCE - ideal DoF - NOT WAN measurement,8192,512,2,seeded-bounded-random-walk,ge-short-1.089pct,11,1010,1,512,585581,1143.712891,3164,670105,1308.798828,3423,0.938355542,352226,687.941406,0.961055730,314280,613.828125,1042,-325336,-635.421875,321808,628.531250,325348,635.445312,0.071262715
MODEL-LEVEL EVIDENCE - ideal DoF - NOT WAN measurement,8192,512,2,seeded-bounded-random-walk,ge-short-1.089pct,11,1010,3,8,592702,1157.621094,3131,2087317,4076.791016,10522,0.937718715,680881,1329.845703,0.937896310,4528,8.843750,15,-4583,-8.951172,67059,130.974609,4553,8.892578,0.001067846
MODEL-LEVEL EVIDENCE - ideal DoF - NOT WAN measurement,8192,512,2,seeded-bounded-random-walk,ge-short-1.089pct,11,1010,3,64,592702,1157.621094,3131,2087317,4076.791016,10522,0.937718715,644479,1258.748047,0.941202974,40629,79.353516,135,-41100,-80.273438,175325,342.431641,40955,79.990234,0.009524140
MODEL-LEVEL EVIDENCE - ideal DoF - NOT WAN measurement,8192,512,2,seeded-bounded-random-walk,ge-short-1.089pct,11,1010,3,512,592702,1157.621094,3131,2087317,4076.791016,10522,0.937718715,359901,702.931641,0.960437923,337384,658.953125,1060,-325346,-635.441406,1019359,1990.935547,325533,635.806641,0.071004148
MODEL-LEVEL EVIDENCE - ideal DoF - NOT WAN measurement,8192,512,2,seeded-bounded-random-walk,ge-short-1.089pct,11,1010,8,8,601008,1173.843750,3150,5746547,11223.724609,27966,0.935817909,690287,1348.216797,0.936651192,4664,9.109375,16,-4570,-8.925781,285053,556.744141,4545,8.876953,0.001062755
MODEL-LEVEL EVIDENCE - ideal DoF - NOT WAN measurement,8192,512,2,seeded-bounded-random-walk,ge-short-1.089pct,11,1010,8,64,601008,1173.843750,3150,5746547,11223.724609,27966,0.935817909,653947,1277.240234,0.940020865,43534,85.027344,139,-40908,-79.898438,572875,1118.896484,40885,79.853516,0.009479566
MODEL-LEVEL EVIDENCE - ideal DoF - NOT WAN measurement,8192,512,2,seeded-bounded-random-walk,ge-short-1.089pct,11,1010,8,512,601008,1173.843750,3150,5746547,11223.724609,27966,0.935817909,369379,721.443359,0.959439400,354770,692.910156,1080,-325279,-635.310547,2824546,5516.691406,325453,635.650391,0.070788678
MODEL-LEVEL EVIDENCE - ideal DoF - NOT WAN measurement,8192,512,2,seeded-bounded-random-walk,ge-long-1.089pct,11,1010,1,8,660145,1289.345703,3754,736220,1437.929688,3790,0.935366008,739511,1444.357422,0.936153609,3822,7.464844,14,-4472,-8.734375,4436,8.664062,4453,8.697266,0.001049253
MODEL-LEVEL EVIDENCE - ideal DoF - NOT WAN measurement,8192,512,2,seeded-bounded-random-walk,ge-long-1.089pct,11,1010,1,64,660145,1289.345703,3754,736220,1437.929688,3790,0.935366008,703489,1374.001953,0.938796647,36311,70.919922,128,-40529,-79.158203,40289,78.689453,40475,79.052734,0.009456789
MODEL-LEVEL EVIDENCE - ideal DoF - NOT WAN measurement,8192,512,2,seeded-bounded-random-walk,ge-long-1.089pct,11,1010,1,512,660145,1289.345703,3754,736220,1437.929688,3790,0.935366008,420117,820.541016,0.956383021,288463,563.404297,1032,-323614,-632.058594,320547,626.068359,323847,632.513672,0.070966694
MODEL-LEVEL EVIDENCE - ideal DoF - NOT WAN measurement,8192,512,2,seeded-bounded-random-walk,ge-long-1.089pct,11,1010,3,8,681224,1330.515625,3728,2441062,4767.699219,11916,0.930113872,763602,1491.410156,0.932970347,5698,11.128906,16,-4408,-8.609375,175292,342.367188,4495,8.779297,0.001044668
MODEL-LEVEL EVIDENCE - ideal DoF - NOT WAN measurement,8192,512,2,seeded-bounded-random-walk,ge-long-1.089pct,11,1010,3,64,681224,1330.515625,3728,2441062,4767.699219,11916,0.930113872,727425,1420.751953,0.935919568,40920,79.921875,140,-40972,-80.023438,283164,553.054688,40672,79.437500,0.009373632
MODEL-LEVEL EVIDENCE - ideal DoF - NOT WAN measurement,8192,512,2,seeded-bounded-random-walk,ge-long-1.089pct,11,1010,3,512,681224,1330.515625,3728,2441062,4767.699219,11916,0.930113872,443282,865.785156,0.955341263,316258,617.691406,1075,-325339,-635.427734,1127767,2202.669922,324815,634.404297,0.070258784
MODEL-LEVEL EVIDENCE - ideal DoF - NOT WAN measurement,8192,512,2,seeded-bounded-random-walk,ge-long-1.089pct,11,1010,8,8,715300,1397.070312,3925,7326009,14308.611328,34652,0.926186947,805882,1573.988281,0.931243051,5253,10.259766,16,-4542,-8.871094,942596,1841.007812,4506,8.800781,0.001033567
MODEL-LEVEL EVIDENCE - ideal DoF - NOT WAN measurement,8192,512,2,seeded-bounded-random-walk,ge-long-1.089pct,11,1010,8,64,715300,1397.070312,3925,7326009,14308.611328,34652,0.926186947,769512,1502.953125,0.934425933,45673,89.205078,156,-41257,-80.580078,1230862,2404.027344,40876,79.835938,0.009298388
MODEL-LEVEL EVIDENCE - ideal DoF - NOT WAN measurement,8192,512,2,seeded-bounded-random-walk,ge-long-1.089pct,11,1010,8,512,715300,1397.070312,3925,7326009,14308.611328,34652,0.926186947,483858,945.035156,0.954596224,344817,673.470703,1122,-327466,-639.582031,3494698,6825.582031,326530,637.753906,0.069746256
MODEL-LEVEL EVIDENCE - ideal DoF - NOT WAN measurement,8192,512,4,static-1to1,none,0,1,1,8,0,0.000000,0,0,0.000000,0,,-14336,-28.000000,,0,0.000000,0,-14336,-28.000000,14336,28.000000,14336,28.000000,0.003406326
MODEL-LEVEL EVIDENCE - ideal DoF - NOT WAN measurement,8192,512,4,static-1to1,none,0,1,1,64,0,0.000000,0,0,0.000000,0,,-129024,-252.000000,,0,0.000000,0,-129024,-252.000000,129024,252.000000,129024,252.000000,0.029843676
MODEL-LEVEL EVIDENCE - ideal DoF - NOT WAN measurement,8192,512,4,static-1to1,none,0,1,1,512,0,0.000000,0,0,0.000000,0,,-1046528,-2044.000000,,0,0.000000,0,-1046528,-2044.000000,1046528,2044.000000,1046528,2044.000000,0.199687378
MODEL-LEVEL EVIDENCE - ideal DoF - NOT WAN measurement,8192,512,4,static-1to1,none,0,1,3,8,0,0.000000,0,0,0.000000,0,,-14336,-28.000000,,0,0.000000,0,-14336,-28.000000,43008,84.000000,14336,28.000000,0.003406326
MODEL-LEVEL EVIDENCE - ideal DoF - NOT WAN measurement,8192,512,4,static-1to1,none,0,1,3,64,0,0.000000,0,0,0.000000,0,,-129024,-252.000000,,0,0.000000,0,-129024,-252.000000,387072,756.000000,129024,252.000000,0.029843676
MODEL-LEVEL EVIDENCE - ideal DoF - NOT WAN measurement,8192,512,4,static-1to1,none,0,1,3,512,0,0.000000,0,0,0.000000,0,,-1046528,-2044.000000,,0,0.000000,0,-1046528,-2044.000000,3139584,6132.000000,1046528,2044.000000,0.199687378
MODEL-LEVEL EVIDENCE - ideal DoF - NOT WAN measurement,8192,512,4,static-1to1,none,0,1,8,8,0,0.000000,0,0,0.000000,0,,-14336,-28.000000,,0,0.000000,0,-14336,-28.000000,114688,224.000000,14336,28.000000,0.003406326
MODEL-LEVEL EVIDENCE - ideal DoF - NOT WAN measurement,8192,512,4,static-1to1,none,0,1,8,64,0,0.000000,0,0,0.000000,0,,-129024,-252.000000,,0,0.000000,0,-129024,-252.000000,1032192,2016.000000,129024,252.000000,0.029843676
MODEL-LEVEL EVIDENCE - ideal DoF - NOT WAN measurement,8192,512,4,static-1to1,none,0,1,8,512,0,0.000000,0,0,0.000000,0,,-1046528,-2044.000000,,0,0.000000,0,-1046528,-2044.000000,8372224,16352.000000,1046528,2044.000000,0.199687378
MODEL-LEVEL EVIDENCE - ideal DoF - NOT WAN measurement,8192,512,4,static-1to1,bec-0.5pct,5,1000,1,8,1479,2.888672,6,5915,11.552734,24,0.973843682,-9148,-17.867188,0.986812910,4425,8.642578,15,-15092,-29.476562,15018,29.332031,15104,29.500000,0.003570280
MODEL-LEVEL EVIDENCE - ideal DoF - NOT WAN measurement,8192,512,4,static-1to1,bec-0.5pct,5,1000,1,64,1479,2.888672,6,5915,11.552734,24,0.973843682,-123836,-241.867188,0.986812910,37737,73.705078,127,-129811,-253.537109,129110,252.167969,129792,253.500000,0.029870422
MODEL-LEVEL EVIDENCE - ideal DoF - NOT WAN measurement,8192,512,4,static-1to1,bec-0.5pct,5,1000,1,512,1479,2.888672,6,5915,11.552734,24,0.973843682,-1041340,-2033.867188,0.986812910,312297,609.955078,1023,-1047294,-2045.496094,1041938,2035.035156,1047296,2045.500000,0.199004612
MODEL-LEVEL EVIDENCE - ideal DoF - NOT WAN measurement,8192,512,4,static-1to1,bec-0.5pct,5,1000,3,8,1889,3.689453,7,31167,60.873047,99,0.874107893,-7463,-14.576172,0.987114617,4551,8.888672,15,-15100,-29.492188,53429,104.353516,15099,29.490234,0.003566643
MODEL-LEVEL EVIDENCE - ideal DoF - NOT WAN measurement,8192,512,4,static-1to1,bec-0.5pct,5,1000,3,64,1889,3.689453,7,31167,60.873047,99,0.874107893,-122151,-238.576172,0.987114617,39263,76.685547,127,-129806,-253.527344,395723,772.896484,129787,253.490234,0.029849267
MODEL-LEVEL EVIDENCE - ideal DoF - NOT WAN measurement,8192,512,4,static-1to1,bec-0.5pct,5,1000,3,512,1889,3.689453,7,31167,60.873047,99,0.874107893,-1039655,-2030.576172,0.987114617,312287,609.935547,1023,-1047330,-2045.566406,3134327,6121.732422,1047291,2045.490234,0.198893608
MODEL-LEVEL EVIDENCE - ideal DoF - NOT WAN measurement,8192,512,4,static-1to1,bec-0.5pct,5,1000,8,8,2276,4.445312,8,111233,217.251953,320,0.853515715,-5933,-11.587891,0.987102672,4651,9.083984,15,-15089,-29.470703,158452,309.476562,15082,29.457031,0.003561019
MODEL-LEVEL EVIDENCE - ideal DoF - NOT WAN measurement,8192,512,4,static-1to1,bec-0.5pct,5,1000,8,64,2276,4.445312,8,111233,217.251953,320,0.853515715,-120621,-235.587891,0.987102672,39323,76.802734,127,-129820,-253.554688,1071373,2092.525391,129770,253.457031,0.029832239
MODEL-LEVEL EVIDENCE - ideal DoF - NOT WAN measurement,8192,512,4,static-1to1,bec-0.5pct,5,1000,8,512,2276,4.445312,8,111233,217.251953,320,0.853515715,-1038125,-2027.587891,0.987102672,318939,622.927734,1023,-1047322,-2045.550781,8374539,16356.521484,1047274,2045.457031,0.198818186
MODEL-LEVEL EVIDENCE - ideal DoF - NOT WAN measurement,8192,512,4,static-1to1,bec-2.0pct,2,100,1,8,3196,6.242188,13,12553,24.517578,51,0.992077705,-2290,-4.472656,0.996641651,7504,14.656250,22,-15087,-29.466797,14804,28.914062,15090,29.472656,0.003513607
MODEL-LEVEL EVIDENCE - ideal DoF - NOT WAN measurement,8192,512,4,static-1to1,bec-2.0pct,2,100,1,64,3196,6.242188,13,12553,24.517578,51,0.992077705,-116978,-228.472656,0.996641651,65823,128.560547,190,-129677,-253.275391,127122,248.285156,129778,253.472656,0.029431989
MODEL-LEVEL EVIDENCE - ideal DoF - NOT WAN measurement,8192,512,4,static-1to1,bec-2.0pct,2,100,1,512,3196,6.242188,13,12553,24.517578,51,0.992077705,-1034482,-2020.472656,0.996641651,535781,1046.447266,1534,-1047186,-2045.285156,1026387,2004.662109,1047282,2045.472656,0.196601641
MODEL-LEVEL EVIDENCE - ideal DoF - NOT WAN measurement,8192,512,4,static-1to1,bec-2.0pct,2,100,3,8,3887,7.591797,13,61788,120.679688,191,0.883100638,451,0.880859,0.996221718,7579,14.802734,22,-15082,-29.457031,60483,118.130859,15097,29.486328,0.003510852
MODEL-LEVEL EVIDENCE - ideal DoF - NOT WAN measurement,8192,512,4,static-1to1,bec-2.0pct,2,100,3,64,3887,7.591797,13,61788,120.679688,191,0.883100638,-114237,-223.119141,0.996221718,67151,131.154297,190,-129721,-253.361328,397510,776.386719,129785,253.486328,0.029397814
MODEL-LEVEL EVIDENCE - ideal DoF - NOT WAN measurement,8192,512,4,static-1to1,bec-2.0pct,2,100,3,512,3887,7.591797,13,61788,120.679688,191,0.883100638,-1031741,-2015.119141,0.996221718,538825,1052.392578,1535,-1047310,-2045.527344,3094747,6044.427734,1047289,2045.486328,0.196405183
MODEL-LEVEL EVIDENCE - ideal DoF - NOT WAN measurement,8192,512,4,static-1to1,bec-2.0pct,2,100,8,8,4592,8.968750,14,218725,427.197266,619,0.864165745,3319,6.482422,0.996478347,7588,14.820312,22,-15059,-29.412109,192732,376.429688,15081,29.455078,0.003503673
MODEL-LEVEL EVIDENCE - ideal DoF - NOT WAN measurement,8192,512,4,static-1to1,bec-2.0pct,2,100,8,64,4592,8.968750,14,218725,427.197266,619,0.864165745,-111369,-217.517578,0.996478347,67232,131.312500,190,-129657,-253.236328,1091858,2132.535156,129769,253.455078,0.029365960
MODEL-LEVEL EVIDENCE - ideal DoF - NOT WAN measurement,8192,512,4,static-1to1,bec-2.0pct,2,100,8,512,4592,8.968750,14,218725,427.197266,619,0.864165745,-1028873,-2009.517578,0.996478347,537803,1050.396484,1534,-1047237,-2045.384766,8284865,16181.376953,1047273,2045.455078,0.196245989
MODEL-LEVEL EVIDENCE - ideal DoF - NOT WAN measurement,8192,512,4,static-1to1,ge-short-1.089pct,11,1010,1,8,10591,20.685547,44,41712,81.468750,165,0.996782195,27253,53.228516,0.999752625,4443,8.677734,15,-15065,-29.423828,14869,29.041016,15068,29.429688,0.003541126
MODEL-LEVEL EVIDENCE - ideal DoF - NOT WAN measurement,8192,512,4,static-1to1,ge-short-1.089pct,11,1010,1,64,10591,20.685547,44,41712,81.468750,165,0.996782195,-87435,-170.771484,0.999752625,38379,74.958984,128,-129926,-253.761719,128164,250.320312,129756,253.429688,0.029693590
MODEL-LEVEL EVIDENCE - ideal DoF - NOT WAN measurement,8192,512,4,static-1to1,ge-short-1.089pct,11,1010,1,512,10591,20.685547,44,41712,81.468750,165,0.996782195,-1004939,-1962.771484,0.999752625,311217,607.845703,1024,-1047408,-2045.718750,1036134,2023.699219,1047260,2045.429688,0.198069500
MODEL-LEVEL EVIDENCE - ideal DoF - NOT WAN measurement,8192,512,4,static-1to1,ge-short-1.089pct,11,1010,3,8,15655,30.576172,57,238341,465.509766,838,0.949453495,47528,92.828125,0.999819645,4623,9.029297,15,-15175,-29.638672,97254,189.949219,15134,29.558594,0.003541791
MODEL-LEVEL EVIDENCE - ideal DoF - NOT WAN measurement,8192,512,4,static-1to1,ge-short-1.089pct,11,1010,3,64,15655,30.576172,57,238341,465.509766,838,0.949453495,-67160,-131.171875,0.999819645,40169,78.455078,129,-129940,-253.789062,437412,854.320312,129822,253.558594,0.029587927
MODEL-LEVEL EVIDENCE - ideal DoF - NOT WAN measurement,8192,512,4,static-1to1,ge-short-1.089pct,11,1010,3,512,15655,30.576172,57,238341,465.509766,838,0.949453495,-984664,-1923.171875,0.999819645,336287,656.810547,1024,-1047448,-2045.796875,3161085,6173.994141,1047326,2045.558594,0.197416031
MODEL-LEVEL EVIDENCE - ideal DoF - NOT WAN measurement,8192,512,4,static-1to1,ge-short-1.089pct,11,1010,8,8,20259,39.568359,72,895356,1748.742188,2985,0.942915927,65919,128.748047,0.999858300,4996,9.757812,15,-15303,-29.888672,373786,730.050781,15141,29.572266,0.003531485
MODEL-LEVEL EVIDENCE - ideal DoF - NOT WAN measurement,8192,512,4,static-1to1,ge-short-1.089pct,11,1010,8,64,20259,39.568359,72,895356,1748.742188,2985,0.942915927,-48769,-95.251953,0.999858300,42672,83.343750,130,-130117,-254.134766,1281183,2502.310547,129829,253.572266,0.029492381
MODEL-LEVEL EVIDENCE - ideal DoF - NOT WAN measurement,8192,512,4,static-1to1,ge-short-1.089pct,11,1010,8,512,20259,39.568359,72,895356,1748.742188,2985,0.942915927,-966273,-1887.251953,0.999858300,354188,691.773438,1026,-1047473,-2045.845703,8541615,16682.841797,1047333,2045.572266,0.196881020
MODEL-LEVEL EVIDENCE - ideal DoF - NOT WAN measurement,8192,512,4,static-1to1,ge-long-1.089pct,11,1010,1,8,28295,55.263672,232,111594,217.957031,917,0.997355022,98172,191.742188,0.999993752,4242,8.285156,15,-15193,-29.673828,15029,29.353516,15147,29.583984,0.003557334
MODEL-LEVEL EVIDENCE - ideal DoF - NOT WAN measurement,8192,512,4,static-1to1,ge-long-1.089pct,11,1010,1,64,28295,55.263672,232,111594,217.957031,917,0.997355022,-16516,-32.257812,0.999993752,37271,72.794922,127,-130137,-254.173828,128817,251.595703,129835,253.583984,0.029692507
MODEL-LEVEL EVIDENCE - ideal DoF - NOT WAN measurement,8192,512,4,static-1to1,ge-long-1.089pct,11,1010,1,512,28295,55.263672,232,111594,217.957031,917,0.997355022,-934020,-1824.257812,0.999993752,293191,572.638672,1023,-1047996,-2046.867188,1037344,2026.062500,1047339,2045.583984,0.197978850
MODEL-LEVEL EVIDENCE - ideal DoF - NOT WAN measurement,8192,512,4,static-1to1,ge-long-1.089pct,11,1010,3,8,60789,118.728516,306,875887,1710.716797,4176,0.989725203,228111,445.529297,0.999995989,5945,11.611328,29,-15082,-29.457031,201053,392.681641,15124,29.539062,0.003509821
MODEL-LEVEL EVIDENCE - ideal DoF - NOT WAN measurement,8192,512,4,static-1to1,ge-long-1.089pct,11,1010,3,64,60789,118.728516,306,875887,1710.716797,4176,0.989725203,113423,221.529297,0.999995989,41628,81.304688,129,-130216,-254.328125,541582,1057.777344,129812,253.539062,0.029344401
MODEL-LEVEL EVIDENCE - ideal DoF - NOT WAN measurement,8192,512,4,static-1to1,ge-long-1.089pct,11,1010,3,512,60789,118.728516,306,875887,1710.716797,4176,0.989725203,-804081,-1570.470703,0.999995989,312836,611.007812,1024,-1049190,-2049.199219,3267260,6381.367188,1047316,2045.539062,0.196080913
MODEL-LEVEL EVIDENCE - ideal DoF - NOT WAN measurement,8192,512,4,static-1to1,ge-long-1.089pct,11,1010,8,8,96479,188.435547,387,3924431,7664.904297,14901,0.982166370,370833,724.283203,0.999996361,6312,12.328125,30,-15191,-29.669922,992493,1938.462891,15073,29.439453,0.003451502
MODEL-LEVEL EVIDENCE - ideal DoF - NOT WAN measurement,8192,512,4,static-1to1,ge-long-1.089pct,11,1010,8,64,96479,188.435547,387,3924431,7664.904297,14901,0.982166370,256145,500.283203,0.999996361,45714,89.285156,142,-131163,-256.177734,1900438,3711.792969,129761,253.439453,0.028953057
MODEL-LEVEL EVIDENCE - ideal DoF - NOT WAN measurement,8192,512,4,static-1to1,ge-long-1.089pct,11,1010,8,512,96479,188.435547,387,3924431,7664.904297,14901,0.982166370,-661359,-1291.716797,0.999996361,342730,669.394531,1027,-1050369,-2051.501953,9161299,17893.162109,1047265,2045.439453,0.193963969
MODEL-LEVEL EVIDENCE - ideal DoF - NOT WAN measurement,8192,512,4,static-2to1,none,0,1,1,8,0,0.000000,0,512,1.000000,1,,-9216,-18.000000,,0,0.000000,0,-9728,-19.000000,9728,19.000000,9728,19.000000,0.002313969
MODEL-LEVEL EVIDENCE - ideal DoF - NOT WAN measurement,8192,512,4,static-2to1,none,0,1,1,64,0,0.000000,0,512,1.000000,1,,-80896,-158.000000,,0,0.000000,0,-81408,-159.000000,81408,159.000000,81408,159.000000,0.019039636
MODEL-LEVEL EVIDENCE - ideal DoF - NOT WAN measurement,8192,512,4,static-2to1,none,0,1,1,512,0,0.000000,0,512,1.000000,1,,-654336,-1278.000000,,0,0.000000,0,-654848,-1279.000000,654848,1279.000000,654848,1279.000000,0.135043818
MODEL-LEVEL EVIDENCE - ideal DoF - NOT WAN measurement,8192,512,4,static-2to1,none,0,1,3,8,0,0.000000,0,1536,3.000000,3,,-9216,-18.000000,,0,0.000000,0,-9728,-19.000000,29184,57.000000,9728,19.000000,0.002313969
MODEL-LEVEL EVIDENCE - ideal DoF - NOT WAN measurement,8192,512,4,static-2to1,none,0,1,3,64,0,0.000000,0,1536,3.000000,3,,-80896,-158.000000,,0,0.000000,0,-81408,-159.000000,244224,477.000000,81408,159.000000,0.019039636
MODEL-LEVEL EVIDENCE - ideal DoF - NOT WAN measurement,8192,512,4,static-2to1,none,0,1,3,512,0,0.000000,0,1536,3.000000,3,,-654336,-1278.000000,,0,0.000000,0,-654848,-1279.000000,1964544,3837.000000,654848,1279.000000,0.135043818
MODEL-LEVEL EVIDENCE - ideal DoF - NOT WAN measurement,8192,512,4,static-2to1,none,0,1,8,8,0,0.000000,0,4096,8.000000,8,,-9216,-18.000000,,0,0.000000,0,-9728,-19.000000,77824,152.000000,9728,19.000000,0.002313969
MODEL-LEVEL EVIDENCE - ideal DoF - NOT WAN measurement,8192,512,4,static-2to1,none,0,1,8,64,0,0.000000,0,4096,8.000000,8,,-80896,-158.000000,,0,0.000000,0,-81408,-159.000000,651264,1272.000000,81408,159.000000,0.019039636
MODEL-LEVEL EVIDENCE - ideal DoF - NOT WAN measurement,8192,512,4,static-2to1,none,0,1,8,512,0,0.000000,0,4096,8.000000,8,,-654336,-1278.000000,,0,0.000000,0,-654848,-1279.000000,5238784,10232.000000,654848,1279.000000,0.135043818
MODEL-LEVEL EVIDENCE - ideal DoF - NOT WAN measurement,8192,512,4,static-2to1,bec-0.5pct,5,1000,1,8,2582,5.042969,11,6561,12.814453,28,0.984336170,-2555,-4.990234,0.989234597,4419,8.630859,16,-9149,-17.869141,9104,17.781250,9140,17.851562,0.002163640
MODEL-LEVEL EVIDENCE - ideal DoF - NOT WAN measurement,8192,512,4,static-2to1,bec-0.5pct,5,1000,1,64,2582,5.042969,11,6561,12.814453,28,0.984336170,-74235,-144.990234,0.989234597,39690,77.519531,128,-80778,-157.769531,80401,157.033203,80820,157.851562,0.018812665
MODEL-LEVEL EVIDENCE - ideal DoF - NOT WAN measurement,8192,512,4,static-2to1,bec-0.5pct,5,1000,1,512,2582,5.042969,11,6561,12.814453,28,0.984336170,-647675,-1264.990234,0.989234597,310026,605.519531,1024,-654242,-1277.816406,651017,1271.517578,654260,1277.851562,0.134359260
MODEL-LEVEL EVIDENCE - ideal DoF - NOT WAN measurement,8192,512,4,static-2to1,bec-0.5pct,5,1000,3,8,3191,6.232422,12,32764,63.992188,108,0.919674793,-984,-1.921875,0.991411673,4665,9.111328,16,-9130,-17.832031,35691,69.708984,9109,17.791016,0.002154752
MODEL-LEVEL EVIDENCE - ideal DoF - NOT WAN measurement,8192,512,4,static-2to1,bec-0.5pct,5,1000,3,64,3191,6.232422,12,32764,63.992188,108,0.919674793,-72664,-141.921875,0.991411673,40070,78.261719,128,-80798,-157.808594,249669,487.634766,80789,157.791016,0.018792160
MODEL-LEVEL EVIDENCE - ideal DoF - NOT WAN measurement,8192,512,4,static-2to1,bec-0.5pct,5,1000,3,512,3191,6.232422,12,32764,63.992188,108,0.919674793,-646104,-1261.921875,0.991411673,313096,611.515625,1024,-654252,-1277.835938,1961482,3831.019531,654229,1277.791016,0.134269126
MODEL-LEVEL EVIDENCE - ideal DoF - NOT WAN measurement,8192,512,4,static-2to1,bec-0.5pct,5,1000,8,8,3957,7.728516,14,117432,229.359375,356,0.919112987,956,1.867188,0.993121431,4728,9.234375,16,-9092,-17.757812,109804,214.460938,9076,17.726562,0.002146053
MODEL-LEVEL EVIDENCE - ideal DoF - NOT WAN measurement,8192,512,4,static-2to1,bec-0.5pct,5,1000,8,64,3957,7.728516,14,117432,229.359375,356,0.919112987,-70724,-138.132812,0.993121431,40719,79.529297,128,-80755,-157.724609,680379,1328.865234,80756,157.726562,0.018776797
MODEL-LEVEL EVIDENCE - ideal DoF - NOT WAN measurement,8192,512,4,static-2to1,bec-0.5pct,5,1000,8,512,3957,7.728516,14,117432,229.359375,356,0.919112987,-644164,-1258.132812,0.993121431,324367,633.529297,1024,-654202,-1277.738281,5245126,10244.386719,654196,1277.726562,0.134213874
MODEL-LEVEL EVIDENCE - ideal DoF - NOT WAN measurement,8192,512,4,static-2to1,bec-2.0pct,2,100,1,8,5306,10.363281,22,13102,25.589844,53,0.993878690,4269,8.337891,0.997021942,7627,14.896484,22,-9109,-17.791016,8910,17.402344,9082,17.738281,0.002117588
MODEL-LEVEL EVIDENCE - ideal DoF - NOT WAN measurement,8192,512,4,static-2to1,bec-2.0pct,2,100,1,64,5306,10.363281,22,13102,25.589844,53,0.993878690,-67411,-131.662109,0.997021942,66553,129.986328,191,-80783,-157.779297,79170,154.628906,80762,157.738281,0.018521177
MODEL-LEVEL EVIDENCE - ideal DoF - NOT WAN measurement,8192,512,4,static-2to1,bec-2.0pct,2,100,1,512,5306,10.363281,22,13102,25.589844,53,0.993878690,-640851,-1251.662109,0.997021942,531829,1038.728516,1534,-654280,-1277.890625,641202,1252.347656,654202,1277.738281,0.132591617
MODEL-LEVEL EVIDENCE - ideal DoF - NOT WAN measurement,8192,512,4,static-2to1,bec-2.0pct,2,100,3,8,6856,13.390625,24,67831,132.482422,218,0.909183550,8186,15.988281,0.997497111,7737,15.111328,22,-9054,-17.683594,43749,85.447266,9098,17.769531,0.002118385
MODEL-LEVEL EVIDENCE - ideal DoF - NOT WAN measurement,8192,512,4,static-2to1,bec-2.0pct,2,100,3,64,6856,13.390625,24,67831,132.482422,218,0.909183550,-63494,-124.011719,0.997497111,66819,130.505859,191,-80718,-157.652344,254539,497.146484,80778,157.769531,0.018499646
MODEL-LEVEL EVIDENCE - ideal DoF - NOT WAN measurement,8192,512,4,static-2to1,bec-2.0pct,2,100,3,512,6856,13.390625,24,67831,132.482422,218,0.909183550,-636934,-1244.011719,0.997497111,534881,1044.689453,1534,-654226,-1277.785156,1940706,3790.441406,654218,1277.769531,0.132435421
MODEL-LEVEL EVIDENCE - ideal DoF - NOT WAN measurement,8192,512,4,static-2to1,bec-2.0pct,2,100,8,8,8168,15.953125,26,237064,463.015625,672,0.888275739,11485,22.431641,0.997318472,7832,15.296875,23,-9104,-17.781250,147049,287.205078,9129,17.830078,0.002123773
MODEL-LEVEL EVIDENCE - ideal DoF - NOT WAN measurement,8192,512,4,static-2to1,bec-2.0pct,2,100,8,64,8168,15.953125,26,237064,463.015625,672,0.888275739,-60195,-117.568359,0.997318472,67289,131.423828,191,-80756,-157.726562,709015,1384.794922,80809,157.830078,0.018491072
MODEL-LEVEL EVIDENCE - ideal DoF - NOT WAN measurement,8192,512,4,static-2to1,bec-2.0pct,2,100,8,512,8168,15.953125,26,237064,463.015625,672,0.888275739,-633635,-1237.568359,0.997318472,543046,1060.636719,1535,-654220,-1277.773438,5205219,10166.443359,654249,1277.830078,0.132342544
MODEL-LEVEL EVIDENCE - ideal DoF - NOT WAN measurement,8192,512,4,static-2to1,ge-short-1.089pct,11,1010,1,8,18164,35.476562,79,45012,87.914062,196,0.998126454,36420,71.132812,0.999850791,4621,9.025391,16,-9091,-17.755859,8992,17.562500,9079,17.732422,0.002136941
MODEL-LEVEL EVIDENCE - ideal DoF - NOT WAN measurement,8192,512,4,static-2to1,ge-short-1.089pct,11,1010,1,64,18164,35.476562,79,45012,87.914062,196,0.998126454,-35260,-68.867188,0.999850791,38190,74.589844,128,-80812,-157.835938,79969,156.189453,80759,157.732422,0.018693019
MODEL-LEVEL EVIDENCE - ideal DoF - NOT WAN measurement,8192,512,4,static-2to1,ge-short-1.089pct,11,1010,1,512,18164,35.476562,79,45012,87.914062,196,0.998126454,-608700,-1188.867188,0.999850791,316688,618.531250,1026,-654129,-1277.595703,647316,1264.289062,654199,1277.732422,0.133681440
MODEL-LEVEL EVIDENCE - ideal DoF - NOT WAN measurement,8192,512,4,static-2to1,ge-short-1.089pct,11,1010,3,8,27610,53.925781,116,256832,501.625000,1024,0.969103542,60058,117.300781,0.999913477,4948,9.664062,16,-9179,-17.927734,78709,153.728516,9117,17.806641,0.002136824
MODEL-LEVEL EVIDENCE - ideal DoF - NOT WAN measurement,8192,512,4,static-2to1,ge-short-1.089pct,11,1010,3,64,27610,53.925781,116,256832,501.625000,1024,0.969103542,-11622,-22.699219,0.999913477,40774,79.636719,132,-80874,-157.957031,291315,568.974609,80797,157.806641,0.018624145
MODEL-LEVEL EVIDENCE - ideal DoF - NOT WAN measurement,8192,512,4,static-2to1,ge-short-1.089pct,11,1010,3,512,27610,53.925781,116,256832,501.625000,1024,0.969103542,-585062,-1142.699219,0.999913477,339122,662.347656,1027,-654306,-1277.941406,1992889,3892.361328,654237,1277.806641,0.133198812
MODEL-LEVEL EVIDENCE - ideal DoF - NOT WAN measurement,8192,512,4,static-2to1,ge-short-1.089pct,11,1010,8,8,34940,68.242188,129,945281,1846.251953,3271,0.952197979,78449,153.220703,0.999907629,5115,9.990234,16,-9153,-17.876953,324571,633.927734,9121,17.814453,0.002130529
MODEL-LEVEL EVIDENCE - ideal DoF - NOT WAN measurement,8192,512,4,static-2to1,ge-short-1.089pct,11,1010,8,64,34940,68.242188,129,945281,1846.251953,3271,0.952197979,6769,13.220703,0.999907629,42693,83.384766,132,-80946,-158.097656,891707,1741.615234,80801,157.814453,0.018563092
MODEL-LEVEL EVIDENCE - ideal DoF - NOT WAN measurement,8192,512,4,static-2to1,ge-short-1.089pct,11,1010,8,512,34940,68.242188,129,945281,1846.251953,3271,0.952197979,-566671,-1106.779297,0.999907629,349348,682.320312,1028,-654310,-1277.949219,5429383,10604.263672,654241,1277.814453,0.132807994
MODEL-LEVEL EVIDENCE - ideal DoF - NOT WAN measurement,8192,512,4,static-2to1,ge-long-1.089pct,11,1010,1,8,49028,95.757812,456,120270,234.902344,1078,0.996934456,113507,221.693359,0.999996115,4626,9.035156,16,-9134,-17.839844,9044,17.664062,9122,17.816406,0.002144505
MODEL-LEVEL EVIDENCE - ideal DoF - NOT WAN measurement,8192,512,4,static-2to1,ge-long-1.089pct,11,1010,1,64,49028,95.757812,456,120270,234.902344,1078,0.996934456,41827,81.693359,0.999996115,37228,72.710938,128,-81025,-158.251953,80146,156.535156,80802,157.816406,0.018681066
MODEL-LEVEL EVIDENCE - ideal DoF - NOT WAN measurement,8192,512,4,static-2to1,ge-long-1.089pct,11,1010,1,512,49028,95.757812,456,120270,234.902344,1078,0.996934456,-531613,-1038.306641,0.999996115,300173,586.275391,1024,-654537,-1278.392578,647880,1265.390625,654242,1277.816406,0.133551973
MODEL-LEVEL EVIDENCE - ideal DoF - NOT WAN measurement,8192,512,4,static-2to1,ge-long-1.089pct,11,1010,3,8,110388,215.601562,635,983011,1919.943359,5396,0.990419936,266999,521.482422,0.999997517,5289,10.330078,18,-9161,-17.892578,191768,374.546875,9118,17.808594,0.002115401
MODEL-LEVEL EVIDENCE - ideal DoF - NOT WAN measurement,8192,512,4,static-2to1,ge-long-1.089pct,11,1010,3,64,110388,215.601562,635,983011,1919.943359,5396,0.990419936,195319,381.482422,0.999997517,42057,82.142578,128,-81161,-158.517578,404959,790.935547,80798,157.808594,0.018438726
MODEL-LEVEL EVIDENCE - ideal DoF - NOT WAN measurement,8192,512,4,static-2to1,ge-long-1.089pct,11,1010,3,512,110388,215.601562,635,983011,1919.943359,5396,0.990419936,-378121,-738.517578,0.999997517,328576,641.750000,1028,-655129,-1279.548828,2109007,4119.154297,654238,1277.808594,0.132024919
MODEL-LEVEL EVIDENCE - ideal DoF - NOT WAN measurement,8192,512,4,static-2to1,ge-long-1.089pct,11,1010,8,8,177714,347.097656,776,4462951,8716.701172,18396,0.983739159,435329,850.251953,0.999998199,5826,11.378906,28,-9165,-17.900391,1017371,1987.052734,9098,17.769531,0.002081371
MODEL-LEVEL EVIDENCE - ideal DoF - NOT WAN measurement,8192,512,4,static-2to1,ge-long-1.089pct,11,1010,8,64,177714,347.097656,776,4462951,8716.701172,18396,0.983739159,363649,710.251953,0.999998199,47358,92.496094,188,-81620,-159.414062,1585539,3096.755859,80778,157.769531,0.018181626
MODEL-LEVEL EVIDENCE - ideal DoF - NOT WAN measurement,8192,512,4,static-2to1,ge-long-1.089pct,11,1010,8,512,177714,347.097656,776,4462951,8716.701172,18396,0.983739159,-209791,-409.748047,0.999998199,348016,679.718750,1031,-656364,-1281.960938,6126117,11965.072266,654218,1277.769531,0.130419034
MODEL-LEVEL EVIDENCE - ideal DoF - NOT WAN measurement,8192,512,4,static-4to1,none,0,1,1,8,1024,2.000000,2,1536,3.000000,3,,-5120,-10.000000,,0,0.000000,0,-6656,-13.000000,6656,13.000000,6656,13.000000,0.001584400
MODEL-LEVEL EVIDENCE - ideal DoF - NOT WAN measurement,8192,512,4,static-4to1,none,0,1,1,64,1024,2.000000,2,1536,3.000000,3,,-55296,-108.000000,,0,0.000000,0,-56832,-111.000000,56832,111.000000,56832,111.000000,0.013368662
MODEL-LEVEL EVIDENCE - ideal DoF - NOT WAN measurement,8192,512,4,static-4to1,none,0,1,1,512,1024,2.000000,2,1536,3.000000,3,,-456704,-892.000000,,0,0.000000,0,-458240,-895.000000,458240,895.000000,458240,895.000000,0.098492352
MODEL-LEVEL EVIDENCE - ideal DoF - NOT WAN measurement,8192,512,4,static-4to1,none,0,1,3,8,1024,2.000000,2,4608,9.000000,9,,-5120,-10.000000,,0,0.000000,0,-6656,-13.000000,19968,39.000000,6656,13.000000,0.001584400
MODEL-LEVEL EVIDENCE - ideal DoF - NOT WAN measurement,8192,512,4,static-4to1,none,0,1,3,64,1024,2.000000,2,4608,9.000000,9,,-55296,-108.000000,,0,0.000000,0,-56832,-111.000000,170496,333.000000,56832,111.000000,0.013368662
MODEL-LEVEL EVIDENCE - ideal DoF - NOT WAN measurement,8192,512,4,static-4to1,none,0,1,3,512,1024,2.000000,2,4608,9.000000,9,,-456704,-892.000000,,0,0.000000,0,-458240,-895.000000,1374720,2685.000000,458240,895.000000,0.098492352
MODEL-LEVEL EVIDENCE - ideal DoF - NOT WAN measurement,8192,512,4,static-4to1,none,0,1,8,8,1024,2.000000,2,12288,24.000000,24,,-5120,-10.000000,,0,0.000000,0,-6656,-13.000000,53248,104.000000,6656,13.000000,0.001584400
MODEL-LEVEL EVIDENCE - ideal DoF - NOT WAN measurement,8192,512,4,static-4to1,none,0,1,8,64,1024,2.000000,2,12288,24.000000,24,,-55296,-108.000000,,0,0.000000,0,-56832,-111.000000,454656,888.000000,56832,111.000000,0.013368662
MODEL-LEVEL EVIDENCE - ideal DoF - NOT WAN measurement,8192,512,4,static-4to1,none,0,1,8,512,1024,2.000000,2,12288,24.000000,24,,-456704,-892.000000,,0,0.000000,0,-458240,-895.000000,3665920,7160.000000,458240,895.000000,0.098492352
MODEL-LEVEL EVIDENCE - ideal DoF - NOT WAN measurement,8192,512,4,static-4to1,bec-0.5pct,5,1000,1,8,4363,8.521484,19,7769,15.173828,33,0.991206767,1629,3.181641,0.992540924,4494,8.777344,16,-6178,-12.066406,6147,12.005859,6176,12.062500,0.001463019
MODEL-LEVEL EVIDENCE - ideal DoF - NOT WAN measurement,8192,512,4,static-4to1,bec-0.5pct,5,1000,1,64,4363,8.521484,19,7769,15.173828,33,0.991206767,-48547,-94.818359,0.992540924,39292,76.742188,128,-56326,-110.011719,56064,109.500000,56352,110.062500,0.013192293
MODEL-LEVEL EVIDENCE - ideal DoF - NOT WAN measurement,8192,512,4,static-4to1,bec-0.5pct,5,1000,1,512,4363,8.521484,19,7769,15.173828,33,0.991206767,-449955,-878.818359,0.992540924,302263,590.357422,1024,-457769,-894.080078,455497,889.642578,457760,894.062500,0.097958632
MODEL-LEVEL EVIDENCE - ideal DoF - NOT WAN measurement,8192,512,4,static-4to1,bec-0.5pct,5,1000,3,8,5992,11.703125,24,40394,78.894531,146,0.956002322,4525,8.837891,0.994790067,4576,8.937500,16,-6182,-12.074219,26883,52.505859,6172,12.054688,0.001461082
MODEL-LEVEL EVIDENCE - ideal DoF - NOT WAN measurement,8192,512,4,static-4to1,bec-0.5pct,5,1000,3,64,5992,11.703125,24,40394,78.894531,146,0.956002322,-45651,-89.162109,0.994790067,39363,76.880859,128,-56344,-110.046875,176671,345.060547,56348,110.054688,0.013182533
MODEL-LEVEL EVIDENCE - ideal DoF - NOT WAN measurement,8192,512,4,static-4to1,bec-0.5pct,5,1000,3,512,5992,11.703125,24,40394,78.894531,146,0.956002322,-447059,-873.162109,0.994790067,308419,602.380859,1024,-457764,-894.070312,1374974,2685.496094,457756,894.054688,0.097897880
MODEL-LEVEL EVIDENCE - ideal DoF - NOT WAN measurement,8192,512,4,static-4to1,bec-0.5pct,5,1000,8,8,7426,14.503906,25,143600,280.468750,445,0.945170490,7011,13.693359,0.994171894,4601,8.986328,16,-6236,-12.179688,87747,171.380859,6228,12.164062,0.001473613
MODEL-LEVEL EVIDENCE - ideal DoF - NOT WAN measurement,8192,512,4,static-4to1,bec-0.5pct,5,1000,8,64,7426,14.503906,25,143600,280.468750,445,0.945170490,-43165,-84.306641,0.994171894,39517,77.181641,128,-56410,-110.175781,487255,951.669922,56404,110.164062,0.013189219
MODEL-LEVEL EVIDENCE - ideal DoF - NOT WAN measurement,8192,512,4,static-4to1,bec-0.5pct,5,1000,8,512,7426,14.503906,25,143600,280.468750,445,0.945170490,-444573,-868.306641,0.994171894,305308,596.304688,1024,-457842,-894.222656,3682647,7192.669922,457812,894.164062,0.097866343
MODEL-LEVEL EVIDENCE - ideal DoF - NOT WAN measurement,8192,512,4,static-4to1,bec-2.0pct,2,100,1,8,8848,17.281250,40,15289,29.861328,70,0.997049554,9401,18.361328,0.998062148,7523,14.693359,21,-6169,-12.048828,6081,11.876953,6214,12.136719,0.001449778
MODEL-LEVEL EVIDENCE - ideal DoF - NOT WAN measurement,8192,512,4,static-4to1,bec-2.0pct,2,100,1,64,8848,17.281250,40,15289,29.861328,70,0.997049554,-40775,-79.638672,0.998062148,65748,128.414062,190,-56290,-109.941406,55234,107.878906,56390,110.136719,0.013004030
MODEL-LEVEL EVIDENCE - ideal DoF - NOT WAN measurement,8192,512,4,static-4to1,bec-2.0pct,2,100,1,512,8848,17.281250,40,15289,29.861328,70,0.997049554,-442183,-863.638672,0.998062148,527127,1029.544922,1533,-457680,-893.906250,448666,876.300781,457798,894.136719,0.096627602
MODEL-LEVEL EVIDENCE - ideal DoF - NOT WAN measurement,8192,512,4,static-4to1,bec-2.0pct,2,100,3,8,11932,23.304688,45,79045,154.384766,263,0.944046426,14895,29.091797,0.998167660,7638,14.917969,23,-6188,-12.085938,35336,69.015625,6195,12.099609,0.001443400
MODEL-LEVEL EVIDENCE - ideal DoF - NOT WAN measurement,8192,512,4,static-4to1,bec-2.0pct,2,100,3,64,11932,23.304688,45,79045,154.384766,263,0.944046426,-35281,-68.908203,0.998167660,65778,128.472656,189,-56384,-110.125000,182811,357.052734,56371,110.099609,0.012982353
MODEL-LEVEL EVIDENCE - ideal DoF - NOT WAN measurement,8192,512,4,static-4to1,bec-2.0pct,2,100,3,512,11932,23.304688,45,79045,154.384766,263,0.944046426,-436689,-852.908203,0.998167660,539843,1054.380859,1534,-457734,-894.011719,1362794,2661.707031,457779,894.099609,0.096505917
MODEL-LEVEL EVIDENCE - ideal DoF - NOT WAN measurement,8192,512,4,static-4to1,bec-2.0pct,2,100,8,8,15115,29.521484,50,285869,558.337891,840,0.934622136,20436,39.914062,0.998230182,7510,14.667969,22,-6266,-12.238281,125756,245.617188,6257,12.220703,0.001456477
MODEL-LEVEL EVIDENCE - ideal DoF - NOT WAN measurement,8192,512,4,static-4to1,bec-2.0pct,2,100,8,64,15115,29.521484,50,285869,558.337891,840,0.934622136,-29740,-58.085938,0.998230182,66987,130.833984,189,-56389,-110.134766,519168,1014.000000,56433,110.220703,0.012984566
MODEL-LEVEL EVIDENCE - ideal DoF - NOT WAN measurement,8192,512,4,static-4to1,bec-2.0pct,2,100,8,512,15115,29.521484,50,285869,558.337891,840,0.934622136,-431148,-842.085938,0.998230182,539801,1054.298828,1534,-457801,-894.142578,3666105,7160.361328,457841,894.220703,0.096436955
MODEL-LEVEL EVIDENCE - ideal DoF - NOT WAN measurement,8192,512,4,static-4to1,ge-short-1.089pct,11,1010,1,8,29296,57.218750,156,50809,99.236328,267,0.998852447,45196,88.273438,0.999903152,4708,9.195312,16,-6259,-12.224609,6170,12.050781,6206,12.121094,0.001461190
MODEL-LEVEL EVIDENCE - ideal DoF - NOT WAN measurement,8192,512,4,static-4to1,ge-short-1.089pct,11,1010,1,64,29296,57.218750,156,50809,99.236328,267,0.998852447,-4980,-9.726562,0.999903152,39711,77.560547,128,-56555,-110.458984,55861,109.103516,56382,110.121094,0.013120032
MODEL-LEVEL EVIDENCE - ideal DoF - NOT WAN measurement,8192,512,4,static-4to1,ge-short-1.089pct,11,1010,1,512,29296,57.218750,156,50809,99.236328,267,0.998852447,-406388,-793.726562,0.999903152,306222,598.089844,1026,-457977,-894.486328,453076,884.914062,457790,894.121094,0.097426878
MODEL-LEVEL EVIDENCE - ideal DoF - NOT WAN measurement,8192,512,4,static-4to1,ge-short-1.089pct,11,1010,3,8,49150,95.996094,212,309805,605.087891,1242,0.980375904,79996,156.242188,0.999940627,5103,9.966797,16,-6227,-12.162109,72649,141.892578,6207,12.123047,0.001455165
MODEL-LEVEL EVIDENCE - ideal DoF - NOT WAN measurement,8192,512,4,static-4to1,ge-short-1.089pct,11,1010,3,64,49150,95.996094,212,309805,605.087891,1242,0.980375904,29820,58.242188,0.999940627,43011,84.005859,131,-56508,-110.367188,221494,432.605469,56383,110.123047,0.013064712
MODEL-LEVEL EVIDENCE - ideal DoF - NOT WAN measurement,8192,512,4,static-4to1,ge-short-1.089pct,11,1010,3,512,49150,95.996094,212,309805,605.087891,1242,0.980375904,-371588,-725.757812,0.999940627,332746,649.894531,1028,-458069,-894.666016,1413054,2759.871094,457791,894.123047,0.097049678
MODEL-LEVEL EVIDENCE - ideal DoF - NOT WAN measurement,8192,512,4,static-4to1,ge-short-1.089pct,11,1010,8,8,66302,129.496094,241,1173959,2292.888672,3812,0.969166750,110060,214.960938,0.999936094,5060,9.882812,16,-6301,-12.306641,303350,592.480469,6226,12.160156,0.001454935
MODEL-LEVEL EVIDENCE - ideal DoF - NOT WAN measurement,8192,512,4,static-4to1,ge-short-1.089pct,11,1010,8,64,66302,129.496094,241,1173959,2292.888672,3812,0.969166750,59884,116.960938,0.999936094,45097,88.080078,131,-56501,-110.353516,700174,1367.527344,56402,110.160156,0.013027653
MODEL-LEVEL EVIDENCE - ideal DoF - NOT WAN measurement,8192,512,4,static-4to1,ge-short-1.089pct,11,1010,8,512,66302,129.496094,241,1173959,2292.888672,3812,0.969166750,-341524,-667.039062,0.999936094,353278,689.996094,1030,-457920,-894.375000,3876367,7571.029297,457810,894.160156,0.096771930
MODEL-LEVEL EVIDENCE - ideal DoF - NOT WAN measurement,8192,512,4,static-4to1,ge-long-1.089pct,11,1010,1,8,66346,129.582031,608,113840,222.343750,1064,0.998575019,109976,214.796875,0.999995953,4414,8.621094,16,-6285,-12.275391,6169,12.048828,6212,12.132812,0.001462397
MODEL-LEVEL EVIDENCE - ideal DoF - NOT WAN measurement,8192,512,4,static-4to1,ge-long-1.089pct,11,1010,1,64,66346,129.582031,608,113840,222.343750,1064,0.998575019,59800,116.796875,0.999995953,37876,73.976562,128,-56673,-110.689453,55994,109.363281,56388,110.132812,0.013119603
MODEL-LEVEL EVIDENCE - ideal DoF - NOT WAN measurement,8192,512,4,static-4to1,ge-long-1.089pct,11,1010,1,512,66346,129.582031,608,113840,222.343750,1064,0.998575019,-341608,-667.203125,0.999995953,294863,575.904297,1024,-458156,-894.835938,453428,885.601562,457796,894.132812,0.097415757
MODEL-LEVEL EVIDENCE - ideal DoF - NOT WAN measurement,8192,512,4,static-4to1,ge-long-1.089pct,11,1010,3,8,153826,300.441406,1156,955602,1866.410156,6584,0.992574744,263092,513.851562,0.999998381,5111,9.982422,19,-6314,-12.332031,176450,344.628906,6224,12.156250,0.001446655
MODEL-LEVEL EVIDENCE - ideal DoF - NOT WAN measurement,8192,512,4,static-4to1,ge-long-1.089pct,11,1010,3,64,153826,300.441406,1156,955602,1866.410156,6584,0.992574744,212916,415.851562,0.999998381,41647,81.341797,128,-57071,-111.466797,325700,636.132812,56400,110.156250,0.012958028
MODEL-LEVEL EVIDENCE - ideal DoF - NOT WAN measurement,8192,512,4,static-4to1,ge-long-1.089pct,11,1010,3,512,153826,300.441406,1156,955602,1866.410156,6584,0.992574744,-188492,-368.148438,0.999998381,312912,611.156250,1024,-458824,-896.140625,1518294,2965.417969,457808,894.156250,0.096301117
MODEL-LEVEL EVIDENCE - ideal DoF - NOT WAN measurement,8192,512,4,static-4to1,ge-long-1.089pct,11,1010,8,8,288802,564.066406,1487,4898271,9566.935547,23549,0.990858157,499373,975.337891,0.999998939,5502,10.746094,22,-6323,-12.349609,949591,1854.669922,6203,12.115234,0.001422335
MODEL-LEVEL EVIDENCE - ideal DoF - NOT WAN measurement,8192,512,4,static-4to1,ge-long-1.089pct,11,1010,8,64,288802,564.066406,1487,4898271,9566.935547,23549,0.990858157,449197,877.337891,0.999998939,45596,89.054688,189,-57325,-111.962891,1347369,2631.580078,56379,110.115234,0.012780543
MODEL-LEVEL EVIDENCE - ideal DoF - NOT WAN measurement,8192,512,4,static-4to1,ge-long-1.089pct,11,1010,8,512,288802,564.066406,1487,4898271,9566.935547,23549,0.990858157,47789,93.337891,0.999998939,345776,675.343750,1035,-459452,-897.367188,4525081,8838.048828,457787,894.115234,0.095120164
MODEL-LEVEL EVIDENCE - ideal DoF - NOT WAN measurement,8192,512,4,static-8to1,none,0,1,1,8,0,0.000000,0,1024,2.000000,2,,-4096,-8.000000,,0,0.000000,0,-5120,-10.000000,5120,10.000000,5120,10.000000,0.001219215
MODEL-LEVEL EVIDENCE - ideal DoF - NOT WAN measurement,8192,512,4,static-8to1,none,0,1,1,64,0,0.000000,0,1024,2.000000,2,,-43520,-85.000000,,0,0.000000,0,-44544,-87.000000,44544,87.000000,44544,87.000000,0.010508516
MODEL-LEVEL EVIDENCE - ideal DoF - NOT WAN measurement,8192,512,4,static-8to1,none,0,1,1,512,0,0.000000,0,1024,2.000000,2,,-358912,-701.000000,,0,0.000000,0,-359936,-703.000000,359936,703.000000,359936,703.000000,0.079033165
MODEL-LEVEL EVIDENCE - ideal DoF - NOT WAN measurement,8192,512,4,static-8to1,none,0,1,3,8,0,0.000000,0,3072,6.000000,6,,-4096,-8.000000,,0,0.000000,0,-5120,-10.000000,15360,30.000000,5120,10.000000,0.001219215
MODEL-LEVEL EVIDENCE - ideal DoF - NOT WAN measurement,8192,512,4,static-8to1,none,0,1,3,64,0,0.000000,0,3072,6.000000,6,,-43520,-85.000000,,0,0.000000,0,-44544,-87.000000,133632,261.000000,44544,87.000000,0.010508516
MODEL-LEVEL EVIDENCE - ideal DoF - NOT WAN measurement,8192,512,4,static-8to1,none,0,1,3,512,0,0.000000,0,3072,6.000000,6,,-358912,-701.000000,,0,0.000000,0,-359936,-703.000000,1079808,2109.000000,359936,703.000000,0.079033165
MODEL-LEVEL EVIDENCE - ideal DoF - NOT WAN measurement,8192,512,4,static-8to1,none,0,1,8,8,0,0.000000,0,8192,16.000000,16,,-4096,-8.000000,,0,0.000000,0,-5120,-10.000000,40960,80.000000,5120,10.000000,0.001219215
MODEL-LEVEL EVIDENCE - ideal DoF - NOT WAN measurement,8192,512,4,static-8to1,none,0,1,8,64,0,0.000000,0,8192,16.000000,16,,-43520,-85.000000,,0,0.000000,0,-44544,-87.000000,356352,696.000000,44544,87.000000,0.010508516
MODEL-LEVEL EVIDENCE - ideal DoF - NOT WAN measurement,8192,512,4,static-8to1,none,0,1,8,512,0,0.000000,0,8192,16.000000,16,,-358912,-701.000000,,0,0.000000,0,-359936,-703.000000,2879488,5624.000000,359936,703.000000,0.079033165
MODEL-LEVEL EVIDENCE - ideal DoF - NOT WAN measurement,8192,512,4,static-8to1,bec-0.5pct,5,1000,1,8,6682,13.050781,32,9347,18.255859,44,0.996295544,4548,8.882812,0.995764952,4495,8.779297,15,-4840,-9.453125,4816,9.406250,4844,9.460938,0.001147815
MODEL-LEVEL EVIDENCE - ideal DoF - NOT WAN measurement,8192,512,4,static-8to1,bec-0.5pct,5,1000,1,64,6682,13.050781,32,9347,18.255859,44,0.996295544,-34876,-68.117188,0.995764952,38984,76.140625,128,-44260,-86.445312,44025,85.986328,44268,86.460938,0.010392484
MODEL-LEVEL EVIDENCE - ideal DoF - NOT WAN measurement,8192,512,4,static-8to1,bec-0.5pct,5,1000,1,512,6682,13.050781,32,9347,18.255859,44,0.996295544,-350268,-684.117188,0.995764952,310342,606.136719,1024,-359666,-702.472656,357846,698.917969,359660,702.460938,0.078614053
MODEL-LEVEL EVIDENCE - ideal DoF - NOT WAN measurement,8192,512,4,static-8to1,bec-0.5pct,5,1000,3,8,10021,19.572266,40,50510,98.652344,182,0.975330491,9177,17.923828,0.996433007,4446,8.683594,15,-4833,-9.439453,23139,45.193359,4825,9.423828,0.001142493
MODEL-LEVEL EVIDENCE - ideal DoF - NOT WAN measurement,8192,512,4,static-8to1,bec-0.5pct,5,1000,3,64,10021,19.572266,40,50510,98.652344,182,0.975330491,-30247,-59.076172,0.996433007,39308,76.773438,128,-44243,-86.412109,140790,274.980469,44249,86.423828,0.010380649
MODEL-LEVEL EVIDENCE - ideal DoF - NOT WAN measurement,8192,512,4,static-8to1,bec-0.5pct,5,1000,3,512,10021,19.572266,40,50510,98.652344,182,0.975330491,-345639,-675.076172,0.996433007,323148,631.148438,1024,-359627,-702.396484,1082319,2113.904297,359641,702.423828,0.078557940
MODEL-LEVEL EVIDENCE - ideal DoF - NOT WAN measurement,8192,512,4,static-8to1,bec-0.5pct,5,1000,8,8,13497,26.361328,45,187437,366.087891,568,0.968659371,13857,27.064453,0.996445737,4596,8.976562,15,-4867,-9.505859,77166,150.714844,4876,9.523438,0.001154038
MODEL-LEVEL EVIDENCE - ideal DoF - NOT WAN measurement,8192,512,4,static-8to1,bec-0.5pct,5,1000,8,64,13497,26.361328,45,187437,366.087891,568,0.968659371,-25567,-49.935547,0.996445737,39853,77.837891,128,-44291,-86.505859,390930,763.535156,44300,86.523438,0.010387873
MODEL-LEVEL EVIDENCE - ideal DoF - NOT WAN measurement,8192,512,4,static-8to1,bec-0.5pct,5,1000,8,512,13497,26.361328,45,187437,366.087891,568,0.968659371,-340959,-665.935547,0.996445737,326191,637.091797,1024,-359676,-702.492188,2901739,5667.458984,359692,702.523438,0.078535714
MODEL-LEVEL EVIDENCE - ideal DoF - NOT WAN measurement,8192,512,4,static-8to1,bec-2.0pct,2,100,1,8,14536,28.390625,64,19692,38.460938,88,0.998491999,15318,29.917969,0.999003486,7476,14.601562,22,-4812,-9.398438,4720,9.218750,4818,9.410156,0.001124325
MODEL-LEVEL EVIDENCE - ideal DoF - NOT WAN measurement,8192,512,4,static-8to1,bec-2.0pct,2,100,1,64,14536,28.390625,64,19692,38.460938,88,0.998491999,-24106,-47.082031,0.999003486,65632,128.187500,190,-44229,-86.384766,43305,84.580078,44242,86.410156,0.010230164
MODEL-LEVEL EVIDENCE - ideal DoF - NOT WAN measurement,8192,512,4,static-8to1,bec-2.0pct,2,100,1,512,14536,28.390625,64,19692,38.460938,88,0.998491999,-339498,-663.082031,0.999003486,528508,1032.242188,1027,-359656,-702.453125,352352,688.187500,359634,702.410156,0.077506426
MODEL-LEVEL EVIDENCE - ideal DoF - NOT WAN measurement,8192,512,4,static-8to1,bec-2.0pct,2,100,3,8,20038,39.136719,80,98173,191.744141,350,0.975648132,22915,44.755859,0.999070076,7385,14.423828,21,-4878,-9.527344,30819,60.193359,4858,9.488281,0.001132265
MODEL-LEVEL EVIDENCE - ideal DoF - NOT WAN measurement,8192,512,4,static-8to1,bec-2.0pct,2,100,3,64,20038,39.136719,80,98173,191.744141,350,0.975648132,-16509,-32.244141,0.999070076,66174,129.246094,190,-44336,-86.593750,146696,286.515625,44282,86.488281,0.010226934
MODEL-LEVEL EVIDENCE - ideal DoF - NOT WAN measurement,8192,512,4,static-8to1,bec-2.0pct,2,100,3,512,20038,39.136719,80,98173,191.744141,350,0.975648132,-331901,-648.244141,0.999070076,534579,1044.099609,1532,-359741,-702.619141,1073930,2097.519531,359674,702.488281,0.077426991
MODEL-LEVEL EVIDENCE - ideal DoF - NOT WAN measurement,8192,512,4,static-8to1,bec-2.0pct,2,100,8,8,25382,49.574219,80,350528,684.625000,1046,0.966898478,30281,59.142578,0.999040068,7493,14.634766,22,-4884,-9.539062,113296,221.281250,4869,9.509766,0.001133815
MODEL-LEVEL EVIDENCE - ideal DoF - NOT WAN measurement,8192,512,4,static-8to1,bec-2.0pct,2,100,8,64,25382,49.574219,80,350528,684.625000,1046,0.966898478,-9143,-17.857422,0.999040068,66747,130.365234,190,-44268,-86.460938,422195,824.599609,44293,86.509766,0.010220420
MODEL-LEVEL EVIDENCE - ideal DoF - NOT WAN measurement,8192,512,4,static-8to1,bec-2.0pct,2,100,8,512,25382,49.574219,80,350528,684.625000,1046,0.966898478,-324535,-633.857422,0.999040068,537620,1050.039062,1534,-359752,-702.640625,2894654,5653.621094,359685,702.509766,0.077365472
MODEL-LEVEL EVIDENCE - ideal DoF - NOT WAN measurement,8192,512,4,static-8to1,ge-short-1.089pct,11,1010,1,8,47975,93.701172,297,65235,127.412109,405,0.999114564,61290,119.707031,0.999960761,4473,8.736328,15,-4871,-9.513672,4829,9.431641,4852,9.476562,0.001142776
MODEL-LEVEL EVIDENCE - ideal DoF - NOT WAN measurement,8192,512,4,static-8to1,ge-short-1.089pct,11,1010,1,64,47975,93.701172,297,65235,127.412109,405,0.999114564,21866,42.707031,0.999960761,39442,77.035156,130,-44143,-86.216797,43780,85.507812,44276,86.476562,0.010332241
MODEL-LEVEL EVIDENCE - ideal DoF - NOT WAN measurement,8192,512,4,static-8to1,ge-short-1.089pct,11,1010,1,512,47975,93.701172,297,65235,127.412109,405,0.999114564,-293526,-573.292969,0.999960761,297980,581.992188,1025,-359745,-702.626953,355714,694.753906,359668,702.476562,0.078178176
MODEL-LEVEL EVIDENCE - ideal DoF - NOT WAN measurement,8192,512,4,static-8to1,ge-short-1.089pct,11,1010,3,8,86919,169.763672,401,407301,795.509766,1746,0.992163501,114884,224.382812,0.999970327,4715,9.208984,16,-4868,-9.507812,66800,130.468750,4815,9.404297,0.001129532
MODEL-LEVEL EVIDENCE - ideal DoF - NOT WAN measurement,8192,512,4,static-8to1,ge-short-1.089pct,11,1010,3,64,86919,169.763672,401,407301,795.509766,1746,0.992163501,75460,147.382812,0.999970327,42096,82.218750,131,-44300,-86.523438,183791,358.966797,44239,86.404297,0.010282759
MODEL-LEVEL EVIDENCE - ideal DoF - NOT WAN measurement,8192,512,4,static-8to1,ge-short-1.089pct,11,1010,3,512,86919,169.763672,401,407301,795.509766,1746,0.992163501,-239932,-468.617188,0.999970327,316825,618.798828,1028,-359812,-702.757812,1119439,2186.404297,359631,702.404297,0.077881958
MODEL-LEVEL EVIDENCE - ideal DoF - NOT WAN measurement,8192,512,4,static-8to1,ge-short-1.089pct,11,1010,8,8,121662,237.621094,495,1572102,3070.511719,5812,0.990842543,162679,317.732422,0.999975036,5000,9.765625,16,-4879,-9.529297,285672,557.953125,4820,9.414062,0.001127018
MODEL-LEVEL EVIDENCE - ideal DoF - NOT WAN measurement,8192,512,4,static-8to1,ge-short-1.089pct,11,1010,8,64,121662,237.621094,495,1572102,3070.511719,5812,0.990842543,123255,240.732422,0.999975036,44391,86.701172,136,-44202,-86.332031,597471,1166.935547,44244,86.414062,0.010250691
MODEL-LEVEL EVIDENCE - ideal DoF - NOT WAN measurement,8192,512,4,static-8to1,ge-short-1.089pct,11,1010,8,512,121662,237.621094,495,1572102,3070.511719,5812,0.990842543,-192137,-375.267578,0.999975036,347397,678.509766,1030,-359943,-703.013672,3093067,6041.146484,359636,702.414062,0.077648513
MODEL-LEVEL EVIDENCE - ideal DoF - NOT WAN measurement,8192,512,4,static-8to1,ge-long-1.089pct,11,1010,1,8,91872,179.437500,1129,123782,241.761719,1446,0.998633892,121523,237.349609,0.999998243,4690,9.160156,15,-4869,-9.509766,4858,9.488281,4889,9.548828,0.001150930
MODEL-LEVEL EVIDENCE - ideal DoF - NOT WAN measurement,8192,512,4,static-8to1,ge-long-1.089pct,11,1010,1,64,91872,179.437500,1129,123782,241.761719,1446,0.998633892,82099,160.349609,0.999998243,36553,71.392578,127,-44449,-86.814453,44067,86.068359,44313,86.548828,0.010335895
MODEL-LEVEL EVIDENCE - ideal DoF - NOT WAN measurement,8192,512,4,static-8to1,ge-long-1.089pct,11,1010,1,512,91872,179.437500,1129,123782,241.761719,1446,0.998633892,-233293,-455.650391,0.999998243,300811,587.521484,1024,-360102,-703.324219,355976,695.265625,359705,702.548828,0.078151140
MODEL-LEVEL EVIDENCE - ideal DoF - NOT WAN measurement,8192,512,4,static-8to1,ge-long-1.089pct,11,1010,3,8,240685,470.087891,2106,1136843,2220.396484,9064,0.996474153,326218,637.144531,0.999999279,5287,10.326172,16,-4820,-9.414062,172423,336.763672,4801,9.376953,0.001116504
MODEL-LEVEL EVIDENCE - ideal DoF - NOT WAN measurement,8192,512,4,static-8to1,ge-long-1.089pct,11,1010,3,64,240685,470.087891,2106,1136843,2220.396484,9064,0.996474153,286794,560.144531,0.999999279,40510,79.121094,128,-44560,-87.031250,289680,565.781250,44225,86.376953,0.010191372
MODEL-LEVEL EVIDENCE - ideal DoF - NOT WAN measurement,8192,512,4,static-8to1,ge-long-1.089pct,11,1010,3,512,240685,470.087891,2106,1136843,2220.396484,9064,0.996474153,-28598,-55.855469,0.999999279,330394,645.300781,1024,-360894,-704.871094,1226921,2396.330078,359617,702.376953,0.077256460
MODEL-LEVEL EVIDENCE - ideal DoF - NOT WAN measurement,8192,512,4,static-8to1,ge-long-1.089pct,11,1010,8,8,464808,907.828125,3156,5957681,11636.095703,36477,0.995750851,634390,1239.042969,0.999999520,5395,10.537109,21,-5053,-9.869141,941230,1838.339844,4853,9.478516,0.001113337
MODEL-LEVEL EVIDENCE - ideal DoF - NOT WAN measurement,8192,512,4,static-8to1,ge-long-1.089pct,11,1010,8,64,464808,907.828125,3156,5957681,11636.095703,36477,0.995750851,594966,1162.042969,0.999999520,46160,90.156250,189,-45204,-88.289062,1253297,2447.845703,44277,86.478516,0.010066638
MODEL-LEVEL EVIDENCE - ideal DoF - NOT WAN measurement,8192,512,4,static-8to1,ge-long-1.089pct,11,1010,8,512,464808,907.828125,3156,5957681,11636.095703,36477,0.995750851,279574,546.042969,0.999999520,361929,706.892578,1057,-361829,-706.697266,3750402,7325.003906,359669,702.478516,0.076301577
MODEL-LEVEL EVIDENCE - ideal DoF - NOT WAN measurement,8192,512,4,periodic-fast-slow-alternation,none,0,1,1,8,61440,120.000000,120,86016,168.000000,168,,80896,158.000000,,0,0.000000,0,-5120,-10.000000,5120,10.000000,5120,10.000000,0.001219215
MODEL-LEVEL EVIDENCE - ideal DoF - NOT WAN measurement,8192,512,4,periodic-fast-slow-alternation,none,0,1,1,64,61440,120.000000,120,86016,168.000000,168,,41472,81.000000,,0,0.000000,0,-44544,-87.000000,44544,87.000000,44544,87.000000,0.010508516
MODEL-LEVEL EVIDENCE - ideal DoF - NOT WAN measurement,8192,512,4,periodic-fast-slow-alternation,none,0,1,1,512,61440,120.000000,120,86016,168.000000,168,,-273920,-535.000000,,0,0.000000,0,-359936,-703.000000,359936,703.000000,359936,703.000000,0.079033165
MODEL-LEVEL EVIDENCE - ideal DoF - NOT WAN measurement,8192,512,4,periodic-fast-slow-alternation,none,0,1,3,8,61440,120.000000,120,258048,504.000000,504,,80896,158.000000,,0,0.000000,0,-5120,-10.000000,15360,30.000000,5120,10.000000,0.001219215
MODEL-LEVEL EVIDENCE - ideal DoF - NOT WAN measurement,8192,512,4,periodic-fast-slow-alternation,none,0,1,3,64,61440,120.000000,120,258048,504.000000,504,,41472,81.000000,,0,0.000000,0,-44544,-87.000000,133632,261.000000,44544,87.000000,0.010508516
MODEL-LEVEL EVIDENCE - ideal DoF - NOT WAN measurement,8192,512,4,periodic-fast-slow-alternation,none,0,1,3,512,61440,120.000000,120,258048,504.000000,504,,-273920,-535.000000,,0,0.000000,0,-359936,-703.000000,1079808,2109.000000,359936,703.000000,0.079033165
MODEL-LEVEL EVIDENCE - ideal DoF - NOT WAN measurement,8192,512,4,periodic-fast-slow-alternation,none,0,1,8,8,61440,120.000000,120,688128,1344.000000,1344,,80896,158.000000,,0,0.000000,0,-5120,-10.000000,40960,80.000000,5120,10.000000,0.001219215
MODEL-LEVEL EVIDENCE - ideal DoF - NOT WAN measurement,8192,512,4,periodic-fast-slow-alternation,none,0,1,8,64,61440,120.000000,120,688128,1344.000000,1344,,41472,81.000000,,0,0.000000,0,-44544,-87.000000,356352,696.000000,44544,87.000000,0.010508516
MODEL-LEVEL EVIDENCE - ideal DoF - NOT WAN measurement,8192,512,4,periodic-fast-slow-alternation,none,0,1,8,512,61440,120.000000,120,688128,1344.000000,1344,,-273920,-535.000000,,0,0.000000,0,-359936,-703.000000,2879488,5624.000000,359936,703.000000,0.079033165
MODEL-LEVEL EVIDENCE - ideal DoF - NOT WAN measurement,8192,512,4,periodic-fast-slow-alternation,bec-0.5pct,5,1000,1,8,51804,101.179688,108,71003,138.677734,148,0.970954919,66490,129.863281,0.976380453,4366,8.527344,15,-4871,-9.513672,4845,9.462891,4864,9.500000,0.001152500
MODEL-LEVEL EVIDENCE - ideal DoF - NOT WAN measurement,8192,512,4,periodic-fast-slow-alternation,bec-0.5pct,5,1000,1,64,51804,101.179688,108,71003,138.677734,148,0.970954919,27066,52.863281,0.976380453,39108,76.382812,128,-44277,-86.478516,44065,86.064453,44288,86.500000,0.010396698
MODEL-LEVEL EVIDENCE - ideal DoF - NOT WAN measurement,8192,512,4,periodic-fast-slow-alternation,bec-0.5pct,5,1000,1,512,51804,101.179688,108,71003,138.677734,148,0.970954919,-288326,-563.136719,0.976380453,311368,608.140625,1023,-359672,-702.484375,357851,698.927734,359680,702.500000,0.078615039
MODEL-LEVEL EVIDENCE - ideal DoF - NOT WAN measurement,8192,512,4,periodic-fast-slow-alternation,bec-0.5pct,5,1000,3,8,51258,100.113281,107,218941,427.619141,451,0.720332894,65704,128.328125,0.967678272,4566,8.917969,16,-4834,-9.441406,22840,44.609375,4834,9.441406,0.001144673
MODEL-LEVEL EVIDENCE - ideal DoF - NOT WAN measurement,8192,512,4,periodic-fast-slow-alternation,bec-0.5pct,5,1000,3,64,51258,100.113281,107,218941,427.619141,451,0.720332894,26280,51.328125,0.967678272,40071,78.263672,128,-44250,-86.425781,140498,274.410156,44258,86.441406,0.010383196
MODEL-LEVEL EVIDENCE - ideal DoF - NOT WAN measurement,8192,512,4,periodic-fast-slow-alternation,bec-0.5pct,5,1000,3,512,51258,100.113281,107,218941,427.619141,451,0.720332894,-289112,-564.671875,0.967678272,322115,629.130859,1024,-359647,-702.435547,1081840,2112.968750,359650,702.441406,0.078562978
MODEL-LEVEL EVIDENCE - ideal DoF - NOT WAN measurement,8192,512,4,periodic-fast-slow-alternation,bec-0.5pct,5,1000,8,8,50964,99.539062,105,595178,1162.457031,1212,0.659674505,65194,127.332031,0.966190094,4702,9.183594,16,-4837,-9.447266,76275,148.974609,4848,9.468750,0.001147468
MODEL-LEVEL EVIDENCE - ideal DoF - NOT WAN measurement,8192,512,4,periodic-fast-slow-alternation,bec-0.5pct,5,1000,8,64,50964,99.539062,105,595178,1162.457031,1212,0.659674505,25770,50.332031,0.966190094,40309,78.728516,128,-44269,-86.462891,390039,761.794922,44272,86.468750,0.010381821
MODEL-LEVEL EVIDENCE - ideal DoF - NOT WAN measurement,8192,512,4,periodic-fast-slow-alternation,bec-0.5pct,5,1000,8,512,50964,99.539062,105,595178,1162.457031,1212,0.659674505,-289622,-565.667969,0.966190094,323124,631.101562,1024,-359669,-702.478516,2900550,5665.136719,359664,702.468750,0.078533219
MODEL-LEVEL EVIDENCE - ideal DoF - NOT WAN measurement,8192,512,4,periodic-fast-slow-alternation,bec-2.0pct,2,100,1,8,21057,41.126953,55,28504,55.671875,74,0.990353184,24242,47.347656,0.994497575,7368,14.390625,20,-4828,-9.429688,4740,9.257812,4840,9.453125,0.001129523
MODEL-LEVEL EVIDENCE - ideal DoF - NOT WAN measurement,8192,512,4,periodic-fast-slow-alternation,bec-2.0pct,2,100,1,64,21057,41.126953,55,28504,55.671875,74,0.990353184,-15182,-29.652344,0.994497575,65801,128.517578,190,-44224,-86.375000,43380,84.726562,44264,86.453125,0.010235831
MODEL-LEVEL EVIDENCE - ideal DoF - NOT WAN measurement,8192,512,4,periodic-fast-slow-alternation,bec-2.0pct,2,100,1,512,21057,41.126953,55,28504,55.671875,74,0.990353184,-330574,-645.652344,0.994497575,532652,1040.335938,1533,-359611,-702.365234,352393,688.267578,359656,702.453125,0.077515260
MODEL-LEVEL EVIDENCE - ideal DoF - NOT WAN measurement,8192,512,4,periodic-fast-slow-alternation,bec-2.0pct,2,100,3,8,19849,38.767578,50,97296,190.031250,231,0.795446793,22594,44.128906,0.992263415,7519,14.685547,22,-4772,-9.320312,30897,60.345703,4780,9.335938,0.001114105
MODEL-LEVEL EVIDENCE - ideal DoF - NOT WAN measurement,8192,512,4,periodic-fast-slow-alternation,bec-2.0pct,2,100,3,64,19849,38.767578,50,97296,190.031250,231,0.795446793,-16830,-32.871094,0.992263415,66570,130.019531,190,-44090,-86.113281,146697,286.517578,44204,86.335938,0.010209099
MODEL-LEVEL EVIDENCE - ideal DoF - NOT WAN measurement,8192,512,4,periodic-fast-slow-alternation,bec-2.0pct,2,100,3,512,19849,38.767578,50,97296,190.031250,231,0.795446793,-332222,-648.871094,0.992263415,535736,1046.359375,1534,-359536,-702.218750,1074017,2097.689453,359596,702.335938,0.077411466
MODEL-LEVEL EVIDENCE - ideal DoF - NOT WAN measurement,8192,512,4,periodic-fast-slow-alternation,bec-2.0pct,2,100,8,8,19216,37.531250,49,282623,551.998047,641,0.704800645,21722,42.425781,0.990888337,7509,14.666016,21,-4779,-9.333984,112376,219.484375,4788,9.351562,0.001114990
MODEL-LEVEL EVIDENCE - ideal DoF - NOT WAN measurement,8192,512,4,periodic-fast-slow-alternation,bec-2.0pct,2,100,8,64,19216,37.531250,49,282623,551.998047,641,0.704800645,-17702,-34.574219,0.990888337,66989,130.837891,191,-44123,-86.177734,421343,822.935547,44212,86.351562,0.010202064
MODEL-LEVEL EVIDENCE - ideal DoF - NOT WAN measurement,8192,512,4,periodic-fast-slow-alternation,bec-2.0pct,2,100,8,512,19216,37.531250,49,282623,551.998047,641,0.704800645,-333094,-650.574219,0.990888337,540829,1056.306641,1534,-359547,-702.240234,2893926,5652.199219,359604,702.351562,0.077350412
MODEL-LEVEL EVIDENCE - ideal DoF - NOT WAN measurement,8192,512,4,periodic-fast-slow-alternation,ge-short-1.089pct,11,1010,1,8,50966,99.542969,216,69609,135.955078,296,0.998661962,65374,127.683594,0.999871656,4624,9.031250,16,-4846,-9.464844,4811,9.396484,4843,9.458984,0.001140962
MODEL-LEVEL EVIDENCE - ideal DoF - NOT WAN measurement,8192,512,4,periodic-fast-slow-alternation,ge-short-1.089pct,11,1010,1,64,50966,99.542969,216,69609,135.955078,296,0.998661962,25950,50.683594,0.999871656,37804,73.835938,128,-44478,-86.871094,43949,85.837891,44267,86.458984,0.010332890
MODEL-LEVEL EVIDENCE - ideal DoF - NOT WAN measurement,8192,512,4,periodic-fast-slow-alternation,ge-short-1.089pct,11,1010,1,512,50966,99.542969,216,69609,135.955078,296,0.998661962,-289442,-565.316406,0.999871656,308109,601.775391,1025,-359895,-702.919922,356090,695.488281,359659,702.458984,0.078195596
MODEL-LEVEL EVIDENCE - ideal DoF - NOT WAN measurement,8192,512,4,periodic-fast-slow-alternation,ge-short-1.089pct,11,1010,3,8,64778,126.519531,312,315990,617.167969,1460,0.984761043,84350,164.746094,0.999943364,4679,9.138672,16,-4898,-9.566406,65817,128.548828,4862,9.496094,0.001140604
MODEL-LEVEL EVIDENCE - ideal DoF - NOT WAN measurement,8192,512,4,periodic-fast-slow-alternation,ge-short-1.089pct,11,1010,3,64,64778,126.519531,312,315990,617.167969,1460,0.984761043,44926,87.746094,0.999943364,41565,81.181641,131,-44243,-86.412109,182885,357.197266,44286,86.496094,0.010294095
MODEL-LEVEL EVIDENCE - ideal DoF - NOT WAN measurement,8192,512,4,periodic-fast-slow-alternation,ge-short-1.089pct,11,1010,3,512,64778,126.519531,312,315990,617.167969,1460,0.984761043,-270466,-528.253906,0.999943364,333304,650.984375,1028,-359701,-702.541016,1119245,2186.025391,359678,702.496094,0.077895038
MODEL-LEVEL EVIDENCE - ideal DoF - NOT WAN measurement,8192,512,4,periodic-fast-slow-alternation,ge-short-1.089pct,11,1010,8,8,87255,170.419922,393,1202535,2348.701172,4790,0.985333335,115313,225.220703,0.999960684,4906,9.582031,16,-4948,-9.664062,289613,565.650391,4864,9.500000,0.001137314
MODEL-LEVEL EVIDENCE - ideal DoF - NOT WAN measurement,8192,512,4,periodic-fast-slow-alternation,ge-short-1.089pct,11,1010,8,64,87255,170.419922,393,1202535,2348.701172,4790,0.985333335,75889,148.220703,0.999960684,42937,83.861328,132,-44437,-86.791016,601861,1175.509766,44288,86.500000,0.010260956
MODEL-LEVEL EVIDENCE - ideal DoF - NOT WAN measurement,8192,512,4,periodic-fast-slow-alternation,ge-short-1.089pct,11,1010,8,512,87255,170.419922,393,1202535,2348.701172,4790,0.985333335,-239503,-467.779297,0.999960684,354410,692.207031,1037,-359455,-702.060547,3097945,6050.673828,359680,702.500000,0.077658516
MODEL-LEVEL EVIDENCE - ideal DoF - NOT WAN measurement,8192,512,4,periodic-fast-slow-alternation,ge-long-1.089pct,11,1010,1,8,128231,250.451172,838,174905,341.611328,1149,0.998666320,171718,335.386719,0.999995417,4112,8.031250,15,-4991,-9.748047,4902,9.574219,4920,9.609375,0.001158475
MODEL-LEVEL EVIDENCE - ideal DoF - NOT WAN measurement,8192,512,4,periodic-fast-slow-alternation,ge-long-1.089pct,11,1010,1,64,128231,250.451172,838,174905,341.611328,1149,0.998666320,132294,258.386719,0.999995417,35929,70.173828,127,-44658,-87.222656,44158,86.246094,44344,86.609375,0.010345307
MODEL-LEVEL EVIDENCE - ideal DoF - NOT WAN measurement,8192,512,4,periodic-fast-slow-alternation,ge-long-1.089pct,11,1010,1,512,128231,250.451172,838,174905,341.611328,1149,0.998666320,-183098,-357.613281,0.999995417,286055,558.701172,1023,-360041,-703.205078,357159,697.576172,359736,702.609375,0.078173229
MODEL-LEVEL EVIDENCE - ideal DoF - NOT WAN measurement,8192,512,4,periodic-fast-slow-alternation,ge-long-1.089pct,11,1010,3,8,203585,397.626953,889,981403,1916.802734,4187,0.986026254,275233,537.564453,0.999995624,4789,9.353516,16,-4981,-9.728516,165997,324.212891,4864,9.500000,0.001132374
MODEL-LEVEL EVIDENCE - ideal DoF - NOT WAN measurement,8192,512,4,periodic-fast-slow-alternation,ge-long-1.089pct,11,1010,3,64,203585,397.626953,889,981403,1916.802734,4187,0.986026254,235809,460.564453,0.999995624,41458,80.972656,128,-44761,-87.423828,283528,553.765625,44288,86.500000,0.010216788
MODEL-LEVEL EVIDENCE - ideal DoF - NOT WAN measurement,8192,512,4,periodic-fast-slow-alternation,ge-long-1.089pct,11,1010,3,512,203585,397.626953,889,981403,1916.802734,4187,0.986026254,-79583,-155.435547,0.999995624,322239,629.373047,1028,-360171,-703.458984,1219930,2382.675781,359680,702.500000,0.077346911
MODEL-LEVEL EVIDENCE - ideal DoF - NOT WAN measurement,8192,512,4,periodic-fast-slow-alternation,ge-long-1.089pct,11,1010,8,8,328566,641.730469,1346,4493169,8775.720703,18226,0.974388512,447046,873.136719,0.999995690,5402,10.550781,17,-4986,-9.738281,957201,1869.533203,4844,9.460938,0.001110736
MODEL-LEVEL EVIDENCE - ideal DoF - NOT WAN measurement,8192,512,4,periodic-fast-slow-alternation,ge-long-1.089pct,11,1010,8,64,328566,641.730469,1346,4493169,8775.720703,18226,0.974388512,407622,796.136719,0.999995690,45287,88.451172,142,-45129,-88.142578,1269642,2479.769531,44268,86.460938,0.010059773
MODEL-LEVEL EVIDENCE - ideal DoF - NOT WAN measurement,8192,512,4,periodic-fast-slow-alternation,ge-long-1.089pct,11,1010,8,512,328566,641.730469,1346,4493169,8775.720703,18226,0.974388512,92230,180.136719,0.999995690,347118,677.964844,1037,-361815,-706.669922,3766130,7355.722656,359660,702.460938,0.076265578
MODEL-LEVEL EVIDENCE - ideal DoF - NOT WAN measurement,8192,512,4,seeded-bounded-random-walk,none,0,1,1,8,866016,1691.437500,3532,1920571,3751.115234,7503,0.920376360,1911979,3734.333984,0.920844615,0,0.000000,0,-8592,-16.781250,8592,16.781250,8592,16.781250,0.002044305
MODEL-LEVEL EVIDENCE - ideal DoF - NOT WAN measurement,8192,512,4,seeded-bounded-random-walk,none,0,1,1,64,866016,1691.437500,3532,1920571,3751.115234,7503,0.920376360,1844378,3602.300781,0.924266600,0,0.000000,0,-76193,-148.814453,76193,148.814453,76193,148.814453,0.017841717
MODEL-LEVEL EVIDENCE - ideal DoF - NOT WAN measurement,8192,512,4,seeded-bounded-random-walk,none,0,1,1,512,866016,1691.437500,3532,1920571,3751.115234,7503,0.920376360,1308896,2556.437500,0.948294471,0,0.000000,0,-611675,-1194.677734,611675,1194.677734,611675,1194.677734,0.127273756
MODEL-LEVEL EVIDENCE - ideal DoF - NOT WAN measurement,8192,512,4,seeded-bounded-random-walk,none,0,1,3,8,866016,1691.437500,3532,5761713,11253.345703,22509,0.920376360,1911979,3734.333984,0.920844615,0,0.000000,0,-8592,-16.781250,25776,50.343750,8592,16.781250,0.002044305
MODEL-LEVEL EVIDENCE - ideal DoF - NOT WAN measurement,8192,512,4,seeded-bounded-random-walk,none,0,1,3,64,866016,1691.437500,3532,5761713,11253.345703,22509,0.920376360,1844378,3602.300781,0.924266600,0,0.000000,0,-76193,-148.814453,228579,446.443359,76193,148.814453,0.017841717
MODEL-LEVEL EVIDENCE - ideal DoF - NOT WAN measurement,8192,512,4,seeded-bounded-random-walk,none,0,1,3,512,866016,1691.437500,3532,5761713,11253.345703,22509,0.920376360,1308896,2556.437500,0.948294471,0,0.000000,0,-611675,-1194.677734,1835025,3584.033203,611675,1194.677734,0.127273756
MODEL-LEVEL EVIDENCE - ideal DoF - NOT WAN measurement,8192,512,4,seeded-bounded-random-walk,none,0,1,8,8,866016,1691.437500,3532,15364568,30008.921875,60024,0.920376360,1911979,3734.333984,0.920844615,0,0.000000,0,-8592,-16.781250,68736,134.250000,8592,16.781250,0.002044305
MODEL-LEVEL EVIDENCE - ideal DoF - NOT WAN measurement,8192,512,4,seeded-bounded-random-walk,none,0,1,8,64,866016,1691.437500,3532,15364568,30008.921875,60024,0.920376360,1844378,3602.300781,0.924266600,0,0.000000,0,-76193,-148.814453,609544,1190.515625,76193,148.814453,0.017841717
MODEL-LEVEL EVIDENCE - ideal DoF - NOT WAN measurement,8192,512,4,seeded-bounded-random-walk,none,0,1,8,512,866016,1691.437500,3532,15364568,30008.921875,60024,0.920376360,1308896,2556.437500,0.948294471,0,0.000000,0,-611675,-1194.677734,4893400,9557.421875,611675,1194.677734,0.127273756
MODEL-LEVEL EVIDENCE - ideal DoF - NOT WAN measurement,8192,512,4,seeded-bounded-random-walk,bec-0.5pct,5,1000,1,8,880653,1720.025391,3670,1958294,3824.792969,7674,0.927069730,1959255,3826.669922,0.927552459,4307,8.412109,15,-8727,-17.044922,8678,16.949219,8716,17.023438,0.002063447
MODEL-LEVEL EVIDENCE - ideal DoF - NOT WAN measurement,8192,512,4,seeded-bounded-random-walk,bec-0.5pct,5,1000,1,64,880653,1720.025391,3670,1958294,3824.792969,7674,0.927069730,1891162,3693.675781,0.930486704,38425,75.048828,128,-76808,-150.015625,76437,149.291016,76809,150.017578,0.017895469
MODEL-LEVEL EVIDENCE - ideal DoF - NOT WAN measurement,8192,512,4,seeded-bounded-random-walk,bec-0.5pct,5,1000,1,512,880653,1720.025391,3670,1958294,3824.792969,7674,0.927069730,1350067,2636.849609,0.951090585,311454,608.308594,1025,-617910,-1206.855469,614760,1200.703125,617904,1206.843750,0.127846078
MODEL-LEVEL EVIDENCE - ideal DoF - NOT WAN measurement,8192,512,4,seeded-bounded-random-walk,bec-0.5pct,5,1000,3,8,882405,1723.447266,3668,5895935,11515.498047,23090,0.927025547,1963577,3835.111328,0.927436822,4419,8.630859,15,-8751,-17.091797,34484,67.351562,8743,17.076172,0.002068443
MODEL-LEVEL EVIDENCE - ideal DoF - NOT WAN measurement,8192,512,4,seeded-bounded-random-walk,bec-0.5pct,5,1000,3,64,882405,1723.447266,3668,5895935,11515.498047,23090,0.927025547,1895490,3702.128906,0.930362858,39579,77.302734,128,-76835,-150.068359,237721,464.298828,76830,150.058594,0.017888505
MODEL-LEVEL EVIDENCE - ideal DoF - NOT WAN measurement,8192,512,4,seeded-bounded-random-walk,bec-0.5pct,5,1000,3,512,882405,1723.447266,3668,5895935,11515.498047,23090,0.927025547,1354403,2645.318359,0.951012289,314512,614.281250,1027,-617936,-1206.906250,1852801,3618.751953,617917,1206.869141,0.127773766
MODEL-LEVEL EVIDENCE - ideal DoF - NOT WAN measurement,8192,512,4,seeded-bounded-random-walk,bec-0.5pct,5,1000,8,8,883528,1725.640625,3668,15758655,30778.623047,61682,0.927032008,1966168,3840.171875,0.927471154,4670,9.121094,16,-8716,-17.023438,107690,210.332031,8721,17.033203,0.002062245
MODEL-LEVEL EVIDENCE - ideal DoF - NOT WAN measurement,8192,512,4,seeded-bounded-random-walk,bec-0.5pct,5,1000,8,64,883528,1725.640625,3668,15758655,30778.623047,61682,0.927032008,1898077,3707.181641,0.930381807,39719,77.576172,128,-76838,-150.074219,649730,1269.003906,76812,150.023438,0.017875819
MODEL-LEVEL EVIDENCE - ideal DoF - NOT WAN measurement,8192,512,4,seeded-bounded-random-walk,bec-0.5pct,5,1000,8,512,883528,1725.640625,3668,15758655,30778.623047,61682,0.927032008,1356987,2650.365234,0.951039376,321201,627.345703,1027,-617932,-1206.898438,4956828,9681.304688,617902,1206.839844,0.127716684
MODEL-LEVEL EVIDENCE - ideal DoF - NOT WAN measurement,8192,512,4,seeded-bounded-random-walk,bec-2.0pct,2,100,1,8,927804,1812.117188,3614,2018608,3942.593750,7708,0.933939903,2050951,4005.763672,0.934258267,7315,14.287109,17,-8800,-17.187500,8596,16.789062,8795,17.177734,0.002050858
MODEL-LEVEL EVIDENCE - ideal DoF - NOT WAN measurement,8192,512,4,seeded-bounded-random-walk,bec-2.0pct,2,100,1,64,927804,1812.117188,3614,2018608,3942.593750,7708,0.933939903,1982416,3871.906250,0.936910752,65681,128.283203,188,-77371,-151.115234,75824,148.093750,77330,151.035156,0.017748520
MODEL-LEVEL EVIDENCE - ideal DoF - NOT WAN measurement,8192,512,4,seeded-bounded-random-walk,bec-2.0pct,2,100,1,512,927804,1812.117188,3614,2018608,3942.593750,7708,0.933939903,1440377,2813.236328,0.955421832,530295,1035.732422,1524,-619354,-1209.675781,606953,1185.455078,619369,1209.705078,0.126427071
MODEL-LEVEL EVIDENCE - ideal DoF - NOT WAN measurement,8192,512,4,seeded-bounded-random-walk,bec-2.0pct,2,100,3,8,931677,1819.681641,3658,6097073,11908.345703,23202,0.933803397,2059422,4022.308594,0.934239742,7401,14.455078,21,-8744,-17.078125,42221,82.462891,8731,17.052734,0.002033218
MODEL-LEVEL EVIDENCE - ideal DoF - NOT WAN measurement,8192,512,4,seeded-bounded-random-walk,bec-2.0pct,2,100,3,64,931677,1819.681641,3658,6097073,11908.345703,23202,0.933803397,1990926,3888.527344,0.936866947,66334,129.558594,188,-77197,-150.775391,243703,475.982422,77227,150.833984,0.017701762
MODEL-LEVEL EVIDENCE - ideal DoF - NOT WAN measurement,8192,512,4,seeded-bounded-random-walk,bec-2.0pct,2,100,3,512,931677,1819.681641,3658,6097073,11908.345703,23202,0.933803397,1449092,2830.257812,0.955280057,532593,1040.220703,1510,-619037,-1209.056641,1836384,3586.687500,619061,1209.103516,0.126222880
MODEL-LEVEL EVIDENCE - ideal DoF - NOT WAN measurement,8192,512,4,seeded-bounded-random-walk,bec-2.0pct,2,100,8,8,934303,1824.810547,3658,16339511,31913.107422,61952,0.933909435,2065876,4034.914062,0.934113363,7499,14.646484,22,-8780,-17.148438,143280,279.843750,8752,17.093750,0.002036254
MODEL-LEVEL EVIDENCE - ideal DoF - NOT WAN measurement,8192,512,4,seeded-bounded-random-walk,bec-2.0pct,2,100,8,64,934303,1824.810547,3658,16339511,31913.107422,61952,0.933909435,1997383,3901.138672,0.936735520,67098,131.050781,190,-77320,-151.015625,680329,1328.767578,77245,150.869141,0.017690042
MODEL-LEVEL EVIDENCE - ideal DoF - NOT WAN measurement,8192,512,4,seeded-bounded-random-walk,bec-2.0pct,2,100,8,512,934303,1824.810547,3658,16339511,31913.107422,61952,0.933909435,1455532,2842.835938,0.955160153,539226,1053.175781,1530,-619116,-1209.210938,4927958,9624.917969,619096,1209.171875,0.126129077
MODEL-LEVEL EVIDENCE - ideal DoF - NOT WAN measurement,8192,512,4,seeded-bounded-random-walk,ge-short-1.089pct,11,1010,1,8,865857,1691.126953,3291,1895906,3702.941406,7003,0.918237045,1907671,3725.919922,0.918753522,4374,8.542969,16,-8787,-17.162109,8725,17.041016,8798,17.183594,0.002070475
MODEL-LEVEL EVIDENCE - ideal DoF - NOT WAN measurement,8192,512,4,seeded-bounded-random-walk,ge-short-1.089pct,11,1010,1,64,865857,1691.126953,3291,1895906,3702.941406,7003,0.918237045,1838851,3591.505859,0.922075324,39325,76.806641,132,-77490,-151.347656,76806,150.011719,77618,151.597656,0.017975089
MODEL-LEVEL EVIDENCE - ideal DoF - NOT WAN measurement,8192,512,4,seeded-bounded-random-walk,ge-short-1.089pct,11,1010,1,512,865857,1691.126953,3291,1895906,3702.941406,7003,0.918237045,1296184,2531.609375,0.946301458,314966,615.167969,1032,-620223,-1211.373047,613830,1198.886719,620285,1211.494141,0.127610860
MODEL-LEVEL EVIDENCE - ideal DoF - NOT WAN measurement,8192,512,4,seeded-bounded-random-walk,ge-short-1.089pct,11,1010,3,8,878464,1715.750000,3345,5820133,11367.447266,21412,0.918693536,1935663,3780.591797,0.919055274,4675,9.130859,16,-8915,-17.412109,75652,147.757812,8835,17.255859,0.002070829
MODEL-LEVEL EVIDENCE - ideal DoF - NOT WAN measurement,8192,512,4,seeded-bounded-random-walk,ge-short-1.089pct,11,1010,3,64,878464,1715.750000,3345,5820133,11367.447266,21412,0.918693536,1866883,3646.255859,0.922348940,41153,80.376953,132,-77685,-151.728516,279468,545.835938,77615,151.591797,0.017903495
MODEL-LEVEL EVIDENCE - ideal DoF - NOT WAN measurement,8192,512,4,seeded-bounded-random-walk,ge-short-1.089pct,11,1010,3,512,878464,1715.750000,3345,5820133,11367.447266,21412,0.918693536,1323795,2585.537109,0.946442824,340530,665.097656,1039,-620634,-1212.175781,1891685,3694.697266,620703,1212.310547,0.127238214
MODEL-LEVEL EVIDENCE - ideal DoF - NOT WAN measurement,8192,512,4,seeded-bounded-random-walk,ge-short-1.089pct,11,1010,8,8,893080,1744.296875,3383,15883419,31022.302734,57574,0.917951112,1966997,3841.791016,0.918198177,4798,9.371094,16,-8919,-17.419922,317556,620.226562,8852,17.289062,0.002067858
MODEL-LEVEL EVIDENCE - ideal DoF - NOT WAN measurement,8192,512,4,seeded-bounded-random-walk,ge-short-1.089pct,11,1010,8,64,893080,1744.296875,3383,15883419,31022.302734,57574,0.917951112,1898357,3707.728516,0.921500123,41891,81.818359,133,-77563,-151.490234,860709,1681.072266,77492,151.351562,0.017816714
MODEL-LEVEL EVIDENCE - ideal DoF - NOT WAN measurement,8192,512,4,seeded-bounded-random-walk,ge-short-1.089pct,11,1010,8,512,893080,1744.296875,3383,15883419,31022.302734,57574,0.917951112,1355340,2647.148438,0.945601906,352111,687.716797,1042,-620312,-1211.546875,5158966,10076.105469,620509,1211.931641,0.126830793
MODEL-LEVEL EVIDENCE - ideal DoF - NOT WAN measurement,8192,512,4,seeded-bounded-random-walk,ge-long-1.089pct,11,1010,1,8,887117,1732.650391,3598,1971986,3851.535156,7650,0.931492037,1986627,3880.130859,0.932342725,4192,8.187500,15,-8791,-17.169922,8719,17.029297,8776,17.140625,0.002065783
MODEL-LEVEL EVIDENCE - ideal DoF - NOT WAN measurement,8192,512,4,seeded-bounded-random-walk,ge-long-1.089pct,11,1010,1,64,887117,1732.650391,3598,1971986,3851.535156,7650,0.931492037,1918472,3747.015625,0.935028894,37056,72.375000,128,-76976,-150.343750,76354,149.128906,76931,150.255859,0.017822855
MODEL-LEVEL EVIDENCE - ideal DoF - NOT WAN measurement,8192,512,4,seeded-bounded-random-walk,ge-long-1.089pct,11,1010,1,512,887117,1732.650391,3598,1971986,3851.535156,7650,0.931492037,1377564,2690.554688,0.953000694,293146,572.550781,1027,-618335,-1207.685547,611653,1194.634766,617839,1206.716797,0.127197194
MODEL-LEVEL EVIDENCE - ideal DoF - NOT WAN measurement,8192,512,4,seeded-bounded-random-walk,ge-long-1.089pct,11,1010,3,8,915610,1788.300781,3726,6258557,12223.744141,24282,0.933337550,2049758,4003.433594,0.934526923,6352,12.406250,22,-8610,-16.816406,177170,346.035156,8703,16.998047,0.002023569
MODEL-LEVEL EVIDENCE - ideal DoF - NOT WAN measurement,8192,512,4,seeded-bounded-random-walk,ge-long-1.089pct,11,1010,3,64,915610,1788.300781,3726,6258557,12223.744141,24282,0.933337550,1981563,3870.240234,0.937031618,42914,83.816406,141,-77336,-151.046875,379681,741.564453,76898,150.191406,0.017600772
MODEL-LEVEL EVIDENCE - ideal DoF - NOT WAN measurement,8192,512,4,seeded-bounded-random-walk,ge-long-1.089pct,11,1010,3,512,915610,1788.300781,3726,6258557,12223.744141,24282,0.933337550,1440489,2813.455078,0.953944355,315941,617.072266,1042,-619687,-1210.326172,1985101,3877.150391,617972,1206.976562,0.125857648
MODEL-LEVEL EVIDENCE - ideal DoF - NOT WAN measurement,8192,512,4,seeded-bounded-random-walk,ge-long-1.089pct,11,1010,8,8,965132,1885.023438,3874,18028353,35211.626953,69436,0.927956666,2158528,4215.875000,0.931646559,8939,17.458984,28,-8468,-16.539062,947660,1850.898438,8719,17.029297,0.001999975
MODEL-LEVEL EVIDENCE - ideal DoF - NOT WAN measurement,8192,512,4,seeded-bounded-random-walk,ge-long-1.089pct,11,1010,8,64,965132,1885.023438,3874,18028353,35211.626953,69436,0.927956666,2090368,4082.750000,0.933968459,47380,92.539062,181,-77740,-151.835938,1486690,2903.691406,76879,150.154297,0.017363136
MODEL-LEVEL EVIDENCE - ideal DoF - NOT WAN measurement,8192,512,4,seeded-bounded-random-walk,ge-long-1.089pct,11,1010,8,512,965132,1885.023438,3874,18028353,35211.626953,69436,0.927956666,1547886,3023.214844,0.950085976,345707,675.208984,1061,-622141,-1215.119141,5779001,11287.111328,619361,1209.689453,0.124615005
MODEL-LEVEL EVIDENCE - ideal DoF - NOT WAN measurement,8192,512,8,static-1to1,none,0,1,1,8,0,0.000000,0,0,0.000000,0,,-28672,-56.000000,,0,0.000000,0,-28672,-56.000000,28672,56.000000,28672,56.000000,0.006789525
MODEL-LEVEL EVIDENCE - ideal DoF - NOT WAN measurement,8192,512,8,static-1to1,none,0,1,1,64,0,0.000000,0,0,0.000000,0,,-258048,-504.000000,,0,0.000000,0,-258048,-504.000000,258048,504.000000,258048,504.000000,0.057957682
MODEL-LEVEL EVIDENCE - ideal DoF - NOT WAN measurement,8192,512,8,static-1to1,none,0,1,1,512,0,0.000000,0,0,0.000000,0,,-2093056,-4088.000000,,0,0.000000,0,-2093056,-4088.000000,2093056,4088.000000,2093056,4088.000000,0.332899023
MODEL-LEVEL EVIDENCE - ideal DoF - NOT WAN measurement,8192,512,8,static-1to1,none,0,1,3,8,0,0.000000,0,0,0.000000,0,,-28672,-56.000000,,0,0.000000,0,-28672,-56.000000,86016,168.000000,28672,56.000000,0.006789525
MODEL-LEVEL EVIDENCE - ideal DoF - NOT WAN measurement,8192,512,8,static-1to1,none,0,1,3,64,0,0.000000,0,0,0.000000,0,,-258048,-504.000000,,0,0.000000,0,-258048,-504.000000,774144,1512.000000,258048,504.000000,0.057957682
MODEL-LEVEL EVIDENCE - ideal DoF - NOT WAN measurement,8192,512,8,static-1to1,none,0,1,3,512,0,0.000000,0,0,0.000000,0,,-2093056,-4088.000000,,0,0.000000,0,-2093056,-4088.000000,6279168,12264.000000,2093056,4088.000000,0.332899023
MODEL-LEVEL EVIDENCE - ideal DoF - NOT WAN measurement,8192,512,8,static-1to1,none,0,1,8,8,0,0.000000,0,0,0.000000,0,,-28672,-56.000000,,0,0.000000,0,-28672,-56.000000,229376,448.000000,28672,56.000000,0.006789525
MODEL-LEVEL EVIDENCE - ideal DoF - NOT WAN measurement,8192,512,8,static-1to1,none,0,1,8,64,0,0.000000,0,0,0.000000,0,,-258048,-504.000000,,0,0.000000,0,-258048,-504.000000,2064384,4032.000000,258048,504.000000,0.057957682
MODEL-LEVEL EVIDENCE - ideal DoF - NOT WAN measurement,8192,512,8,static-1to1,none,0,1,8,512,0,0.000000,0,0,0.000000,0,,-2093056,-4088.000000,,0,0.000000,0,-2093056,-4088.000000,16744448,32704.000000,2093056,4088.000000,0.332899023
MODEL-LEVEL EVIDENCE - ideal DoF - NOT WAN measurement,8192,512,8,static-1to1,bec-0.5pct,5,1000,1,8,1522,2.972656,5,12265,23.955078,43,0.956737193,-18069,-35.291016,0.978544895,4285,8.369141,15,-30428,-59.429688,30251,59.083984,30396,59.367188,0.007158765
MODEL-LEVEL EVIDENCE - ideal DoF - NOT WAN measurement,8192,512,8,static-1to1,bec-0.5pct,5,1000,1,64,1522,2.972656,5,12265,23.955078,43,0.956737193,-247445,-483.291016,0.978544895,38637,75.462891,127,-259790,-507.402344,258470,504.824219,259772,507.367188,0.058044939
MODEL-LEVEL EVIDENCE - ideal DoF - NOT WAN measurement,8192,512,8,static-1to1,bec-0.5pct,5,1000,1,512,1522,2.972656,5,12265,23.955078,43,0.956737193,-2082453,-4067.291016,0.978544895,312301,609.962891,1023,-2094806,-4091.417969,2084278,4070.855469,2094780,4091.367188,0.331958453
MODEL-LEVEL EVIDENCE - ideal DoF - NOT WAN measurement,8192,512,8,static-1to1,bec-0.5pct,5,1000,3,8,1864,3.640625,6,53810,105.097656,162,0.919993966,-15314,-29.910156,0.976159662,4487,8.763672,15,-30495,-59.560547,99524,194.382812,30494,59.558594,0.007177004
MODEL-LEVEL EVIDENCE - ideal DoF - NOT WAN measurement,8192,512,8,static-1to1,bec-0.5pct,5,1000,3,64,1864,3.640625,6,53810,105.097656,162,0.919993966,-244690,-477.910156,0.976159662,38831,75.841797,127,-259890,-507.597656,784139,1531.521484,259870,507.558594,0.058029701
MODEL-LEVEL EVIDENCE - ideal DoF - NOT WAN measurement,8192,512,8,static-1to1,bec-0.5pct,5,1000,3,512,1864,3.640625,6,53810,105.097656,162,0.919993966,-2079698,-4061.910156,0.976159662,322543,629.966797,1023,-2094878,-4091.558594,6261742,12229.964844,2094878,4091.558594,0.331823383
MODEL-LEVEL EVIDENCE - ideal DoF - NOT WAN measurement,8192,512,8,static-1to1,bec-0.5pct,5,1000,8,8,2250,4.394531,7,183240,357.890625,503,0.914522826,-12238,-23.902344,0.978812889,4675,9.130859,15,-30424,-59.421875,280671,548.185547,30410,59.394531,0.007154096
MODEL-LEVEL EVIDENCE - ideal DoF - NOT WAN measurement,8192,512,8,static-1to1,bec-0.5pct,5,1000,8,64,2250,4.394531,7,183240,357.890625,503,0.914522826,-241614,-471.902344,0.978812889,40555,79.208984,127,-259807,-507.435547,2106396,4114.054688,259786,507.394531,0.057986807
MODEL-LEVEL EVIDENCE - ideal DoF - NOT WAN measurement,8192,512,8,static-1to1,bec-0.5pct,5,1000,8,512,2250,4.394531,7,183240,357.890625,503,0.914522826,-2076622,-4055.902344,0.978812889,328683,641.958984,1023,-2094807,-4091.419922,16713359,32643.279297,2094794,4091.394531,0.331712139
MODEL-LEVEL EVIDENCE - ideal DoF - NOT WAN measurement,8192,512,8,static-1to1,bec-2.0pct,2,100,1,8,3182,6.214844,11,25037,48.900391,85,0.984711229,-4886,-9.542969,0.993210881,7525,14.697266,22,-30478,-59.527344,29847,58.294922,30484,59.539062,0.007072184
MODEL-LEVEL EVIDENCE - ideal DoF - NOT WAN measurement,8192,512,8,static-1to1,bec-2.0pct,2,100,1,64,3182,6.214844,11,25037,48.900391,85,0.984711229,-234262,-457.542969,0.993210881,65787,128.490234,190,-259876,-507.570312,254637,497.337891,259860,507.539062,0.057240609
MODEL-LEVEL EVIDENCE - ideal DoF - NOT WAN measurement,8192,512,8,static-1to1,bec-2.0pct,2,100,1,512,3182,6.214844,11,25037,48.900391,85,0.984711229,-2069270,-4041.542969,0.993210881,525110,1025.605469,1024,-2094882,-4091.566406,2053246,4010.246094,2094868,4091.539062,0.328617467
MODEL-LEVEL EVIDENCE - ideal DoF - NOT WAN measurement,8192,512,8,static-1to1,bec-2.0pct,2,100,3,8,3849,7.517578,12,108196,211.320312,321,0.932773181,530,1.035156,0.993663760,7547,14.740234,22,-30535,-59.638672,106638,208.277344,30520,59.609375,0.007070891
MODEL-LEVEL EVIDENCE - ideal DoF - NOT WAN measurement,8192,512,8,static-1to1,bec-2.0pct,2,100,3,64,3849,7.517578,12,108196,211.320312,321,0.932773181,-228846,-446.964844,0.993663760,66058,129.019531,190,-259957,-507.728516,781022,1525.433594,259896,507.609375,0.057174485
MODEL-LEVEL EVIDENCE - ideal DoF - NOT WAN measurement,8192,512,8,static-1to1,bec-2.0pct,2,100,3,512,3849,7.517578,12,108196,211.320312,321,0.932773181,-2063854,-4030.964844,0.993663760,530696,1036.515625,1534,-2094909,-4091.619141,6176002,12062.503906,2094904,4091.609375,0.328320277
MODEL-LEVEL EVIDENCE - ideal DoF - NOT WAN measurement,8192,512,8,static-1to1,bec-2.0pct,2,100,8,8,4443,8.677734,13,357074,697.410156,949,0.902993814,5197,10.150391,0.992827954,7749,15.134766,22,-30567,-59.701172,316363,617.896484,30577,59.720703,0.007077419
MODEL-LEVEL EVIDENCE - ideal DoF - NOT WAN measurement,8192,512,8,static-1to1,bec-2.0pct,2,100,8,64,4443,8.677734,13,357074,697.410156,949,0.902993814,-224179,-437.849609,0.992827954,66299,129.490234,190,-260004,-507.820312,2114500,4129.882812,259953,507.720703,0.057135843
MODEL-LEVEL EVIDENCE - ideal DoF - NOT WAN measurement,8192,512,8,static-1to1,bec-2.0pct,2,100,8,512,4443,8.677734,13,357074,697.410156,949,0.902993814,-2059187,-4021.849609,0.992827954,535291,1045.490234,1534,-2095037,-4091.869141,16500016,32226.593750,2094961,4091.720703,0.328119812
MODEL-LEVEL EVIDENCE - ideal DoF - NOT WAN measurement,8192,512,8,static-1to1,ge-short-1.089pct,11,1010,1,8,12313,24.048828,50,97576,190.578125,390,0.998288947,68022,132.855469,0.999766875,4521,8.830078,15,-30651,-59.865234,30346,59.269531,30641,59.845703,0.007174238
MODEL-LEVEL EVIDENCE - ideal DoF - NOT WAN measurement,8192,512,8,static-1to1,ge-short-1.089pct,11,1010,1,64,12313,24.048828,50,97576,190.578125,390,0.998288947,-161354,-315.144531,0.999766875,39510,77.167969,128,-259943,-507.701172,257129,502.205078,260017,507.845703,0.057777036
MODEL-LEVEL EVIDENCE - ideal DoF - NOT WAN measurement,8192,512,8,static-1to1,ge-short-1.089pct,11,1010,1,512,12313,24.048828,50,97576,190.578125,390,0.998288947,-1996362,-3899.144531,0.999766875,325585,635.908203,1024,-2095015,-4091.826172,2071608,4046.109375,2095025,4091.845703,0.330687601
MODEL-LEVEL EVIDENCE - ideal DoF - NOT WAN measurement,8192,512,8,static-1to1,ge-short-1.089pct,11,1010,3,8,17456,34.093750,60,466931,911.974609,1565,0.982075924,109231,213.341797,0.999791511,4979,9.724609,15,-30541,-59.650391,143202,279.691406,30510,59.589844,0.007114143
MODEL-LEVEL EVIDENCE - ideal DoF - NOT WAN measurement,8192,512,8,static-1to1,ge-short-1.089pct,11,1010,3,64,17456,34.093750,60,466931,911.974609,1565,0.982075924,-120145,-234.658203,0.999791511,40885,79.853516,127,-260074,-507.957031,823480,1608.359375,259886,507.589844,0.057522151
MODEL-LEVEL EVIDENCE - ideal DoF - NOT WAN measurement,8192,512,8,static-1to1,ge-short-1.089pct,11,1010,3,512,17456,34.093750,60,466931,911.974609,1565,0.982075924,-1955153,-3818.658203,0.999791511,342461,668.869141,1024,-2094961,-4091.720703,6268392,12242.953125,2094894,4091.589844,0.329747534
MODEL-LEVEL EVIDENCE - ideal DoF - NOT WAN measurement,8192,512,8,static-1to1,ge-short-1.089pct,11,1010,8,8,22362,43.675781,71,1672441,3266.486328,5044,0.977212332,148462,289.964844,0.999816061,5080,9.921875,15,-30552,-59.671875,498203,973.052734,30472,59.515625,0.007080794
MODEL-LEVEL EVIDENCE - ideal DoF - NOT WAN measurement,8192,512,8,static-1to1,ge-short-1.089pct,11,1010,8,64,22362,43.675781,71,1672441,3266.486328,5044,0.977212332,-80914,-158.035156,0.999816061,42730,83.457031,128,-260071,-507.951172,2312849,4517.283203,259848,507.515625,0.057325549
MODEL-LEVEL EVIDENCE - ideal DoF - NOT WAN measurement,8192,512,8,static-1to1,ge-short-1.089pct,11,1010,8,512,22362,43.675781,71,1672441,3266.486328,5044,0.977212332,-1915922,-3742.035156,0.999816061,356788,696.851562,1024,-2094965,-4091.728516,16833963,32878.833984,2094856,4091.515625,0.328973520
MODEL-LEVEL EVIDENCE - ideal DoF - NOT WAN measurement,8192,512,8,static-1to1,ge-long-1.089pct,11,1010,1,8,33080,64.609375,258,259414,506.667969,2060,0.998611799,234346,457.707031,0.999994863,5240,10.234375,22,-30507,-59.583984,30172,58.929688,30550,59.667969,0.007152275
MODEL-LEVEL EVIDENCE - ideal DoF - NOT WAN measurement,8192,512,8,static-1to1,ge-long-1.089pct,11,1010,1,64,33080,64.609375,258,259414,506.667969,2060,0.998611799,4970,9.707031,0.999994863,38954,76.082031,127,-260342,-508.480469,256932,501.820312,259926,507.667969,0.057751785
MODEL-LEVEL EVIDENCE - ideal DoF - NOT WAN measurement,8192,512,8,static-1to1,ge-long-1.089pct,11,1010,1,512,33080,64.609375,258,259414,506.667969,2060,0.998611799,-1830038,-3574.292969,0.999994863,302967,591.732422,1023,-2095851,-4093.458984,2071734,4046.355469,2094934,4091.667969,0.330652778
MODEL-LEVEL EVIDENCE - ideal DoF - NOT WAN measurement,8192,512,8,static-1to1,ge-long-1.089pct,11,1010,3,8,68051,132.912109,366,1755145,3428.017578,9230,0.997641514,513957,1003.822266,0.999996710,6364,12.429688,29,-30435,-59.443359,232358,453.824219,30468,59.507812,0.007057457
MODEL-LEVEL EVIDENCE - ideal DoF - NOT WAN measurement,8192,512,8,static-1to1,ge-long-1.089pct,11,1010,3,64,68051,132.912109,366,1755145,3428.017578,9230,0.997641514,284581,555.822266,0.999996710,42840,83.671875,187,-260809,-509.392578,913292,1783.773438,259844,507.507812,0.057152384
MODEL-LEVEL EVIDENCE - ideal DoF - NOT WAN measurement,8192,512,8,static-1to1,ge-long-1.089pct,11,1010,3,512,68051,132.912109,366,1755145,3428.017578,9230,0.997641514,-1550427,-3028.177734,0.999996710,325375,635.498047,1024,-2096682,-4095.082031,6360796,12423.429688,2094852,4091.507812,0.328268500
MODEL-LEVEL EVIDENCE - ideal DoF - NOT WAN measurement,8192,512,8,static-1to1,ge-long-1.089pct,11,1010,8,8,112067,218.880859,439,7964532,15555.726562,30213,0.995105153,866055,1691.513672,0.999996791,6807,13.294922,30,-30560,-59.687500,1110998,2169.917969,30414,59.402344,0.006944292
MODEL-LEVEL EVIDENCE - ideal DoF - NOT WAN measurement,8192,512,8,static-1to1,ge-long-1.089pct,11,1010,8,64,112067,218.880859,439,7964532,15555.726562,30213,0.995105153,636679,1243.513672,0.999996791,45942,89.730469,188,-261950,-511.621094,2927379,5717.537109,259790,507.402344,0.056364730
MODEL-LEVEL EVIDENCE - ideal DoF - NOT WAN measurement,8192,512,8,static-1to1,ge-long-1.089pct,11,1010,8,512,112067,218.880859,439,7964532,15555.726562,30213,0.995105153,-1198329,-2340.486328,0.999996791,348762,681.175781,1026,-2097904,-4097.468750,17457006,34095.714844,2094798,4091.402344,0.325072438
MODEL-LEVEL EVIDENCE - ideal DoF - NOT WAN measurement,8192,512,8,static-2to1,none,0,1,1,8,0,0.000000,0,512,1.000000,1,,-17408,-34.000000,,0,0.000000,0,-17920,-35.000000,17920,35.000000,17920,35.000000,0.004254285
MODEL-LEVEL EVIDENCE - ideal DoF - NOT WAN measurement,8192,512,8,static-2to1,none,0,1,1,64,0,0.000000,0,512,1.000000,1,,-146432,-286.000000,,0,0.000000,0,-146944,-287.000000,146944,287.000000,146944,287.000000,0.033848331
MODEL-LEVEL EVIDENCE - ideal DoF - NOT WAN measurement,8192,512,8,static-2to1,none,0,1,1,512,0,0.000000,0,512,1.000000,1,,-1178624,-2302.000000,,0,0.000000,0,-1179136,-2303.000000,1179136,2303.000000,1179136,2303.000000,0.219437828
MODEL-LEVEL EVIDENCE - ideal DoF - NOT WAN measurement,8192,512,8,static-2to1,none,0,1,3,8,0,0.000000,0,1536,3.000000,3,,-17408,-34.000000,,0,0.000000,0,-17920,-35.000000,53760,105.000000,17920,35.000000,0.004254285
MODEL-LEVEL EVIDENCE - ideal DoF - NOT WAN measurement,8192,512,8,static-2to1,none,0,1,3,64,0,0.000000,0,1536,3.000000,3,,-146432,-286.000000,,0,0.000000,0,-146944,-287.000000,440832,861.000000,146944,287.000000,0.033848331
MODEL-LEVEL EVIDENCE - ideal DoF - NOT WAN measurement,8192,512,8,static-2to1,none,0,1,3,512,0,0.000000,0,1536,3.000000,3,,-1178624,-2302.000000,,0,0.000000,0,-1179136,-2303.000000,3537408,6909.000000,1179136,2303.000000,0.219437828
MODEL-LEVEL EVIDENCE - ideal DoF - NOT WAN measurement,8192,512,8,static-2to1,none,0,1,8,8,0,0.000000,0,4096,8.000000,8,,-17408,-34.000000,,0,0.000000,0,-17920,-35.000000,143360,280.000000,17920,35.000000,0.004254285
MODEL-LEVEL EVIDENCE - ideal DoF - NOT WAN measurement,8192,512,8,static-2to1,none,0,1,8,64,0,0.000000,0,4096,8.000000,8,,-146432,-286.000000,,0,0.000000,0,-146944,-287.000000,1175552,2296.000000,146944,287.000000,0.033848331
MODEL-LEVEL EVIDENCE - ideal DoF - NOT WAN measurement,8192,512,8,static-2to1,none,0,1,8,512,0,0.000000,0,4096,8.000000,8,,-1178624,-2302.000000,,0,0.000000,0,-1179136,-2303.000000,9433088,18424.000000,1179136,2303.000000,0.219437828
MODEL-LEVEL EVIDENCE - ideal DoF - NOT WAN measurement,8192,512,8,static-2to1,bec-0.5pct,5,1000,1,8,2737,5.345703,10,12537,24.486328,48,0.967473623,-3764,-7.351562,0.980488119,4722,9.222656,16,-16357,-31.947266,16286,31.808594,16365,31.962891,0.003867124
MODEL-LEVEL EVIDENCE - ideal DoF - NOT WAN measurement,8192,512,8,static-2to1,bec-0.5pct,5,1000,1,64,2737,5.345703,10,12537,24.486328,48,0.967473623,-132788,-259.351562,0.980488119,39674,77.488281,128,-145368,-283.921875,144632,282.484375,145389,283.962891,0.033339594
MODEL-LEVEL EVIDENCE - ideal DoF - NOT WAN measurement,8192,512,8,static-2to1,bec-0.5pct,5,1000,1,512,2737,5.345703,10,12537,24.486328,48,0.967473623,-1164980,-2275.351562,0.980488119,316283,617.740234,1024,-1177567,-2299.935547,1171650,2288.378906,1177581,2299.962891,0.218351866
MODEL-LEVEL EVIDENCE - ideal DoF - NOT WAN measurement,8192,512,8,static-2to1,bec-0.5pct,5,1000,3,8,3572,6.976562,12,57692,112.679688,180,0.931660676,89,0.173828,0.981235189,4934,9.636719,16,-16318,-31.871094,57436,112.179688,16330,31.894531,0.003856389
MODEL-LEVEL EVIDENCE - ideal DoF - NOT WAN measurement,8192,512,8,static-2to1,bec-0.5pct,5,1000,3,64,3572,6.976562,12,57692,112.679688,180,0.931660676,-128935,-251.826172,0.981235189,40880,79.843750,128,-145315,-283.818359,442523,864.302734,145354,283.894531,0.033310913
MODEL-LEVEL EVIDENCE - ideal DoF - NOT WAN measurement,8192,512,8,static-2to1,bec-0.5pct,5,1000,3,512,3572,6.976562,12,57692,112.679688,180,0.931660676,-1161127,-2267.826172,0.981235189,325489,635.720703,1024,-1177530,-2299.863281,3523748,6882.320312,1177546,2299.894531,0.218235955
MODEL-LEVEL EVIDENCE - ideal DoF - NOT WAN measurement,8192,512,8,static-2to1,bec-0.5pct,5,1000,8,8,4256,8.312500,12,193122,377.191406,529,0.924184862,3093,6.041016,0.978341347,5001,9.767578,16,-16346,-31.925781,168507,329.115234,16337,31.908203,0.003856270
MODEL-LEVEL EVIDENCE - ideal DoF - NOT WAN measurement,8192,512,8,static-2to1,bec-0.5pct,5,1000,8,64,4256,8.312500,12,193122,377.191406,529,0.924184862,-125931,-245.958984,0.978341347,40961,80.001953,128,-145361,-283.908203,1195527,2335.013672,145361,283.908203,0.033297667
MODEL-LEVEL EVIDENCE - ideal DoF - NOT WAN measurement,8192,512,8,static-2to1,bec-0.5pct,5,1000,8,512,4256,8.312500,12,193122,377.191406,529,0.924184862,-1158123,-2261.958984,0.978341347,327042,638.753906,1024,-1177565,-2299.931641,9412084,18382.976562,1177553,2299.908203,0.218158573
MODEL-LEVEL EVIDENCE - ideal DoF - NOT WAN measurement,8192,512,8,static-2to1,bec-2.0pct,2,100,1,8,5952,11.625000,22,26431,51.623047,94,0.989855221,10597,20.697266,0.993817240,7986,15.597656,22,-16338,-31.910156,16023,31.294922,16330,31.894531,0.003801156
MODEL-LEVEL EVIDENCE - ideal DoF - NOT WAN measurement,8192,512,8,static-2to1,bec-2.0pct,2,100,1,64,5952,11.625000,22,26431,51.623047,94,0.989855221,-118427,-231.302734,0.993817240,66145,129.189453,190,-145329,-283.845703,142500,278.320312,145354,283.894531,0.032847723
MODEL-LEVEL EVIDENCE - ideal DoF - NOT WAN measurement,8192,512,8,static-2to1,bec-2.0pct,2,100,1,512,5952,11.625000,22,26431,51.623047,94,0.989855221,-1150619,-2247.302734,0.993817240,528477,1032.181641,1534,-1177522,-2299.847656,1154163,2254.224609,1177546,2299.894531,0.215775337
MODEL-LEVEL EVIDENCE - ideal DoF - NOT WAN measurement,8192,512,8,static-2to1,bec-2.0pct,2,100,3,8,7271,14.201172,24,114107,222.865234,335,0.943495234,16686,32.589844,0.994248895,7975,15.576172,22,-16355,-31.943359,65048,127.046875,16300,31.835938,0.003788991
MODEL-LEVEL EVIDENCE - ideal DoF - NOT WAN measurement,8192,512,8,static-2to1,bec-2.0pct,2,100,3,64,7271,14.201172,24,114107,222.865234,335,0.943495234,-112338,-219.410156,0.994248895,67371,131.583984,190,-145299,-283.787109,444343,867.857422,145324,283.835938,0.032797400
MODEL-LEVEL EVIDENCE - ideal DoF - NOT WAN measurement,8192,512,8,static-2to1,bec-2.0pct,2,100,3,512,7271,14.201172,24,114107,222.865234,335,0.943495234,-1144530,-2235.410156,0.994248895,537130,1049.082031,1534,-1177483,-2299.771484,3479023,6794.966797,1177516,2299.835938,0.215537804
MODEL-LEVEL EVIDENCE - ideal DoF - NOT WAN measurement,8192,512,8,static-2to1,bec-2.0pct,2,100,8,8,8592,16.781250,26,383608,749.234375,1058,0.933517770,22709,44.353516,0.993203159,7949,15.525391,22,-16371,-31.974609,205614,401.589844,16361,31.955078,0.003799436
MODEL-LEVEL EVIDENCE - ideal DoF - NOT WAN measurement,8192,512,8,static-2to1,bec-2.0pct,2,100,8,64,8592,16.781250,26,383608,749.234375,1058,0.933517770,-106315,-207.646484,0.993203159,67534,131.902344,190,-145289,-283.767578,1217112,2377.171875,145385,283.955078,0.032779881
MODEL-LEVEL EVIDENCE - ideal DoF - NOT WAN measurement,8192,512,8,static-2to1,bec-2.0pct,2,100,8,512,8592,16.781250,26,383608,749.234375,1058,0.933517770,-1138507,-2223.646484,0.993203159,543254,1061.042969,1534,-1177550,-2299.902344,9309579,18182.771484,1177577,2299.955078,0.215382243
MODEL-LEVEL EVIDENCE - ideal DoF - NOT WAN measurement,8192,512,8,static-2to1,ge-short-1.089pct,11,1010,1,8,21591,42.169922,92,96147,187.787109,405,0.998324452,80887,157.982422,0.999763471,4979,9.724609,16,-16390,-32.011719,16159,31.560547,16333,31.900391,0.003836649
MODEL-LEVEL EVIDENCE - ideal DoF - NOT WAN measurement,8192,512,8,static-2to1,ge-short-1.089pct,11,1010,1,64,21591,42.169922,92,96147,187.787109,405,0.998324452,-48137,-94.017578,0.999763471,40107,78.333984,128,-145386,-283.957031,143605,280.478516,145357,283.900391,0.033140194
MODEL-LEVEL EVIDENCE - ideal DoF - NOT WAN measurement,8192,512,8,static-2to1,ge-short-1.089pct,11,1010,1,512,21591,42.169922,92,96147,187.787109,405,0.998324452,-1080329,-2110.017578,0.999763471,325932,636.585938,1024,-1177586,-2299.972656,1164029,2273.494141,1177549,2299.900391,0.217327487
MODEL-LEVEL EVIDENCE - ideal DoF - NOT WAN measurement,8192,512,8,static-2to1,ge-short-1.089pct,11,1010,3,8,32497,63.470703,115,487291,951.740234,1646,0.987127964,130069,254.041016,0.999830133,5294,10.339844,16,-16408,-32.046875,101456,198.156250,16352,31.937500,0.003825411
MODEL-LEVEL EVIDENCE - ideal DoF - NOT WAN measurement,8192,512,8,static-2to1,ge-short-1.089pct,11,1010,3,64,32497,63.470703,115,487291,951.740234,1646,0.987127964,1045,2.041016,0.999830133,41880,81.796875,129,-145427,-284.037109,484048,945.406250,145376,283.937500,0.033013012
MODEL-LEVEL EVIDENCE - ideal DoF - NOT WAN measurement,8192,512,8,static-2to1,ge-short-1.089pct,11,1010,3,512,32497,63.470703,115,487291,951.740234,1646,0.987127964,-1031147,-2013.958984,0.999830133,350511,684.591797,1026,-1177473,-2299.751953,3546059,6925.896484,1177568,2299.937500,0.216632397
MODEL-LEVEL EVIDENCE - ideal DoF - NOT WAN measurement,8192,512,8,static-2to1,ge-short-1.089pct,11,1010,8,8,43014,84.011719,138,1787852,3491.898438,5528,0.984028444,177439,346.560547,0.999842890,5568,10.875000,22,-16431,-32.091797,384390,750.761719,16319,31.873047,0.003804651
MODEL-LEVEL EVIDENCE - ideal DoF - NOT WAN measurement,8192,512,8,static-2to1,ge-short-1.089pct,11,1010,8,64,43014,84.011719,138,1787852,3491.898438,5528,0.984028444,48415,94.560547,0.999842890,43637,85.228516,130,-145549,-284.275391,1405194,2744.519531,145343,283.873047,0.032896071
MODEL-LEVEL EVIDENCE - ideal DoF - NOT WAN measurement,8192,512,8,static-2to1,ge-short-1.089pct,11,1010,8,512,43014,84.011719,138,1787852,3491.898438,5528,0.984028444,-983777,-1921.439453,0.999842890,356087,695.482422,1026,-1177794,-2300.378906,9572782,18696.839844,1177535,2299.873047,0.216044026
MODEL-LEVEL EVIDENCE - ideal DoF - NOT WAN measurement,8192,512,8,static-2to1,ge-long-1.089pct,11,1010,1,8,66452,129.789062,528,292749,571.775391,2205,0.998539721,282808,552.359375,0.999995821,4850,9.472656,22,-16428,-32.085938,16246,31.730469,16375,31.982422,0.003843325
MODEL-LEVEL EVIDENCE - ideal DoF - NOT WAN measurement,8192,512,8,static-2to1,ge-long-1.089pct,11,1010,1,64,66452,129.789062,528,292749,571.775391,2205,0.998539721,153784,300.359375,0.999995821,39451,77.052734,128,-145619,-284.412109,144136,281.515625,145399,283.982422,0.033123082
MODEL-LEVEL EVIDENCE - ideal DoF - NOT WAN measurement,8192,512,8,static-2to1,ge-long-1.089pct,11,1010,1,512,66452,129.789062,528,292749,571.775391,2205,0.998539721,-878408,-1715.640625,0.999995821,311103,607.623047,1025,-1177698,-2300.191406,1163915,2273.271484,1177591,2299.982422,0.217193578
MODEL-LEVEL EVIDENCE - ideal DoF - NOT WAN measurement,8192,512,8,static-2to1,ge-long-1.089pct,11,1010,3,8,134795,263.271484,716,1951897,3812.298828,10270,0.997498745,590412,1153.148438,0.999996954,6025,11.767578,24,-16382,-31.996094,203975,398.388672,16356,31.945312,0.003794575
MODEL-LEVEL EVIDENCE - ideal DoF - NOT WAN measurement,8192,512,8,static-2to1,ge-long-1.089pct,11,1010,3,64,134795,263.271484,716,1951897,3812.298828,10270,0.997498745,461388,901.148438,0.999996954,45057,88.001953,190,-145843,-284.849609,587286,1147.042969,145380,283.945312,0.032747757
MODEL-LEVEL EVIDENCE - ideal DoF - NOT WAN measurement,8192,512,8,static-2to1,ge-long-1.089pct,11,1010,3,512,134795,263.271484,716,1951897,3812.298828,10270,0.997498745,-570804,-1114.851562,0.999996954,334482,653.285156,1026,-1178429,-2301.619141,3650209,7129.314453,1177572,2299.945312,0.215216080
MODEL-LEVEL EVIDENCE - ideal DoF - NOT WAN measurement,8192,512,8,static-2to1,ge-long-1.089pct,11,1010,8,8,216380,422.617188,886,8569769,16737.830078,34740,0.995976553,957563,1870.240234,0.999997483,7225,14.111328,29,-16318,-31.871094,998663,1950.513672,16328,31.890625,0.003738988
MODEL-LEVEL EVIDENCE - ideal DoF - NOT WAN measurement,8192,512,8,static-2to1,ge-long-1.089pct,11,1010,8,64,216380,422.617188,886,8569769,16737.830078,34740,0.995976553,828539,1618.240234,0.999997483,50429,98.494141,191,-146131,-285.412109,2020107,3945.521484,145352,283.890625,0.032329318
MODEL-LEVEL EVIDENCE - ideal DoF - NOT WAN measurement,8192,512,8,static-2to1,ge-long-1.089pct,11,1010,8,512,216380,422.617188,886,8569769,16737.830078,34740,0.995976553,-203653,-397.759766,0.999997483,357325,697.900391,1029,-1179189,-2303.103516,10188520,19899.453125,1177544,2299.890625,0.213007806
MODEL-LEVEL EVIDENCE - ideal DoF - NOT WAN measurement,8192,512,8,static-4to1,none,0,1,1,8,0,0.000000,0,512,1.000000,1,,-8192,-16.000000,,0,0.000000,0,-8704,-17.000000,8704,17.000000,8704,17.000000,0.002070898
MODEL-LEVEL EVIDENCE - ideal DoF - NOT WAN measurement,8192,512,8,static-4to1,none,0,1,1,64,0,0.000000,0,512,1.000000,1,,-87040,-170.000000,,0,0.000000,0,-87552,-171.000000,87552,171.000000,87552,171.000000,0.020447208
MODEL-LEVEL EVIDENCE - ideal DoF - NOT WAN measurement,8192,512,8,static-4to1,none,0,1,1,512,0,0.000000,0,512,1.000000,1,,-717824,-1402.000000,,0,0.000000,0,-718336,-1403.000000,718336,1403.000000,718336,1403.000000,0.146221991
MODEL-LEVEL EVIDENCE - ideal DoF - NOT WAN measurement,8192,512,8,static-4to1,none,0,1,3,8,0,0.000000,0,1536,3.000000,3,,-8192,-16.000000,,0,0.000000,0,-8704,-17.000000,26112,51.000000,8704,17.000000,0.002070898
MODEL-LEVEL EVIDENCE - ideal DoF - NOT WAN measurement,8192,512,8,static-4to1,none,0,1,3,64,0,0.000000,0,1536,3.000000,3,,-87040,-170.000000,,0,0.000000,0,-87552,-171.000000,262656,513.000000,87552,171.000000,0.020447208
MODEL-LEVEL EVIDENCE - ideal DoF - NOT WAN measurement,8192,512,8,static-4to1,none,0,1,3,512,0,0.000000,0,1536,3.000000,3,,-717824,-1402.000000,,0,0.000000,0,-718336,-1403.000000,2155008,4209.000000,718336,1403.000000,0.146221991
MODEL-LEVEL EVIDENCE - ideal DoF - NOT WAN measurement,8192,512,8,static-4to1,none,0,1,8,8,0,0.000000,0,4096,8.000000,8,,-8192,-16.000000,,0,0.000000,0,-8704,-17.000000,69632,136.000000,8704,17.000000,0.002070898
MODEL-LEVEL EVIDENCE - ideal DoF - NOT WAN measurement,8192,512,8,static-4to1,none,0,1,8,64,0,0.000000,0,4096,8.000000,8,,-87040,-170.000000,,0,0.000000,0,-87552,-171.000000,700416,1368.000000,87552,171.000000,0.020447208
MODEL-LEVEL EVIDENCE - ideal DoF - NOT WAN measurement,8192,512,8,static-4to1,none,0,1,8,512,0,0.000000,0,4096,8.000000,8,,-717824,-1402.000000,,0,0.000000,0,-718336,-1403.000000,5746688,11224.000000,718336,1403.000000,0.146221991
MODEL-LEVEL EVIDENCE - ideal DoF - NOT WAN measurement,8192,512,8,static-4to1,bec-0.5pct,5,1000,1,8,5129,10.017578,20,14328,27.984375,51,0.978211052,4842,9.457031,0.980293572,3894,7.605469,15,-9565,-18.681641,9508,18.570312,9560,18.671875,0.002262621
MODEL-LEVEL EVIDENCE - ideal DoF - NOT WAN measurement,8192,512,8,static-4to1,bec-0.5pct,5,1000,1,64,5129,10.017578,20,14328,27.984375,51,0.978211052,-74006,-144.542969,0.980293572,37910,74.042969,127,-88414,-172.683594,87977,171.830078,88408,172.671875,0.020540720
MODEL-LEVEL EVIDENCE - ideal DoF - NOT WAN measurement,8192,512,8,static-4to1,bec-0.5pct,5,1000,1,512,5129,10.017578,20,14328,27.984375,51,0.978211052,-704790,-1376.542969,0.980293572,316948,619.039062,1023,-719188,-1404.664062,715609,1397.673828,719192,1404.671875,0.145738244
MODEL-LEVEL EVIDENCE - ideal DoF - NOT WAN measurement,8192,512,8,static-4to1,bec-0.5pct,5,1000,3,8,6935,13.544922,24,66189,129.275391,208,0.955757462,9780,19.101562,0.982837364,4098,8.003906,15,-9521,-18.595703,37011,72.287109,9502,18.558594,0.002247405
MODEL-LEVEL EVIDENCE - ideal DoF - NOT WAN measurement,8192,512,8,static-4to1,bec-0.5pct,5,1000,3,64,6935,13.544922,24,66189,129.275391,208,0.955757462,-69068,-134.898438,0.982837364,39988,78.101562,128,-88357,-172.572266,272355,531.943359,88350,172.558594,0.020513904
MODEL-LEVEL EVIDENCE - ideal DoF - NOT WAN measurement,8192,512,8,static-4to1,bec-0.5pct,5,1000,3,512,6935,13.544922,24,66189,129.275391,208,0.955757462,-699852,-1366.898438,0.982837364,329776,644.093750,1024,-719134,-1404.558594,2155273,4209.517578,719134,1404.558594,0.145643882
MODEL-LEVEL EVIDENCE - ideal DoF - NOT WAN measurement,8192,512,8,static-4to1,bec-0.5pct,5,1000,8,8,8266,16.144531,25,222340,434.257812,623,0.944420110,13413,26.197266,0.982332387,4113,8.033203,15,-9614,-18.777344,115621,225.822266,9605,18.759766,0.002270715
MODEL-LEVEL EVIDENCE - ideal DoF - NOT WAN measurement,8192,512,8,static-4to1,bec-0.5pct,5,1000,8,64,8266,16.144531,25,222340,434.257812,623,0.944420110,-65435,-127.802734,0.982332387,40532,79.164062,128,-88447,-172.748047,743205,1451.572266,88453,172.759766,0.020528482
MODEL-LEVEL EVIDENCE - ideal DoF - NOT WAN measurement,8192,512,8,static-4to1,bec-0.5pct,5,1000,8,512,8266,16.144531,25,222340,434.257812,623,0.944420110,-696219,-1359.802734,0.982332387,325136,635.031250,1024,-719256,-1404.796875,5764416,11258.625000,719237,1404.759766,0.145606973
MODEL-LEVEL EVIDENCE - ideal DoF - NOT WAN measurement,8192,512,8,static-4to1,bec-2.0pct,2,100,1,8,10607,20.716797,39,28675,56.005859,102,0.993218184,19894,38.855469,0.994938389,7026,13.722656,20,-9380,-18.320312,9174,17.917969,9371,18.302734,0.002184559
MODEL-LEVEL EVIDENCE - ideal DoF - NOT WAN measurement,8192,512,8,static-4to1,bec-2.0pct,2,100,1,64,10607,20.716797,39,28675,56.005859,102,0.993218184,-58954,-115.144531,0.994938389,65890,128.691406,188,-88184,-172.234375,86437,168.822266,88219,172.302734,0.020194346
MODEL-LEVEL EVIDENCE - ideal DoF - NOT WAN measurement,8192,512,8,static-4to1,bec-2.0pct,2,100,1,512,10607,20.716797,39,28675,56.005859,102,0.993218184,-689738,-1347.144531,0.994938389,535292,1045.492188,1532,-718898,-1404.097656,704412,1375.804688,719003,1404.302734,0.143821195
MODEL-LEVEL EVIDENCE - ideal DoF - NOT WAN measurement,8192,512,8,static-4to1,bec-2.0pct,2,100,3,8,13584,26.531250,43,126894,247.839844,382,0.957328125,28090,54.863281,0.994311941,6985,13.642578,20,-9424,-18.406250,44297,86.517578,9425,18.408203,0.002194288
MODEL-LEVEL EVIDENCE - ideal DoF - NOT WAN measurement,8192,512,8,static-4to1,bec-2.0pct,2,100,3,64,13584,26.531250,43,126894,247.839844,382,0.957328125,-50758,-99.136719,0.994311941,65439,127.810547,188,-88246,-172.355469,276095,539.248047,88273,172.408203,0.020180879
MODEL-LEVEL EVIDENCE - ideal DoF - NOT WAN measurement,8192,512,8,static-4to1,bec-2.0pct,2,100,3,512,13584,26.531250,43,126894,247.839844,382,0.957328125,-681542,-1331.136719,0.994311941,536740,1048.320312,1532,-719082,-1404.457031,2130247,4160.638672,719057,1404.408203,0.143671320
MODEL-LEVEL EVIDENCE - ideal DoF - NOT WAN measurement,8192,512,8,static-4to1,bec-2.0pct,2,100,8,8,15786,30.832031,44,417606,815.636719,1113,0.945660787,34210,66.816406,0.993000773,6999,13.669922,20,-9479,-18.513672,149438,291.871094,9456,18.468750,0.002199569
MODEL-LEVEL EVIDENCE - ideal DoF - NOT WAN measurement,8192,512,8,static-4to1,bec-2.0pct,2,100,8,64,15786,30.832031,44,417606,815.636719,1113,0.945660787,-44638,-87.183594,0.993000773,66479,129.841797,188,-88298,-172.457031,767606,1499.230469,88304,172.468750,0.020170526
MODEL-LEVEL EVIDENCE - ideal DoF - NOT WAN measurement,8192,512,8,static-4to1,bec-2.0pct,2,100,8,512,15786,30.832031,44,417606,815.636719,1113,0.945660787,-675422,-1319.183594,0.993000773,541291,1057.208984,1532,-719172,-1404.632812,5712706,11157.628906,719088,1404.468750,0.143569025
MODEL-LEVEL EVIDENCE - ideal DoF - NOT WAN measurement,8192,512,8,static-4to1,ge-short-1.089pct,11,1010,1,8,40066,78.253906,176,109341,213.556641,479,0.999311147,100969,197.205078,0.999830607,4034,7.878906,16,-9463,-18.482422,9371,18.302734,9457,18.470703,0.002225311
MODEL-LEVEL EVIDENCE - ideal DoF - NOT WAN measurement,8192,512,8,static-4to1,ge-short-1.089pct,11,1010,1,64,40066,78.253906,176,109341,213.556641,479,0.999311147,22121,43.205078,0.999830607,38308,74.820312,128,-88389,-172.634766,87495,170.888672,88305,172.470703,0.020400398
MODEL-LEVEL EVIDENCE - ideal DoF - NOT WAN measurement,8192,512,8,static-4to1,ge-short-1.089pct,11,1010,1,512,40066,78.253906,176,109341,213.556641,479,0.999311147,-608663,-1188.794922,0.999830607,325636,636.007812,1024,-719029,-1404.353516,711278,1389.214844,719089,1404.470703,0.144995862
MODEL-LEVEL EVIDENCE - ideal DoF - NOT WAN measurement,8192,512,8,static-4to1,ge-short-1.089pct,11,1010,3,8,62387,121.849609,233,561901,1097.462891,2045,0.991564411,162319,317.029297,0.999861608,4576,8.937500,20,-9439,-18.435547,80323,156.880859,9427,18.412109,0.002208925
MODEL-LEVEL EVIDENCE - ideal DoF - NOT WAN measurement,8192,512,8,static-4to1,ge-short-1.089pct,11,1010,3,64,62387,121.849609,233,561901,1097.462891,2045,0.991564411,83471,163.029297,0.999861608,41302,80.667969,128,-88494,-172.839844,314286,613.839844,88275,172.412109,0.020309286
MODEL-LEVEL EVIDENCE - ideal DoF - NOT WAN measurement,8192,512,8,static-4to1,ge-short-1.089pct,11,1010,3,512,62387,121.849609,233,561901,1097.462891,2045,0.991564411,-547313,-1068.970703,0.999861608,349627,682.865234,1024,-719100,-1404.492188,2184761,4267.111328,719059,1404.412109,0.144467161
MODEL-LEVEL EVIDENCE - ideal DoF - NOT WAN measurement,8192,512,8,static-4to1,ge-short-1.089pct,11,1010,8,8,82371,160.880859,283,2033212,3971.117188,6849,0.990375149,217318,424.449219,0.999868482,4843,9.458984,20,-9517,-18.587891,314001,613.283203,9495,18.544922,0.002218508
MODEL-LEVEL EVIDENCE - ideal DoF - NOT WAN measurement,8192,512,8,static-4to1,ge-short-1.089pct,11,1010,8,64,82371,160.880859,283,2033212,3971.117188,6849,0.990375149,138470,270.449219,0.999868482,43367,84.701172,128,-88514,-172.878906,937741,1831.525391,88343,172.544922,0.020267962
MODEL-LEVEL EVIDENCE - ideal DoF - NOT WAN measurement,8192,512,8,static-4to1,ge-short-1.089pct,11,1010,8,512,82371,160.880859,283,2033212,3971.117188,6849,0.990375149,-492314,-961.550781,0.999868482,365386,713.644531,1025,-719334,-1404.949219,5927851,11577.833984,719127,1404.544922,0.144127058
MODEL-LEVEL EVIDENCE - ideal DoF - NOT WAN measurement,8192,512,8,static-4to1,ge-long-1.089pct,11,1010,1,8,111918,218.589844,1026,301598,589.058594,2797,0.999311375,298471,582.951172,0.999996217,4211,8.224609,20,-9617,-18.783203,9523,18.599609,9619,18.787109,0.002262378
MODEL-LEVEL EVIDENCE - ideal DoF - NOT WAN measurement,8192,512,8,static-4to1,ge-long-1.089pct,11,1010,1,64,111918,218.589844,1026,301598,589.058594,2797,0.999311375,219623,428.951172,0.999996217,39444,77.039062,187,-88608,-173.062500,87490,170.878906,88467,172.787109,0.020428493
MODEL-LEVEL EVIDENCE - ideal DoF - NOT WAN measurement,8192,512,8,static-4to1,ge-long-1.089pct,11,1010,1,512,111918,218.589844,1026,301598,589.058594,2797,0.999311375,-411161,-803.048828,0.999996217,310592,606.625000,1024,-719502,-1405.277344,710883,1388.443359,719251,1404.787109,0.144970737
MODEL-LEVEL EVIDENCE - ideal DoF - NOT WAN measurement,8192,512,8,static-4to1,ge-long-1.089pct,11,1010,3,8,240444,469.617188,1420,2110393,4121.861328,11777,0.997872520,651962,1273.363281,0.999997609,5224,10.203125,21,-9573,-18.697266,181961,355.392578,9543,18.638672,0.002217969
MODEL-LEVEL EVIDENCE - ideal DoF - NOT WAN measurement,8192,512,8,static-4to1,ge-long-1.089pct,11,1010,3,64,240444,469.617188,1420,2110393,4121.861328,11777,0.997872520,573114,1119.363281,0.999997609,45558,88.980469,189,-88743,-173.326172,416105,812.705078,88391,172.638672,0.020173998
MODEL-LEVEL EVIDENCE - ideal DoF - NOT WAN measurement,8192,512,8,static-4to1,ge-long-1.089pct,11,1010,3,512,240444,469.617188,1420,2110393,4121.861328,11777,0.997872520,-57670,-112.636719,0.999997609,340819,665.662109,1028,-720841,-1407.892578,2286633,4466.080078,719175,1404.638672,0.143484439
MODEL-LEVEL EVIDENCE - ideal DoF - NOT WAN measurement,8192,512,8,static-4to1,ge-long-1.089pct,11,1010,8,8,394313,770.142578,1652,9462486,18481.417969,38524,0.996160373,1075076,2099.757812,0.999997876,5752,11.234375,22,-9474,-18.503906,960104,1875.203125,9445,18.447266,0.002164791
MODEL-LEVEL EVIDENCE - ideal DoF - NOT WAN measurement,8192,512,8,static-4to1,ge-long-1.089pct,11,1010,8,64,394313,770.142578,1652,9462486,18481.417969,38524,0.996160373,996228,1945.757812,0.999997876,48587,94.896484,189,-88805,-173.447266,1584259,3094.255859,88293,172.447266,0.019877502
MODEL-LEVEL EVIDENCE - ideal DoF - NOT WAN measurement,8192,512,8,static-4to1,ge-long-1.089pct,11,1010,8,512,394313,770.142578,1652,9462486,18481.417969,38524,0.996160373,365444,713.757812,0.999997876,356134,695.574219,1028,-721002,-1408.207031,6572637,12837.181641,719077,1404.447266,0.141755969
MODEL-LEVEL EVIDENCE - ideal DoF - NOT WAN measurement,8192,512,8,static-8to1,none,0,1,1,8,3072,6.000000,6,3584,7.000000,7,,-3584,-7.000000,,0,0.000000,0,-7168,-14.000000,7168,14.000000,7168,14.000000,0.001706069
MODEL-LEVEL EVIDENCE - ideal DoF - NOT WAN measurement,8192,512,8,static-8to1,none,0,1,1,64,3072,6.000000,6,3584,7.000000,7,,-57344,-112.000000,,0,0.000000,0,-60928,-119.000000,60928,119.000000,60928,119.000000,0.014318373
MODEL-LEVEL EVIDENCE - ideal DoF - NOT WAN measurement,8192,512,8,static-8to1,none,0,1,1,512,3072,6.000000,6,3584,7.000000,7,,-487424,-952.000000,,0,0.000000,0,-491008,-959.000000,491008,959.000000,491008,959.000000,0.104797290
MODEL-LEVEL EVIDENCE - ideal DoF - NOT WAN measurement,8192,512,8,static-8to1,none,0,1,3,8,3072,6.000000,6,10752,21.000000,21,,-3584,-7.000000,,0,0.000000,0,-7168,-14.000000,21504,42.000000,7168,14.000000,0.001706069
MODEL-LEVEL EVIDENCE - ideal DoF - NOT WAN measurement,8192,512,8,static-8to1,none,0,1,3,64,3072,6.000000,6,10752,21.000000,21,,-57344,-112.000000,,0,0.000000,0,-60928,-119.000000,182784,357.000000,60928,119.000000,0.014318373
MODEL-LEVEL EVIDENCE - ideal DoF - NOT WAN measurement,8192,512,8,static-8to1,none,0,1,3,512,3072,6.000000,6,10752,21.000000,21,,-487424,-952.000000,,0,0.000000,0,-491008,-959.000000,1473024,2877.000000,491008,959.000000,0.104797290
MODEL-LEVEL EVIDENCE - ideal DoF - NOT WAN measurement,8192,512,8,static-8to1,none,0,1,8,8,3072,6.000000,6,28672,56.000000,56,,-3584,-7.000000,,0,0.000000,0,-7168,-14.000000,57344,112.000000,7168,14.000000,0.001706069
MODEL-LEVEL EVIDENCE - ideal DoF - NOT WAN measurement,8192,512,8,static-8to1,none,0,1,8,64,3072,6.000000,6,28672,56.000000,56,,-57344,-112.000000,,0,0.000000,0,-60928,-119.000000,487424,952.000000,60928,119.000000,0.014318373
MODEL-LEVEL EVIDENCE - ideal DoF - NOT WAN measurement,8192,512,8,static-8to1,none,0,1,8,512,3072,6.000000,6,28672,56.000000,56,,-487424,-952.000000,,0,0.000000,0,-491008,-959.000000,3928064,7672.000000,491008,959.000000,0.104797290
MODEL-LEVEL EVIDENCE - ideal DoF - NOT WAN measurement,8192,512,8,static-8to1,bec-0.5pct,5,1000,1,8,9491,18.537109,35,17887,34.935547,67,0.986412778,11846,23.136719,0.988261568,4609,9.001953,16,-6138,-11.988281,6094,11.902344,6129,11.970703,0.001451820
MODEL-LEVEL EVIDENCE - ideal DoF - NOT WAN measurement,8192,512,8,static-8to1,bec-0.5pct,5,1000,1,64,9491,18.537109,35,17887,34.935547,67,0.986412778,-41914,-81.863281,0.988261568,38215,74.638672,128,-59923,-117.037109,59593,116.392578,59889,116.970703,0.014007950
MODEL-LEVEL EVIDENCE - ideal DoF - NOT WAN measurement,8192,512,8,static-8to1,bec-0.5pct,5,1000,1,512,9491,18.537109,35,17887,34.935547,67,0.986412778,-471994,-921.863281,0.988261568,314058,613.394531,1024,-489984,-957.000000,487445,952.041016,489969,956.970703,0.104128245
MODEL-LEVEL EVIDENCE - ideal DoF - NOT WAN measurement,8192,512,8,static-8to1,bec-0.5pct,5,1000,3,8,12644,24.695312,41,79738,155.738281,254,0.969418800,17648,34.468750,0.986721940,4775,9.326172,16,-6222,-12.152344,27056,52.843750,6220,12.148438,0.001472355
MODEL-LEVEL EVIDENCE - ideal DoF - NOT WAN measurement,8192,512,8,static-8to1,bec-0.5pct,5,1000,3,64,12644,24.695312,41,79738,155.738281,254,0.969418800,-36112,-70.531250,0.986721940,38931,76.037109,128,-60018,-117.222656,187547,366.302734,59980,117.148438,0.014019640
MODEL-LEVEL EVIDENCE - ideal DoF - NOT WAN measurement,8192,512,8,static-8to1,bec-0.5pct,5,1000,3,512,12644,24.695312,41,79738,155.738281,254,0.969418800,-466192,-910.531250,0.986721940,321180,627.304688,1024,-490072,-957.171875,1471179,2873.396484,490060,957.148438,0.104082862
MODEL-LEVEL EVIDENCE - ideal DoF - NOT WAN measurement,8192,512,8,static-8to1,bec-0.5pct,5,1000,8,8,15028,29.351562,47,266871,521.232422,735,0.966986669,22258,43.472656,0.986644908,4672,9.125000,16,-6502,-12.699219,89686,175.167969,6498,12.691406,0.001537395
MODEL-LEVEL EVIDENCE - ideal DoF - NOT WAN measurement,8192,512,8,static-8to1,bec-0.5pct,5,1000,8,64,15028,29.351562,47,266871,521.232422,735,0.966986669,-31502,-61.527344,0.986644908,39999,78.123047,128,-60262,-117.699219,517663,1011.060547,60258,117.691406,0.014077686
MODEL-LEVEL EVIDENCE - ideal DoF - NOT WAN measurement,8192,512,8,static-8to1,bec-0.5pct,5,1000,8,512,15028,29.351562,47,266871,521.232422,735,0.966986669,-461582,-901.527344,0.986644908,326786,638.253906,1024,-490330,-957.675781,3941053,7697.369141,490338,957.691406,0.104095323
MODEL-LEVEL EVIDENCE - ideal DoF - NOT WAN measurement,8192,512,8,static-8to1,bec-2.0pct,2,100,1,8,18441,36.017578,69,34164,66.726562,125,0.995290209,28632,55.921875,0.995754002,7466,14.582031,16,-6246,-12.199219,6116,11.945312,6228,12.164062,0.001452976
MODEL-LEVEL EVIDENCE - ideal DoF - NOT WAN measurement,8192,512,8,static-8to1,bec-2.0pct,2,100,1,64,18441,36.017578,69,34164,66.726562,125,0.995290209,-25128,-49.078125,0.995754002,66130,129.160156,190,-59957,-117.103516,58769,114.783203,59988,117.164062,0.013821687
MODEL-LEVEL EVIDENCE - ideal DoF - NOT WAN measurement,8192,512,8,static-8to1,bec-2.0pct,2,100,1,512,18441,36.017578,69,34164,66.726562,125,0.995290209,-455208,-889.078125,0.995754002,518421,1012.541016,1025,-490071,-957.169922,480159,937.810547,490068,957.164062,0.102734970
MODEL-LEVEL EVIDENCE - ideal DoF - NOT WAN measurement,8192,512,8,static-8to1,bec-2.0pct,2,100,3,8,23743,46.373047,75,148615,290.263672,451,0.974825192,38632,75.453125,0.994958355,7534,14.714844,19,-6237,-12.181641,34982,68.324219,6227,12.162109,0.001450924
MODEL-LEVEL EVIDENCE - ideal DoF - NOT WAN measurement,8192,512,8,static-8to1,bec-2.0pct,2,100,3,64,23743,46.373047,75,148615,290.263672,451,0.974825192,-15128,-29.546875,0.994958355,66832,130.531250,190,-59981,-117.150391,193065,377.080078,59987,117.162109,0.013804370
MODEL-LEVEL EVIDENCE - ideal DoF - NOT WAN measurement,8192,512,8,static-8to1,bec-2.0pct,2,100,3,512,23743,46.373047,75,148615,290.263672,451,0.974825192,-445208,-869.546875,0.994958355,531713,1038.501953,1533,-490094,-957.214844,1457332,2846.351562,490067,957.162109,0.102619196
MODEL-LEVEL EVIDENCE - ideal DoF - NOT WAN measurement,8192,512,8,static-8to1,bec-2.0pct,2,100,8,8,28329,55.330078,84,493938,964.722656,1408,0.968114715,47246,92.277344,0.995244007,7620,14.882812,22,-6157,-12.025391,123561,241.330078,6149,12.009766,0.001431537
MODEL-LEVEL EVIDENCE - ideal DoF - NOT WAN measurement,8192,512,8,static-8to1,bec-2.0pct,2,100,8,64,28329,55.330078,84,493938,964.722656,1408,0.968114715,-6514,-12.722656,0.995244007,67371,131.583984,191,-59897,-116.986328,544949,1064.353516,59909,117.009766,0.013774901
MODEL-LEVEL EVIDENCE - ideal DoF - NOT WAN measurement,8192,512,8,static-8to1,bec-2.0pct,2,100,8,512,28329,55.330078,84,493938,964.722656,1408,0.968114715,-436594,-852.722656,0.995244007,540892,1056.429688,1535,-490015,-957.060547,3917374,7651.121094,489989,957.009766,0.102524846
MODEL-LEVEL EVIDENCE - ideal DoF - NOT WAN measurement,8192,512,8,static-8to1,ge-short-1.089pct,11,1010,1,8,70745,138.173828,322,130698,255.269531,604,0.998870859,126602,247.269531,0.999895194,4815,9.404297,16,-6118,-11.949219,6063,11.841797,6123,11.958984,0.001442307
MODEL-LEVEL EVIDENCE - ideal DoF - NOT WAN measurement,8192,512,8,static-8to1,ge-short-1.089pct,11,1010,1,64,70745,138.173828,322,130698,255.269531,604,0.998870859,72842,142.269531,0.999895194,40893,79.869141,131,-59813,-116.822266,59117,115.462891,59883,116.958984,0.013929386
MODEL-LEVEL EVIDENCE - ideal DoF - NOT WAN measurement,8192,512,8,static-8to1,ge-short-1.089pct,11,1010,1,512,70745,138.173828,322,130698,255.269531,604,0.998870859,-357238,-697.730469,0.999895194,317053,619.244141,1025,-490028,-957.085938,484250,945.800781,489963,956.958984,0.103605511
MODEL-LEVEL EVIDENCE - ideal DoF - NOT WAN measurement,8192,512,8,static-8to1,ge-short-1.089pct,11,1010,3,8,115003,224.615234,448,691978,1351.519531,2585,0.994854322,209639,409.451172,0.999908308,5152,10.062500,16,-6217,-12.142578,70523,137.740234,6216,12.140625,0.001457854
MODEL-LEVEL EVIDENCE - ideal DoF - NOT WAN measurement,8192,512,8,static-8to1,ge-short-1.089pct,11,1010,3,64,115003,224.615234,448,691978,1351.519531,2585,0.994854322,155879,304.451172,0.999908308,42610,83.222656,136,-60021,-117.228516,230059,449.333984,59976,117.140625,0.013891176
MODEL-LEVEL EVIDENCE - ideal DoF - NOT WAN measurement,8192,512,8,static-8to1,ge-short-1.089pct,11,1010,3,512,115003,224.615234,448,691978,1351.519531,2585,0.994854322,-274201,-535.548828,0.999908308,336435,657.099609,1027,-490171,-957.365234,1505749,2940.916016,490056,957.140625,0.103220947
MODEL-LEVEL EVIDENCE - ideal DoF - NOT WAN measurement,8192,512,8,static-8to1,ge-short-1.089pct,11,1010,8,8,153479,299.763672,512,2529242,4939.925781,8061,0.993907928,281786,550.363281,0.999911927,5307,10.365234,16,-6275,-12.255859,299957,585.853516,6236,12.179688,0.001457771
MODEL-LEVEL EVIDENCE - ideal DoF - NOT WAN measurement,8192,512,8,static-8to1,ge-short-1.089pct,11,1010,8,64,153479,299.763672,512,2529242,4939.925781,8061,0.993907928,228026,445.363281,0.999911927,44663,87.232422,136,-60120,-117.421875,725608,1417.203125,59996,117.179688,0.013851014
MODEL-LEVEL EVIDENCE - ideal DoF - NOT WAN measurement,8192,512,8,static-8to1,ge-short-1.089pct,11,1010,8,512,153479,299.763672,512,2529242,4939.925781,8061,0.993907928,-202054,-394.636719,0.999911927,352793,689.048828,1029,-490180,-957.382812,4127942,8062.386719,490076,957.179688,0.102922461
MODEL-LEVEL EVIDENCE - ideal DoF - NOT WAN measurement,8192,512,8,static-8to1,ge-long-1.089pct,11,1010,1,8,137885,269.306641,1344,255189,498.416016,2514,0.999497009,252602,493.363281,0.999996249,4818,9.410156,16,-6129,-11.970703,6059,11.833984,6110,11.933594,0.001440002
MODEL-LEVEL EVIDENCE - ideal DoF - NOT WAN measurement,8192,512,8,static-8to1,ge-long-1.089pct,11,1010,1,64,137885,269.306641,1344,255189,498.416016,2514,0.999497009,198842,388.363281,0.999996249,37263,72.779297,128,-60135,-117.451172,59410,116.035156,59870,116.933594,0.013933593
MODEL-LEVEL EVIDENCE - ideal DoF - NOT WAN measurement,8192,512,8,static-8to1,ge-long-1.089pct,11,1010,1,512,137885,269.306641,1344,255189,498.416016,2514,0.999497009,-231238,-451.636719,0.999996249,296457,579.017578,1024,-490373,-957.759766,486315,949.833984,489950,956.933594,0.103651661
MODEL-LEVEL EVIDENCE - ideal DoF - NOT WAN measurement,8192,512,8,static-8to1,ge-long-1.089pct,11,1010,3,8,348694,681.042969,2312,2087050,4076.269531,13188,0.998361016,647776,1265.187500,0.999998219,5619,10.974609,21,-6076,-11.867188,168277,328.666016,6056,11.828125,0.001409729
MODEL-LEVEL EVIDENCE - ideal DoF - NOT WAN measurement,8192,512,8,static-8to1,ge-long-1.089pct,11,1010,3,64,348694,681.042969,2312,2087050,4076.269531,13188,0.998361016,594016,1160.187500,0.999998219,43359,84.685547,189,-60057,-117.298828,328104,640.828125,59816,116.828125,0.013752003
MODEL-LEVEL EVIDENCE - ideal DoF - NOT WAN measurement,8192,512,8,static-8to1,ge-long-1.089pct,11,1010,3,512,348694,681.042969,2312,2087050,4076.269531,13188,0.998361016,163936,320.187500,0.999998219,336623,657.466797,1028,-490651,-958.302734,1606635,3137.958984,489896,956.828125,0.102495114
MODEL-LEVEL EVIDENCE - ideal DoF - NOT WAN measurement,8192,512,8,static-8to1,ge-long-1.089pct,11,1010,8,8,666291,1301.349609,3096,10734079,20964.998047,48057,0.998027953,1243293,2428.306641,0.999998641,5915,11.552734,22,-6365,-12.431641,902560,1762.812500,6233,12.173828,0.001431691
MODEL-LEVEL EVIDENCE - ideal DoF - NOT WAN measurement,8192,512,8,static-8to1,ge-long-1.089pct,11,1010,8,64,666291,1301.349609,3096,10734079,20964.998047,48057,0.998027953,1189533,2323.306641,0.999998641,48032,93.812500,189,-60933,-119.009766,1328570,2594.863281,59993,117.173828,0.013612025
MODEL-LEVEL EVIDENCE - ideal DoF - NOT WAN measurement,8192,512,8,static-8to1,ge-long-1.089pct,11,1010,8,512,666291,1301.349609,3096,10734079,20964.998047,48057,0.998027953,759453,1483.306641,0.999998641,368018,718.785156,1123,-491266,-959.503906,4735606,9249.230469,490073,957.173828,0.101308483
MODEL-LEVEL EVIDENCE - ideal DoF - NOT WAN measurement,8192,512,8,periodic-fast-slow-alternation,none,0,1,1,8,121856,238.000000,238,229376,448.000000,448,,222208,434.000000,,0,0.000000,0,-7168,-14.000000,7168,14.000000,7168,14.000000,0.001706069
MODEL-LEVEL EVIDENCE - ideal DoF - NOT WAN measurement,8192,512,8,periodic-fast-slow-alternation,none,0,1,1,64,121856,238.000000,238,229376,448.000000,448,,168448,329.000000,,0,0.000000,0,-60928,-119.000000,60928,119.000000,60928,119.000000,0.014318373
MODEL-LEVEL EVIDENCE - ideal DoF - NOT WAN measurement,8192,512,8,periodic-fast-slow-alternation,none,0,1,1,512,121856,238.000000,238,229376,448.000000,448,,-261632,-511.000000,,0,0.000000,0,-491008,-959.000000,491008,959.000000,491008,959.000000,0.104797290
MODEL-LEVEL EVIDENCE - ideal DoF - NOT WAN measurement,8192,512,8,periodic-fast-slow-alternation,none,0,1,3,8,121856,238.000000,238,688128,1344.000000,1344,,222208,434.000000,,0,0.000000,0,-7168,-14.000000,21504,42.000000,7168,14.000000,0.001706069
MODEL-LEVEL EVIDENCE - ideal DoF - NOT WAN measurement,8192,512,8,periodic-fast-slow-alternation,none,0,1,3,64,121856,238.000000,238,688128,1344.000000,1344,,168448,329.000000,,0,0.000000,0,-60928,-119.000000,182784,357.000000,60928,119.000000,0.014318373
MODEL-LEVEL EVIDENCE - ideal DoF - NOT WAN measurement,8192,512,8,periodic-fast-slow-alternation,none,0,1,3,512,121856,238.000000,238,688128,1344.000000,1344,,-261632,-511.000000,,0,0.000000,0,-491008,-959.000000,1473024,2877.000000,491008,959.000000,0.104797290
MODEL-LEVEL EVIDENCE - ideal DoF - NOT WAN measurement,8192,512,8,periodic-fast-slow-alternation,none,0,1,8,8,121856,238.000000,238,1835008,3584.000000,3584,,222208,434.000000,,0,0.000000,0,-7168,-14.000000,57344,112.000000,7168,14.000000,0.001706069
MODEL-LEVEL EVIDENCE - ideal DoF - NOT WAN measurement,8192,512,8,periodic-fast-slow-alternation,none,0,1,8,64,121856,238.000000,238,1835008,3584.000000,3584,,168448,329.000000,,0,0.000000,0,-60928,-119.000000,487424,952.000000,60928,119.000000,0.014318373
MODEL-LEVEL EVIDENCE - ideal DoF - NOT WAN measurement,8192,512,8,periodic-fast-slow-alternation,none,0,1,8,512,121856,238.000000,238,1835008,3584.000000,3584,,-261632,-511.000000,,0,0.000000,0,-491008,-959.000000,3928064,7672.000000,491008,959.000000,0.104797290
MODEL-LEVEL EVIDENCE - ideal DoF - NOT WAN measurement,8192,512,8,periodic-fast-slow-alternation,bec-0.5pct,5,1000,1,8,142752,278.812500,304,267134,521.746094,564,0.992834480,262288,512.281250,0.994129850,4462,8.714844,16,-6231,-12.169922,6194,12.097656,6221,12.150391,0.001473626
MODEL-LEVEL EVIDENCE - ideal DoF - NOT WAN measurement,8192,512,8,periodic-fast-slow-alternation,bec-0.5pct,5,1000,1,64,142752,278.812500,304,267134,521.746094,564,0.992834480,208528,407.281250,0.994129850,39158,76.480469,128,-59978,-117.144531,59655,116.513672,59981,117.150391,0.014029596
MODEL-LEVEL EVIDENCE - ideal DoF - NOT WAN measurement,8192,512,8,periodic-fast-slow-alternation,bec-0.5pct,5,1000,1,512,142752,278.812500,304,267134,521.746094,564,0.992834480,-221552,-432.718750,0.994129850,311475,608.349609,1024,-490063,-957.154297,487572,952.289062,490061,957.150391,0.104148660
MODEL-LEVEL EVIDENCE - ideal DoF - NOT WAN measurement,8192,512,8,periodic-fast-slow-alternation,bec-0.5pct,5,1000,3,8,147556,288.195312,312,836188,1633.179688,1752,0.980907641,271122,529.535156,0.993266616,4565,8.916016,16,-6264,-12.234375,26885,52.509766,6257,12.220703,0.001481215
MODEL-LEVEL EVIDENCE - ideal DoF - NOT WAN measurement,8192,512,8,periodic-fast-slow-alternation,bec-0.5pct,5,1000,3,64,147556,288.195312,312,836188,1633.179688,1752,0.980907641,217362,424.535156,0.993266616,40006,78.136719,128,-60011,-117.208984,187329,365.876953,60017,117.220703,0.014029236
MODEL-LEVEL EVIDENCE - ideal DoF - NOT WAN measurement,8192,512,8,periodic-fast-slow-alternation,bec-0.5pct,5,1000,3,512,147556,288.195312,312,836188,1633.179688,1752,0.980907641,-212718,-415.464844,0.993266616,315520,616.250000,1024,-490105,-957.236328,1471230,2873.496094,490097,957.220703,0.104097110
MODEL-LEVEL EVIDENCE - ideal DoF - NOT WAN measurement,8192,512,8,periodic-fast-slow-alternation,bec-0.5pct,5,1000,8,8,150942,294.808594,315,2300427,4493.021484,4787,0.978153984,277704,542.390625,0.992807212,4779,9.333984,16,-6559,-12.810547,89869,175.525391,6560,12.812500,0.001552097
MODEL-LEVEL EVIDENCE - ideal DoF - NOT WAN measurement,8192,512,8,periodic-fast-slow-alternation,bec-0.5pct,5,1000,8,64,150942,294.808594,315,2300427,4493.021484,4787,0.978153984,223944,437.390625,0.992807212,40541,79.181641,128,-60337,-117.845703,517822,1011.371094,60320,117.812500,0.014092473
MODEL-LEVEL EVIDENCE - ideal DoF - NOT WAN measurement,8192,512,8,periodic-fast-slow-alternation,bec-0.5pct,5,1000,8,512,150942,294.808594,315,2300427,4493.021484,4787,0.978153984,-206136,-402.609375,0.992807212,320096,625.187500,1024,-490431,-957.873047,3941246,7697.746094,490400,957.812500,0.104110518
MODEL-LEVEL EVIDENCE - ideal DoF - NOT WAN measurement,8192,512,8,periodic-fast-slow-alternation,bec-2.0pct,2,100,1,8,183860,359.101562,400,338698,661.519531,733,0.995183250,339430,662.949219,0.998457434,7587,14.818359,20,-6115,-11.943359,5973,11.666016,6091,11.896484,0.001421005
MODEL-LEVEL EVIDENCE - ideal DoF - NOT WAN measurement,8192,512,8,periodic-fast-slow-alternation,bec-2.0pct,2,100,1,64,183860,359.101562,400,338698,661.519531,733,0.995183250,285670,557.949219,0.998457434,65663,128.248047,130,-59842,-116.878906,58654,114.558594,59851,116.896484,0.013790032
MODEL-LEVEL EVIDENCE - ideal DoF - NOT WAN measurement,8192,512,8,periodic-fast-slow-alternation,bec-2.0pct,2,100,1,512,183860,359.101562,400,338698,661.519531,733,0.995183250,-144410,-282.050781,0.998457434,525132,1025.648438,1532,-489961,-956.955078,480188,937.867188,489931,956.896484,0.102705648
MODEL-LEVEL EVIDENCE - ideal DoF - NOT WAN measurement,8192,512,8,periodic-fast-slow-alternation,bec-2.0pct,2,100,3,8,192020,375.039062,408,1077988,2105.445312,2298,0.981981534,354665,692.705078,0.997631838,7577,14.798828,21,-6194,-12.097656,35255,68.857422,6195,12.099609,0.001443339
MODEL-LEVEL EVIDENCE - ideal DoF - NOT WAN measurement,8192,512,8,periodic-fast-slow-alternation,bec-2.0pct,2,100,3,64,192020,375.039062,408,1077988,2105.445312,2298,0.981981534,300905,587.705078,0.997631838,66519,129.919922,190,-59906,-117.003906,193284,377.507812,59955,117.099609,0.013795790
MODEL-LEVEL EVIDENCE - ideal DoF - NOT WAN measurement,8192,512,8,periodic-fast-slow-alternation,bec-2.0pct,2,100,3,512,192020,375.039062,408,1077988,2105.445312,2298,0.981981534,-129175,-252.294922,0.997631838,535288,1045.484375,1534,-489996,-957.023438,1457759,2847.185547,490035,957.099609,0.102604266
MODEL-LEVEL EVIDENCE - ideal DoF - NOT WAN measurement,8192,512,8,periodic-fast-slow-alternation,bec-2.0pct,2,100,8,8,199183,389.029297,428,3009975,5878.857422,6429,0.981276757,368179,719.099609,0.997865585,7680,15.000000,22,-6153,-12.017578,123678,241.558594,6164,12.039062,0.001434917
MODEL-LEVEL EVIDENCE - ideal DoF - NOT WAN measurement,8192,512,8,periodic-fast-slow-alternation,bec-2.0pct,2,100,8,64,199183,389.029297,428,3009975,5878.857422,6429,0.981276757,314419,614.099609,0.997865585,67532,131.898438,191,-59836,-116.867188,545007,1064.466797,59924,117.039062,0.013777282
MODEL-LEVEL EVIDENCE - ideal DoF - NOT WAN measurement,8192,512,8,periodic-fast-slow-alternation,bec-2.0pct,2,100,8,512,199183,389.029297,428,3009975,5878.857422,6429,0.981276757,-115661,-225.900391,0.997865585,541390,1057.402344,1535,-489954,-956.941406,3916856,7650.109375,490004,957.039062,0.102520756
MODEL-LEVEL EVIDENCE - ideal DoF - NOT WAN measurement,8192,512,8,periodic-fast-slow-alternation,ge-short-1.089pct,11,1010,1,8,212827,415.677734,608,395491,772.443359,1120,0.998202013,393742,769.027344,0.999921260,4751,9.279297,16,-6218,-12.144531,6129,11.970703,6180,12.070312,0.001455182
MODEL-LEVEL EVIDENCE - ideal DoF - NOT WAN measurement,8192,512,8,periodic-fast-slow-alternation,ge-short-1.089pct,11,1010,1,64,212827,415.677734,608,395491,772.443359,1120,0.998202013,339982,664.027344,0.999921260,40672,79.437500,129,-60087,-117.357422,59347,115.912109,59940,117.070312,0.013937425
MODEL-LEVEL EVIDENCE - ideal DoF - NOT WAN measurement,8192,512,8,periodic-fast-slow-alternation,ge-short-1.089pct,11,1010,1,512,212827,415.677734,608,395491,772.443359,1120,0.998202013,-90098,-175.972656,0.999921260,321579,628.083984,1025,-490132,-957.289062,484467,946.224609,490020,957.070312,0.103582300
MODEL-LEVEL EVIDENCE - ideal DoF - NOT WAN measurement,8192,512,8,periodic-fast-slow-alternation,ge-short-1.089pct,11,1010,3,8,257508,502.945312,694,1486966,2904.230469,3954,0.993828180,477568,932.750000,0.999919811,5087,9.935547,16,-6199,-12.107422,70175,137.060547,6162,12.035156,0.001444875
MODEL-LEVEL EVIDENCE - ideal DoF - NOT WAN measurement,8192,512,8,periodic-fast-slow-alternation,ge-short-1.089pct,11,1010,3,64,257508,502.945312,694,1486966,2904.230469,3954,0.993828180,423808,827.750000,0.999919811,43547,85.052734,131,-59908,-117.007812,229697,448.626953,59922,117.035156,0.013875683
MODEL-LEVEL EVIDENCE - ideal DoF - NOT WAN measurement,8192,512,8,periodic-fast-slow-alternation,ge-short-1.089pct,11,1010,3,512,257508,502.945312,694,1486966,2904.230469,3954,0.993828180,-6272,-12.250000,0.999919811,339581,663.244141,1027,-490025,-957.080078,1505302,2940.042969,490002,957.035156,0.103189381
MODEL-LEVEL EVIDENCE - ideal DoF - NOT WAN measurement,8192,512,8,periodic-fast-slow-alternation,ge-short-1.089pct,11,1010,8,8,296301,578.712891,776,4651193,9084.361328,12046,0.992657326,550415,1075.029297,0.999923820,5259,10.271484,16,-6255,-12.216797,295969,578.064453,6217,12.142578,0.001453226
MODEL-LEVEL EVIDENCE - ideal DoF - NOT WAN measurement,8192,512,8,periodic-fast-slow-alternation,ge-short-1.089pct,11,1010,8,64,296301,578.712891,776,4651193,9084.361328,12046,0.992657326,496655,970.029297,0.999923820,44186,86.300781,131,-60126,-117.433594,721403,1408.990234,59977,117.142578,0.013845653
MODEL-LEVEL EVIDENCE - ideal DoF - NOT WAN measurement,8192,512,8,periodic-fast-slow-alternation,ge-short-1.089pct,11,1010,8,512,296301,578.712891,776,4651193,9084.361328,12046,0.992657326,66575,130.029297,0.999923820,354282,691.957031,1028,-490154,-957.332031,4124434,8055.535156,490057,957.142578,0.102911878
MODEL-LEVEL EVIDENCE - ideal DoF - NOT WAN measurement,8192,512,8,periodic-fast-slow-alternation,ge-long-1.089pct,11,1010,1,8,249191,486.701172,1308,459711,897.873047,2366,0.997543611,461948,902.242188,0.999994202,5290,10.332031,18,-6222,-12.152344,6144,12.000000,6208,12.125000,0.001460908
MODEL-LEVEL EVIDENCE - ideal DoF - NOT WAN measurement,8192,512,8,periodic-fast-slow-alternation,ge-long-1.089pct,11,1010,1,64,249191,486.701172,1308,459711,897.873047,2366,0.997543611,408188,797.242188,0.999994202,39986,78.097656,152,-60258,-117.691406,59273,115.767578,59968,117.125000,0.013935763
MODEL-LEVEL EVIDENCE - ideal DoF - NOT WAN measurement,8192,512,8,periodic-fast-slow-alternation,ge-long-1.089pct,11,1010,1,512,249191,486.701172,1308,459711,897.873047,2366,0.997543611,-21892,-42.757812,0.999994202,313039,611.404297,1024,-490934,-958.855469,484325,945.947266,490048,957.125000,0.103533025
MODEL-LEVEL EVIDENCE - ideal DoF - NOT WAN measurement,8192,512,8,periodic-fast-slow-alternation,ge-long-1.089pct,11,1010,3,8,399506,780.285156,1543,2371248,4631.343750,9156,0.995857961,743405,1451.962891,0.999994724,8696,16.984375,23,-5779,-11.287109,172399,336.716797,6081,11.876953,0.001414523
MODEL-LEVEL EVIDENCE - ideal DoF - NOT WAN measurement,8192,512,8,periodic-fast-slow-alternation,ge-long-1.089pct,11,1010,3,64,399506,780.285156,1543,2371248,4631.343750,9156,0.995857961,689645,1346.962891,0.999994724,47374,92.527344,191,-60356,-117.882812,331874,648.191406,59841,116.876953,0.013747902
MODEL-LEVEL EVIDENCE - ideal DoF - NOT WAN measurement,8192,512,8,periodic-fast-slow-alternation,ge-long-1.089pct,11,1010,3,512,399506,780.285156,1543,2371248,4631.343750,9156,0.995857961,259565,506.962891,0.999994724,348017,679.720703,1070,-491375,-959.716797,1606702,3138.089844,489921,956.876953,0.102433566
MODEL-LEVEL EVIDENCE - ideal DoF - NOT WAN measurement,8192,512,8,periodic-fast-slow-alternation,ge-long-1.089pct,11,1010,8,8,574478,1122.027344,2000,9404186,18367.550781,31825,0.992664237,1071375,2092.529297,0.999993688,7702,15.042969,24,-6031,-11.779297,935780,1827.695312,6189,12.087891,0.001419731
MODEL-LEVEL EVIDENCE - ideal DoF - NOT WAN measurement,8192,512,8,periodic-fast-slow-alternation,ge-long-1.089pct,11,1010,8,64,574478,1122.027344,2000,9404186,18367.550781,31825,0.992664237,1017615,1987.529297,0.999993688,51824,101.218750,191,-60249,-117.673828,1361266,2658.722656,59949,117.087891,0.013584529
MODEL-LEVEL EVIDENCE - ideal DoF - NOT WAN measurement,8192,512,8,periodic-fast-slow-alternation,ge-long-1.089pct,11,1010,8,512,574478,1122.027344,2000,9404186,18367.550781,31825,0.992664237,587535,1147.529297,0.999993688,378822,739.886719,1091,-491130,-959.238281,4764811,9306.271484,490029,957.087891,0.101180542
MODEL-LEVEL EVIDENCE - ideal DoF - NOT WAN measurement,8192,512,8,seeded-bounded-random-walk,none,0,1,1,8,810246,1582.511719,2573,3563907,6960.755859,11304,0.912468438,3547448,6928.609375,0.913035440,0,0.000000,0,-16459,-32.146484,16459,32.146484,16459,32.146484,0.003908793
MODEL-LEVEL EVIDENCE - ideal DoF - NOT WAN measurement,8192,512,8,seeded-bounded-random-walk,none,0,1,1,64,810246,1582.511719,2573,3563907,6960.755859,11304,0.912468438,3419242,6678.207031,0.917236610,0,0.000000,0,-144665,-282.548828,144665,282.548828,144665,282.548828,0.033340870
MODEL-LEVEL EVIDENCE - ideal DoF - NOT WAN measurement,8192,512,8,seeded-bounded-random-walk,none,0,1,1,512,810246,1582.511719,2573,3563907,6960.755859,11304,0.912468438,2398068,4683.726562,0.949828398,0,0.000000,0,-1165839,-2277.029297,1165839,2277.029297,1165839,2277.029297,0.217501473
MODEL-LEVEL EVIDENCE - ideal DoF - NOT WAN measurement,8192,512,8,seeded-bounded-random-walk,none,0,1,3,8,810246,1582.511719,2573,10691721,20882.267578,33912,0.912468438,3547448,6928.609375,0.913035440,0,0.000000,0,-16459,-32.146484,49377,96.439453,16459,32.146484,0.003908793
MODEL-LEVEL EVIDENCE - ideal DoF - NOT WAN measurement,8192,512,8,seeded-bounded-random-walk,none,0,1,3,64,810246,1582.511719,2573,10691721,20882.267578,33912,0.912468438,3419242,6678.207031,0.917236610,0,0.000000,0,-144665,-282.548828,433995,847.646484,144665,282.548828,0.033340870
MODEL-LEVEL EVIDENCE - ideal DoF - NOT WAN measurement,8192,512,8,seeded-bounded-random-walk,none,0,1,3,512,810246,1582.511719,2573,10691721,20882.267578,33912,0.912468438,2398068,4683.726562,0.949828398,0,0.000000,0,-1165839,-2277.029297,3497517,6831.087891,1165839,2277.029297,0.217501473
MODEL-LEVEL EVIDENCE - ideal DoF - NOT WAN measurement,8192,512,8,seeded-bounded-random-walk,none,0,1,8,8,810246,1582.511719,2573,28511256,55686.046875,90432,0.912468438,3547448,6928.609375,0.913035440,0,0.000000,0,-16459,-32.146484,131672,257.171875,16459,32.146484,0.003908793
MODEL-LEVEL EVIDENCE - ideal DoF - NOT WAN measurement,8192,512,8,seeded-bounded-random-walk,none,0,1,8,64,810246,1582.511719,2573,28511256,55686.046875,90432,0.912468438,3419242,6678.207031,0.917236610,0,0.000000,0,-144665,-282.548828,1157320,2260.390625,144665,282.548828,0.033340870
MODEL-LEVEL EVIDENCE - ideal DoF - NOT WAN measurement,8192,512,8,seeded-bounded-random-walk,none,0,1,8,512,810246,1582.511719,2573,28511256,55686.046875,90432,0.912468438,2398068,4683.726562,0.949828398,0,0.000000,0,-1165839,-2277.029297,9326712,18216.234375,1165839,2277.029297,0.217501473
MODEL-LEVEL EVIDENCE - ideal DoF - NOT WAN measurement,8192,512,8,seeded-bounded-random-walk,bec-0.5pct,5,1000,1,8,805582,1573.402344,2692,3506377,6848.392578,11680,0.922161178,3507575,6850.732422,0.922666727,4442,8.675781,16,-16627,-32.474609,16546,32.316406,16629,32.478516,0.003929332
MODEL-LEVEL EVIDENCE - ideal DoF - NOT WAN measurement,8192,512,8,seeded-bounded-random-walk,bec-0.5pct,5,1000,1,64,805582,1573.402344,2692,3506377,6848.392578,11680,0.922161178,3379339,6600.271484,0.926610308,39376,76.906250,128,-144847,-282.904297,144123,281.490234,144865,282.939453,0.033223990
MODEL-LEVEL EVIDENCE - ideal DoF - NOT WAN measurement,8192,512,8,seeded-bounded-random-walk,bec-0.5pct,5,1000,1,512,805582,1573.402344,2692,3506377,6848.392578,11680,0.922161178,2353476,4596.632812,0.955760416,311923,609.224609,1024,-1170719,-2286.560547,1164802,2275.003906,1170728,2286.578125,0.217360339
MODEL-LEVEL EVIDENCE - ideal DoF - NOT WAN measurement,8192,512,8,seeded-bounded-random-walk,bec-0.5pct,5,1000,3,8,807637,1577.416016,2700,10554715,20614.677734,35128,0.922142705,3516678,6868.511719,0.922704646,4608,9.000000,16,-16576,-32.375000,57695,112.685547,16595,32.412109,0.003918814
MODEL-LEVEL EVIDENCE - ideal DoF - NOT WAN measurement,8192,512,8,seeded-bounded-random-walk,bec-0.5pct,5,1000,3,64,807637,1577.416016,2700,10554715,20614.677734,35128,0.922142705,3388454,6618.074219,0.926625802,40287,78.685547,128,-144787,-282.787109,440454,860.261719,144819,282.849609,0.033193106
MODEL-LEVEL EVIDENCE - ideal DoF - NOT WAN measurement,8192,512,8,seeded-bounded-random-walk,bec-0.5pct,5,1000,3,512,807637,1577.416016,2700,10554715,20614.677734,35128,0.922142705,2362588,4614.429688,0.955712537,318607,622.279297,1025,-1170664,-2286.453125,3502771,6841.349609,1170685,2286.494141,0.217244502
MODEL-LEVEL EVIDENCE - ideal DoF - NOT WAN measurement,8192,512,8,seeded-bounded-random-walk,bec-0.5pct,5,1000,8,8,809308,1580.679688,2716,28223113,55123.267578,93649,0.922165430,3524327,6883.451172,0.922716179,4596,8.976562,16,-16658,-32.535156,169525,331.103516,16659,32.537109,0.003932178
MODEL-LEVEL EVIDENCE - ideal DoF - NOT WAN measurement,8192,512,8,seeded-bounded-random-walk,bec-0.5pct,5,1000,8,64,809308,1580.679688,2716,28223113,55123.267578,93649,0.922165430,3396101,6633.009766,0.926628863,41371,80.802734,128,-144854,-282.917969,1190269,2324.744141,144885,282.978516,0.033193892
MODEL-LEVEL EVIDENCE - ideal DoF - NOT WAN measurement,8192,512,8,seeded-bounded-random-walk,bec-0.5pct,5,1000,8,512,809308,1580.679688,2716,28223113,55123.267578,93649,0.922165430,2370198,4629.292969,0.955673152,319621,624.259766,1025,-1170782,-2286.683594,9356554,18274.519531,1170788,2286.695312,0.217186153
MODEL-LEVEL EVIDENCE - ideal DoF - NOT WAN measurement,8192,512,8,seeded-bounded-random-walk,bec-2.0pct,2,100,1,8,825125,1611.572266,2654,3562945,6958.876953,11413,0.931032260,3619696,7069.718750,0.931395867,7638,14.917969,23,-16697,-32.611328,16353,31.939453,16673,32.564453,0.003880209
MODEL-LEVEL EVIDENCE - ideal DoF - NOT WAN measurement,8192,512,8,seeded-bounded-random-walk,bec-2.0pct,2,100,1,64,825125,1611.572266,2654,3562945,6958.876953,11413,0.931032260,3491616,6819.562500,0.934676082,66039,128.982422,190,-144763,-282.740234,141790,276.933594,144753,282.720703,0.032712439
MODEL-LEVEL EVIDENCE - ideal DoF - NOT WAN measurement,8192,512,8,seeded-bounded-random-walk,bec-2.0pct,2,100,1,512,825125,1611.572266,2654,3562945,6958.876953,11413,0.931032260,2467335,4819.013672,0.959389410,532336,1039.718750,1532,-1168990,-2283.183594,1145482,2237.269531,1169034,2283.269531,0.214529402
MODEL-LEVEL EVIDENCE - ideal DoF - NOT WAN measurement,8192,512,8,seeded-bounded-random-walk,bec-2.0pct,2,100,3,8,830374,1621.824219,2703,10775363,21045.630859,34410,0.931033367,3642737,7114.720703,0.931404813,7678,14.996094,22,-16659,-32.537109,66356,129.601562,16663,32.544922,0.003872597
MODEL-LEVEL EVIDENCE - ideal DoF - NOT WAN measurement,8192,512,8,seeded-bounded-random-walk,bec-2.0pct,2,100,3,64,830374,1621.824219,2703,10775363,21045.630859,34410,0.931033367,3514667,6864.583984,0.934664509,66437,129.759766,190,-144799,-282.810547,442738,864.722656,144733,282.681641,0.032664713
MODEL-LEVEL EVIDENCE - ideal DoF - NOT WAN measurement,8192,512,8,seeded-bounded-random-walk,bec-2.0pct,2,100,3,512,830374,1621.824219,2703,10775363,21045.630859,34410,0.931033367,2490310,4863.886719,0.959238222,536362,1047.582031,1529,-1169128,-2283.453125,3454412,6746.898438,1169090,2283.378906,0.214306507
MODEL-LEVEL EVIDENCE - ideal DoF - NOT WAN measurement,8192,512,8,seeded-bounded-random-walk,bec-2.0pct,2,100,8,8,834347,1629.583984,2706,28904178,56453.472656,91969,0.930827363,3660476,7149.367188,0.931280183,7618,14.878906,22,-16680,-32.578125,205958,402.261719,16669,32.556641,0.003870866
MODEL-LEVEL EVIDENCE - ideal DoF - NOT WAN measurement,8192,512,8,seeded-bounded-random-walk,bec-2.0pct,2,100,8,64,834347,1629.583984,2706,28904178,56453.472656,91969,0.930827363,3532383,6899.185547,0.934525601,67737,132.298828,191,-144734,-282.683594,1210033,2363.345703,144762,282.738281,0.032645486
MODEL-LEVEL EVIDENCE - ideal DoF - NOT WAN measurement,8192,512,8,seeded-bounded-random-walk,bec-2.0pct,2,100,8,512,834347,1629.583984,2706,28904178,56453.472656,91969,0.930827363,2508045,4898.525391,0.959085417,541999,1058.591797,1531,-1169110,-2283.417969,9241422,18049.652344,1169100,2283.398438,0.214171755
MODEL-LEVEL EVIDENCE - ideal DoF - NOT WAN measurement,8192,512,8,seeded-bounded-random-walk,ge-short-1.089pct,11,1010,1,8,817842,1597.347656,2668,3551475,6936.474609,11601,0.918969710,3573180,6978.867188,0.919992627,4788,9.351562,16,-16662,-32.542969,16464,32.156250,16630,32.480469,0.003906141
MODEL-LEVEL EVIDENCE - ideal DoF - NOT WAN measurement,8192,512,8,seeded-bounded-random-walk,ge-short-1.089pct,11,1010,1,64,817842,1597.347656,2668,3551475,6936.474609,11601,0.918969710,3444888,6728.296875,0.923916866,39111,76.388672,129,-145085,-283.369141,143496,280.265625,144922,283.050781,0.033044280
MODEL-LEVEL EVIDENCE - ideal DoF - NOT WAN measurement,8192,512,8,seeded-bounded-random-walk,ge-short-1.089pct,11,1010,1,512,817842,1597.347656,2668,3551475,6936.474609,11601,0.918969710,2423378,4733.160156,0.953924235,317029,619.197266,1026,-1166588,-2278.492188,1153993,2253.892578,1166432,2278.187500,0.215718262
MODEL-LEVEL EVIDENCE - ideal DoF - NOT WAN measurement,8192,512,8,seeded-bounded-random-walk,ge-short-1.089pct,11,1010,3,8,832228,1625.445312,2679,10894354,21278.035156,35356,0.917624840,3636529,7102.595703,0.918173835,5188,10.132812,22,-16569,-32.361328,102436,200.070312,16576,32.375000,0.003876730
MODEL-LEVEL EVIDENCE - ideal DoF - NOT WAN measurement,8192,512,8,seeded-bounded-random-walk,ge-short-1.089pct,11,1010,3,64,832228,1625.445312,2679,10894354,21278.035156,35356,0.917624840,3508335,6852.216797,0.922142938,41297,80.658203,130,-145026,-283.253906,483045,943.447266,144770,282.753906,0.032872672
MODEL-LEVEL EVIDENCE - ideal DoF - NOT WAN measurement,8192,512,8,seeded-bounded-random-walk,ge-short-1.089pct,11,1010,3,512,832228,1625.445312,2679,10894354,21278.035156,35356,0.917624840,2486572,4856.585938,0.952197130,343678,671.246094,1030,-1166641,-2278.595703,3514901,6865.041016,1166533,2278.384766,0.215000392
MODEL-LEVEL EVIDENCE - ideal DoF - NOT WAN measurement,8192,512,8,seeded-bounded-random-walk,ge-short-1.089pct,11,1010,8,8,846929,1654.158203,2719,29680877,57970.462891,94666,0.915962616,3702241,7230.939453,0.916439983,5177,10.111328,16,-16727,-32.669922,385015,751.982422,16680,32.578125,0.003888765
MODEL-LEVEL EVIDENCE - ideal DoF - NOT WAN measurement,8192,512,8,seeded-bounded-random-walk,ge-short-1.089pct,11,1010,8,64,846929,1654.158203,2719,29680877,57970.462891,94666,0.915962616,3574104,6980.671875,0.920419960,44599,87.107422,131,-144879,-282.966797,1399085,2732.587891,144817,282.845703,0.032783185
MODEL-LEVEL EVIDENCE - ideal DoF - NOT WAN measurement,8192,512,8,seeded-bounded-random-walk,ge-short-1.089pct,11,1010,8,512,846929,1654.158203,2719,29680877,57970.462891,94666,0.915962616,2552299,4984.958984,0.950734217,355993,695.298828,1032,-1166712,-2278.734375,9484589,18524.587891,1166622,2278.558594,0.214483248
MODEL-LEVEL EVIDENCE - ideal DoF - NOT WAN measurement,8192,512,8,seeded-bounded-random-walk,ge-long-1.089pct,11,1010,1,8,836056,1632.921875,2730,3666090,7160.332031,11656,0.917408110,3692324,7211.570312,0.918577212,4589,8.962891,16,-16810,-32.832031,16678,32.574219,16822,32.855469,0.003950419
MODEL-LEVEL EVIDENCE - ideal DoF - NOT WAN measurement,8192,512,8,seeded-bounded-random-walk,ge-long-1.089pct,11,1010,1,64,836056,1632.921875,2730,3666090,7160.332031,11656,0.917408110,3562630,6958.261719,0.922412440,38261,74.728516,129,-146639,-286.404297,145245,283.681641,146516,286.164062,0.033390338
MODEL-LEVEL EVIDENCE - ideal DoF - NOT WAN measurement,8192,512,8,seeded-bounded-random-walk,ge-long-1.089pct,11,1010,1,512,836056,1632.921875,2730,3666090,7160.332031,11656,0.917408110,2529779,4940.974609,0.951270282,300652,587.210938,1026,-1179593,-2303.892578,1167140,2279.570312,1179367,2303.451172,0.217562191
MODEL-LEVEL EVIDENCE - ideal DoF - NOT WAN measurement,8192,512,8,seeded-bounded-random-walk,ge-long-1.089pct,11,1010,3,8,861465,1682.548828,2800,11481346,22424.503906,35884,0.918399476,3802480,7426.718750,0.919408237,5530,10.800781,22,-16867,-32.943359,198780,388.242188,16883,32.974609,0.003920585
MODEL-LEVEL EVIDENCE - ideal DoF - NOT WAN measurement,8192,512,8,seeded-bounded-random-walk,ge-long-1.089pct,11,1010,3,64,861465,1682.548828,2800,11481346,22424.503906,35884,0.918399476,3672884,7173.601562,0.922993015,43260,84.492188,189,-146734,-286.589844,584024,1140.671875,146479,286.091797,0.033021698
MODEL-LEVEL EVIDENCE - ideal DoF - NOT WAN measurement,8192,512,8,seeded-bounded-random-walk,ge-long-1.089pct,11,1010,3,512,861465,1682.548828,2800,11481346,22424.503906,35884,0.918399476,2639410,5155.097656,0.950319380,328128,640.875000,1032,-1180784,-2306.218750,3653628,7135.992188,1179953,2304.595703,0.215740545
MODEL-LEVEL EVIDENCE - ideal DoF - NOT WAN measurement,8192,512,8,seeded-bounded-random-walk,ge-long-1.089pct,11,1010,8,8,926808,1810.171875,3028,33353677,65143.900391,106495,0.915759566,4092999,7994.138672,0.916097118,8555,16.708984,29,-16653,-32.525391,974686,1903.683594,16864,32.937500,0.003865692
MODEL-LEVEL EVIDENCE - ideal DoF - NOT WAN measurement,8192,512,8,seeded-bounded-random-walk,ge-long-1.089pct,11,1010,8,64,926808,1810.171875,3028,33353677,65143.900391,106495,0.915759566,3963340,7740.898438,0.919482026,48720,95.156250,192,-147391,-287.873047,2001129,3908.455078,146523,286.177734,0.032617653
MODEL-LEVEL EVIDENCE - ideal DoF - NOT WAN measurement,8192,512,8,seeded-bounded-random-walk,ge-long-1.089pct,11,1010,8,512,926808,1810.171875,3028,33353677,65143.900391,106495,0.915759566,2929100,5720.898438,0.945873206,359574,702.292969,1043,-1182750,-2310.058594,10188221,19898.869141,1180763,2306.177734,0.213659471
